#
# A fatal error has been detected by the Java Runtime Environment:
#
#  EXCEPTION_ILLEGAL_INSTRUCTION (0xc000001d) at pc=0x000001742941008a, pid=24092, tid=17464
#
# JRE version: Java(TM) SE Runtime Environment (17.0.12+8) (build 17.0.12+8-LTS-286)
# Java VM: Java HotSpot(TM) 64-Bit Server VM (17.0.12+8-LTS-286, mixed mode, sharing, tiered, compressed oops, compressed class ptrs, g1 gc, windows-amd64)
# Problematic frame:
# v  ~BufferBlob::flush_icache_stub
#
# No core dump will be written. Minidumps are not enabled by default on client versions of Windows
#
# If you would like to submit a bug report, please visit:
#   https://bugreport.java.com/bugreport/crash.jsp
#

---------------  S U M M A R Y ------------

Command Line: --add-opens=java.base/java.lang=ALL-UNNAMED --add-opens=java.base/java.lang.invoke=ALL-UNNAMED --add-opens=java.base/java.util=ALL-UNNAMED --add-opens=java.prefs/java.util.prefs=ALL-UNNAMED --add-exports=jdk.compiler/com.sun.tools.javac.api=ALL-UNNAMED --add-exports=jdk.compiler/com.sun.tools.javac.util=ALL-UNNAMED --add-opens=java.base/java.util=ALL-UNNAMED --add-opens=java.prefs/java.util.prefs=ALL-UNNAMED --add-opens=java.base/java.nio.charset=ALL-UNNAMED --add-opens=java.base/java.net=ALL-UNNAMED --add-opens=java.base/java.util.concurrent.atomic=ALL-UNNAMED --add-opens=java.xml/javax.xml.namespace=ALL-UNNAMED -XX:MaxMetaspaceSize=512m -Xmx2048m -Dfile.encoding=windows-1252 -Duser.country=US -Duser.language=en -Duser.variant -javaagent:C:\Users\Hamza tabani\.gradle\wrapper\dists\gradle-8.13-bin\5xuhj0ry160q40clulazy9h7d\gradle-8.13\lib\agents\gradle-instrumentation-agent-8.13.jar org.gradle.launcher.daemon.bootstrap.GradleDaemon 8.13

Host: Intel(R) Core(TM) i7-4790 CPU @ 3.60GHz, 8 cores, 15G,  Windows 10 , 64 bit Build 19041 (10.0.19041.5915)
Time: Sat Nov 15 02:23:38 2025 Pakistan Standard Time elapsed time: 151.164912 seconds (0d 0h 2m 31s)

---------------  T H R E A D  ---------------

Current thread (0x000001745f33df70):  JavaThread "WorkerExecutor Queue Thread 4" [_thread_in_vm, id=17464, stack(0x00000045a0c00000,0x00000045a0d00000)]

Stack: [0x00000045a0c00000,0x00000045a0d00000],  sp=0x00000045a0cfa948,  free space=1002k
Native frames: (J=compiled Java code, j=interpreted, Vv=VM code, C=native code)
C  0x000001742941008a

Java frames: (J=compiled Java code, j=interpreted, Vv=VM code)
v  ~RuntimeStub::resolve_opt_virtual_call
J 39885 c1 com.android.tools.r8.graph.s4.h()Ljava/util/Collection; (5 bytes) @ 0x0000017425c1e044 [0x0000017425c1dfc0+0x0000000000000084]
j  com.android.tools.r8.graph.w0.<init>(Lcom/android/tools/r8/graph/x0;)V+48
j  com.android.tools.r8.graph.s4$a.<init>(Lcom/android/tools/r8/graph/s4;)V+7
j  com.android.tools.r8.graph.s4.c()Lcom/android/tools/r8/graph/w0;+5
j  com.android.tools.r8.internal.c60.a(Lcom/android/tools/r8/graph/y;Ljava/util/concurrent/ExecutorService;)V+216
j  com.android.tools.r8.D8.d(Lcom/android/tools/r8/utils/j;Lcom/android/tools/r8/utils/w;Ljava/util/concurrent/ExecutorService;)V+284
j  com.android.tools.r8.D8.b(Lcom/android/tools/r8/utils/j;Lcom/android/tools/r8/utils/w;Ljava/util/concurrent/ExecutorService;)V+3
j  com.android.tools.r8.D8$$Lambda$3243+0x000001743c40acd8.run()V+12
j  com.android.tools.r8.internal.Cu.a(Lcom/android/tools/r8/internal/de0;Lcom/android/tools/r8/internal/Cu$a;)V+2
j  com.android.tools.r8.internal.Cu.b(Lcom/android/tools/r8/internal/de0;Lcom/android/tools/r8/internal/Cu$a;)V+2
j  com.android.tools.r8.D8.run(Lcom/android/tools/r8/D8Command;Ljava/util/concurrent/ExecutorService;)V+22
j  com.android.builder.dexing.D8DexArchiveMerger.mergeDexArchives(Ljava/util/List;Ljava/util/List;Ljava/nio/file/Path;Ljava/util/List;Ljava/util/List;Ljava/nio/file/Path;Ljava/util/Collection;Ljava/nio/file/Path;Ljava/nio/file/Path;Ljava/nio/file/Path;)V+455
j  com.android.build.gradle.internal.tasks.DexMergingWorkAction.merge(Lcom/android/build/gradle/internal/tasks/DexMergingTask$SharedParams;Ljava/util/concurrent/ForkJoinPool;Ljava/util/List;Ljava/util/List;Ljava/io/File;Ljava/nio/file/Path;Ljava/nio/file/Path;Ljava/nio/file/Path;)V+502
j  com.android.build.gradle.internal.tasks.DexMergingWorkAction.run()V+369
j  com.android.build.gradle.internal.profile.ProfileAwareWorkAction.execute()V+70
j  org.gradle.workers.internal.DefaultWorkerServer.execute(Lorg/gradle/workers/internal/SimpleActionExecutionSpec;)Lorg/gradle/workers/internal/DefaultWorkResult;+128
j  org.gradle.workers.internal.NoIsolationWorkerFactory$1$1.create()Lorg/gradle/workers/internal/DefaultWorkResult;+29
j  org.gradle.workers.internal.NoIsolationWorkerFactory$1$1.create()Ljava/lang/Object;+1
j  org.gradle.internal.classloader.ClassLoaderUtils.executeInClassloader(Ljava/lang/ClassLoader;Lorg/gradle/internal/Factory;)Ljava/lang/Object;+15
j  org.gradle.workers.internal.NoIsolationWorkerFactory$1.lambda$execute$0(Ljava/lang/ClassLoader;Lorg/gradle/workers/WorkerExecutor;Lorg/gradle/workers/internal/IsolatedParametersActionExecutionSpec;)Lorg/gradle/workers/internal/DefaultWorkResult;+10
j  org.gradle.workers.internal.NoIsolationWorkerFactory$1$$Lambda$2551+0x000001743c0c7750.execute(Lorg/gradle/workers/internal/IsolatedParametersActionExecutionSpec;)Lorg/gradle/workers/internal/DefaultWorkResult;+13
j  org.gradle.workers.internal.AbstractWorker$1.call(Lorg/gradle/internal/operations/BuildOperationContext;)Lorg/gradle/workers/internal/DefaultWorkResult;+8
j  org.gradle.workers.internal.AbstractWorker$1.call(Lorg/gradle/internal/operations/BuildOperationContext;)Ljava/lang/Object;+2
J 14032 c2 org.gradle.internal.operations.DefaultBuildOperationRunner$CallableBuildOperationWorker.execute(Lorg/gradle/internal/operations/BuildOperation;Lorg/gradle/internal/operations/BuildOperationContext;)V (10 bytes) @ 0x0000017429f0698c [0x0000017429f06920+0x000000000000006c]
J 16718 c2 org.gradle.internal.operations.DefaultBuildOperationRunner$2.execute(Lorg/gradle/internal/operations/BuildOperationDescriptor;Lorg/gradle/internal/operations/BuildOperationState;Lorg/gradle/internal/operations/BuildOperationState;Lorg/gradle/internal/operations/DefaultBuildOperationRunner$ReadableBuildOperationContext;Lorg/gradle/internal/operations/DefaultBuildOperationRunner$BuildOperationExecutionListener;)Ljava/lang/Object; (12 bytes) @ 0x000001742a4708b8 [0x000001742a46f2e0+0x00000000000015d8]
J 20582 c2 org.gradle.internal.operations.DefaultBuildOperationRunner.call(Lorg/gradle/internal/operations/CallableBuildOperation;)Ljava/lang/Object; (24 bytes) @ 0x000001742a7a0ed8 [0x000001742a7a05c0+0x0000000000000918]
j  org.gradle.workers.internal.AbstractWorker.executeWrappedInBuildOperation(Lorg/gradle/workers/internal/IsolatedParametersActionExecutionSpec;Lorg/gradle/internal/operations/BuildOperationRef;Lorg/gradle/workers/internal/AbstractWorker$Work;)Lorg/gradle/workers/internal/DefaultWorkResult;+15
j  org.gradle.workers.internal.NoIsolationWorkerFactory$1.execute(Lorg/gradle/workers/internal/IsolatedParametersActionExecutionSpec;Lorg/gradle/internal/operations/BuildOperationRef;)Lorg/gradle/workers/internal/DefaultWorkResult;+17
j  org.gradle.workers.internal.DefaultWorkerExecutor.lambda$submitWork$0(Lorg/gradle/workers/internal/WorkerFactory;Lorg/gradle/workers/internal/WorkerRequirement;Lorg/gradle/workers/internal/IsolatedParametersActionExecutionSpec;Lorg/gradle/internal/operations/BuildOperationRef;)Lorg/gradle/workers/internal/DefaultWorkResult;+13
j  org.gradle.workers.internal.DefaultWorkerExecutor$$Lambda$2549+0x000001743c0c6ac0.call()Ljava/lang/Object;+16
J 14021 c2 java.util.concurrent.FutureTask.run()V java.base@17.0.12 (123 bytes) @ 0x0000017429f29b44 [0x0000017429f298e0+0x0000000000000264]
j  org.gradle.internal.work.DefaultConditionalExecutionQueue$ExecutionRunner.runExecution(Lorg/gradle/internal/work/ConditionalExecution;)V+6
j  org.gradle.internal.work.DefaultConditionalExecutionQueue$ExecutionRunner.access$700(Lorg/gradle/internal/work/DefaultConditionalExecutionQueue$ExecutionRunner;Lorg/gradle/internal/work/ConditionalExecution;)V+2
j  org.gradle.internal.work.DefaultConditionalExecutionQueue$ExecutionRunner$1.run()V+14
j  org.gradle.internal.Factories$1.create()Ljava/lang/Object;+4
J 14638 c1 org.gradle.internal.work.DefaultWorkerLeaseService.withLocks(Ljava/util/Collection;Lorg/gradle/internal/Factory;)Ljava/lang/Object; (53 bytes) @ 0x000001742370df34 [0x000001742370dac0+0x0000000000000474]
J 12953 c1 org.gradle.internal.work.DefaultWorkerLeaseService.runAsWorkerThread(Lorg/gradle/internal/Factory;)Ljava/lang/Object; (37 bytes) @ 0x00000174234d7394 [0x00000174234d6de0+0x00000000000005b4]
j  org.gradle.internal.work.DefaultWorkerLeaseService.runAsWorkerThread(Ljava/lang/Runnable;)V+5
j  org.gradle.internal.work.DefaultConditionalExecutionQueue$ExecutionRunner.runBatch(Lorg/gradle/internal/work/ConditionalExecution;)V+16
j  org.gradle.internal.work.DefaultConditionalExecutionQueue$ExecutionRunner.run()V+11
j  java.util.concurrent.Executors$RunnableAdapter.call()Ljava/lang/Object;+4 java.base@17.0.12
J 14021 c2 java.util.concurrent.FutureTask.run()V java.base@17.0.12 (123 bytes) @ 0x0000017429f29b44 [0x0000017429f298e0+0x0000000000000264]
J 10906 c2 org.gradle.internal.concurrent.ExecutorPolicy$CatchAndRecordFailures.onExecute(Ljava/lang/Runnable;)V (29 bytes) @ 0x0000017429dd01c8 [0x0000017429dd0180+0x0000000000000048]
J 16089 c1 org.gradle.internal.concurrent.AbstractManagedExecutor$1.run()V (57 bytes) @ 0x0000017423a48d3c [0x0000017423a48b80+0x00000000000001bc]
j  java.util.concurrent.ThreadPoolExecutor.runWorker(Ljava/util/concurrent/ThreadPoolExecutor$Worker;)V+92 java.base@17.0.12
j  java.util.concurrent.ThreadPoolExecutor$Worker.run()V+5 java.base@17.0.12
j  java.lang.Thread.run()V+11 java.base@17.0.12
v  ~StubRoutines::call_stub

siginfo: EXCEPTION_ILLEGAL_INSTRUCTION (0xc000001d)


Registers:
RAX=0x0000017425c1e040, RBX=0x000001745ba08d10, RCX=0x0000017425c1e040, RDX=0x0000000000000001
RSP=0x00000045a0cfa948, RBP=0x00000174257a2340, RSI=0x00000174257a2340, RDI=0x000001745ba08d11
R8 =0x0000000000000000, R9 =0x0000017425c1e040, R10=0x0000017421ee0000, R11=0x00000045a0cfa9b0
R12=0x00000045a0cfd1c0, R13=0x0000000000000001, R14=0x000001743c440ef0, R15=0x0000017425c1de10
RIP=0x000001742941008a, EFLAGS=0x0000000000010283


Register to memory mapping:

RIP=0x000001742941008a is at begin+10 in a stub
ICache::flush_icache_stub [0x0000017429410080, 0x000001742941009d] (29 bytes)
RAX=0x0000017425c1e040 is at entry_point+128 in (nmethod*)0x0000017425c1de10
Compiled method (c1)  151185 39885       2       com.android.tools.r8.graph.s4::h (5 bytes)
 total in heap  [0x0000017425c1de10,0x0000017425c1e1f8] = 1000
 relocation     [0x0000017425c1df68,0x0000017425c1dfb0] = 72
 main code      [0x0000017425c1dfc0,0x0000017425c1e0c0] = 256
 stub code      [0x0000017425c1e0c0,0x0000017425c1e118] = 88
 oops           [0x0000017425c1e118,0x0000017425c1e120] = 8
 metadata       [0x0000017425c1e120,0x0000017425c1e138] = 24
 scopes data    [0x0000017425c1e138,0x0000017425c1e168] = 48
 scopes pcs     [0x0000017425c1e168,0x0000017425c1e1d8] = 112
 dependencies   [0x0000017425c1e1d8,0x0000017425c1e1e0] = 8
 nul chk table  [0x0000017425c1e1e0,0x0000017425c1e1f8] = 24
RBX=0x000001745ba08d10 points into unknown readable memory: 0x000001745ba08d70 | 70 8d a0 5b 74 01 00 00
RCX=0x0000017425c1e040 is at entry_point+128 in (nmethod*)0x0000017425c1de10
Compiled method (c1)  151192 39885       2       com.android.tools.r8.graph.s4::h (5 bytes)
 total in heap  [0x0000017425c1de10,0x0000017425c1e1f8] = 1000
 relocation     [0x0000017425c1df68,0x0000017425c1dfb0] = 72
 main code      [0x0000017425c1dfc0,0x0000017425c1e0c0] = 256
 stub code      [0x0000017425c1e0c0,0x0000017425c1e118] = 88
 oops           [0x0000017425c1e118,0x0000017425c1e120] = 8
 metadata       [0x0000017425c1e120,0x0000017425c1e138] = 24
 scopes data    [0x0000017425c1e138,0x0000017425c1e168] = 48
 scopes pcs     [0x0000017425c1e168,0x0000017425c1e1d8] = 112
 dependencies   [0x0000017425c1e1d8,0x0000017425c1e1e0] = 8
 nul chk table  [0x0000017425c1e1e0,0x0000017425c1e1f8] = 24
RDX=0x0000000000000001 is an unknown value
RSP=0x00000045a0cfa948 is pointing into the stack for thread: 0x000001745f33df70
RBP=0x00000174257a2340 is at entry_point+32 in (nmethod*)0x00000174257a2090
Compiled method (c1)  151197 41057       3       com.android.tools.r8.internal.Kc::a (102 bytes)
 total in heap  [0x00000174257a2090,0x00000174257a36d0] = 5696
 relocation     [0x00000174257a21e8,0x00000174257a2320] = 312
 main code      [0x00000174257a2320,0x00000174257a31e0] = 3776
 stub code      [0x00000174257a31e0,0x00000174257a3288] = 168
 oops           [0x00000174257a3288,0x00000174257a3290] = 8
 metadata       [0x00000174257a3290,0x00000174257a32d0] = 64
 scopes data    [0x00000174257a32d0,0x00000174257a3430] = 352
 scopes pcs     [0x00000174257a3430,0x00000174257a3670] = 576
 dependencies   [0x00000174257a3670,0x00000174257a3678] = 8
 nul chk table  [0x00000174257a3678,0x00000174257a36d0] = 88
RSI=0x00000174257a2340 is at entry_point+32 in (nmethod*)0x00000174257a2090
Compiled method (c1)  151197 41057       3       com.android.tools.r8.internal.Kc::a (102 bytes)
 total in heap  [0x00000174257a2090,0x00000174257a36d0] = 5696
 relocation     [0x00000174257a21e8,0x00000174257a2320] = 312
 main code      [0x00000174257a2320,0x00000174257a31e0] = 3776
 stub code      [0x00000174257a31e0,0x00000174257a3288] = 168
 oops           [0x00000174257a3288,0x00000174257a3290] = 8
 metadata       [0x00000174257a3290,0x00000174257a32d0] = 64
 scopes data    [0x00000174257a32d0,0x00000174257a3430] = 352
 scopes pcs     [0x00000174257a3430,0x00000174257a3670] = 576
 dependencies   [0x00000174257a3670,0x00000174257a3678] = 8
 nul chk table  [0x00000174257a3678,0x00000174257a36d0] = 88
RDI=0x000001745ba08d11 points into unknown readable memory: 8d a0 5b 74 01 00 00
R8 =0x0 is NULL
R9 =0x0000017425c1e040 is at entry_point+128 in (nmethod*)0x0000017425c1de10
Compiled method (c1)  151201 39885       2       com.android.tools.r8.graph.s4::h (5 bytes)
 total in heap  [0x0000017425c1de10,0x0000017425c1e1f8] = 1000
 relocation     [0x0000017425c1df68,0x0000017425c1dfb0] = 72
 main code      [0x0000017425c1dfc0,0x0000017425c1e0c0] = 256
 stub code      [0x0000017425c1e0c0,0x0000017425c1e118] = 88
 oops           [0x0000017425c1e118,0x0000017425c1e120] = 8
 metadata       [0x0000017425c1e120,0x0000017425c1e138] = 24
 scopes data    [0x0000017425c1e138,0x0000017425c1e168] = 48
 scopes pcs     [0x0000017425c1e168,0x0000017425c1e1d8] = 112
 dependencies   [0x0000017425c1e1d8,0x0000017425c1e1e0] = 8
 nul chk table  [0x0000017425c1e1e0,0x0000017425c1e1f8] = 24
R10=0x0000017421ee0000 points into unknown readable memory: 0x0000000000000023 | 23 00 00 00 00 00 00 00
R11=0x00000045a0cfa9b0 is pointing into the stack for thread: 0x000001745f33df70
R12=0x00000045a0cfd1c0 is pointing into the stack for thread: 0x000001745f33df70
R13=0x0000000000000001 is an unknown value
R14=0x000001743c440ef0 is a pointer to class: 
com.android.tools.r8.internal.J60 {0x000001743c440ef8}
 - instance size:     3
 - klass size:        68
 - access:            public final 
 - state:             fully_initialized
 - name:              'com/android/tools/r8/internal/J60'
 - super:             'com/android/tools/r8/internal/Kc'
 - sub:               
 - arrays:            NULL
 - methods:           Array<T>(0x00000174645057c0)
 - method ordering:   Array<T>(0x000001743a8fb090)
 - default_methods:   Array<T>(0x0000000000000000)
 - local interfaces:  Array<T>(0x000001743a5d1ef0)
 - trans. interfaces: Array<T>(0x000001743a5d1ef0)
 - constants:         constant pool [250]/operands[21] {0x0000017464504ec0} for 'com/android/tools/r8/internal/J60' cache=0x0000017464508000
 - class loader data:  loader data: 0x000001745c48dc80 for instance a 'org/gradle/internal/classloader/VisitableURLClassLoader$InstrumentingVisitableURLClassLoader'{0x000000008366ec00}
 - source file:       'R8_8.8.34_421f63dea2f3c9bbf9a8d383360041ec06b79b9d288a7e85d7250ba9d1db770b'
 - class annotations:       Array<T>(0x0000000000000000)
 - class type annotations:  Array<T>(0x0000000000000000)
 - field annotations:       Array<T>(0x0000000000000000)
 - field type annotations:  Array<T>(0x0000000000000000)
 - inner classes:     Array<T>(0x000001743a5d1e80)
 - nest members:     Array<T>(0x000001743a5d1e80)
 - permitted subclasses:     Array<T>(0x000001743a5d1e80)
 - java mirror:       a 'java/lang/Class'{0x0000000082f5b5f8} = 'com/android/tools/r8/internal/J60'
 - vtable length      8  (start addr: 0x000001743c4410b8)
 - itable length      2 (start addr: 0x000001743c4410f8)
 - ---- static fields (1 words):
 - public static final synthetic 'e' 'Z' @112 
 - ---- non-static fields (3 words):
 - public final 'a' 'Ljava/util/Map;' @12 
 - public final 'b' 'Ljava/util/concurrent/atomic/AtomicReference;' @16 
 - public final 'd' 'Lcom/android/tools/r8/dex/b;' @20 
 - non-static oop maps: 12-20 
R15=0x0000017425c1de10 is at entry_point+-432 in (nmethod*)0x0000017425c1de10
Compiled method (c1)  151213 39885       2       com.android.tools.r8.graph.s4::h (5 bytes)
 total in heap  [0x0000017425c1de10,0x0000017425c1e1f8] = 1000
 relocation     [0x0000017425c1df68,0x0000017425c1dfb0] = 72
 main code      [0x0000017425c1dfc0,0x0000017425c1e0c0] = 256
 stub code      [0x0000017425c1e0c0,0x0000017425c1e118] = 88
 oops           [0x0000017425c1e118,0x0000017425c1e120] = 8
 metadata       [0x0000017425c1e120,0x0000017425c1e138] = 24
 scopes data    [0x0000017425c1e138,0x0000017425c1e168] = 48
 scopes pcs     [0x0000017425c1e168,0x0000017425c1e1d8] = 112
 dependencies   [0x0000017425c1e1d8,0x0000017425c1e1e0] = 8
 nul chk table  [0x0000017425c1e1e0,0x0000017425c1e1f8] = 24


Top of Stack: (sp=0x00000045a0cfa948)
0x00000045a0cfa948:   00007ff822b2c52b 000001745ba08d10
0x00000045a0cfa958:   00000174257a2340 0000017425c1e0c0
0x00000045a0cfa968:   0000017425c1dfc0 00000045a0cfaa00
0x00000045a0cfa978:   00007ff822b2c999 000001745ba08d10
0x00000045a0cfa988:   00000045a0cfaa08 0000017400000000
0x00000045a0cfa998:   00000045a0cfab10 0000017425c1de10
0x00000045a0cfa9a8:   0000000000000000 00000174257a2090
0x00000045a0cfa9b8:   00007ff822fe3efe 00000045a0cfaa51
0x00000045a0cfa9c8:   00000045a0cfab10 000001745ba08d10
0x00000045a0cfa9d8:   00000045a0cfab10 0003000300030001
0x00000045a0cfa9e8:   00000045a0cfaa00 000001745f33df70
0x00000045a0cfa9f8:   0000000000000000 00000174257a2340
0x00000045a0cfaa08:   0000000000000000 0000000000000100
0x00000045a0cfaa18:   000001745f33df01 0000000000000000
0x00000045a0cfaa28:   0000000000000000 0000aed6543e3411
0x00000045a0cfaa38:   0000017425c1de10 0000017418e038d0 

Instructions: (pc=0x000001742941008a)
0x000001742940ff8a:   ?? ?? ?? ?? ?? ?? ?? ?? ?? ?? ?? ?? ?? ?? ?? ??
0x000001742940ff9a:   ?? ?? ?? ?? ?? ?? ?? ?? ?? ?? ?? ?? ?? ?? ?? ??
0x000001742940ffaa:   ?? ?? ?? ?? ?? ?? ?? ?? ?? ?? ?? ?? ?? ?? ?? ??
0x000001742940ffba:   ?? ?? ?? ?? ?? ?? ?? ?? ?? ?? ?? ?? ?? ?? ?? ??
0x000001742940ffca:   ?? ?? ?? ?? ?? ?? ?? ?? ?? ?? ?? ?? ?? ?? ?? ??
0x000001742940ffda:   ?? ?? ?? ?? ?? ?? ?? ?? ?? ?? ?? ?? ?? ?? ?? ??
0x000001742940ffea:   ?? ?? ?? ?? ?? ?? ?? ?? ?? ?? ?? ?? ?? ?? ?? ??
0x000001742940fffa:   ?? ?? ?? ?? ?? ?? 06 00 00 00 00 00 00 00 01 00
0x000001742941000a:   00 00 00 00 00 00 50 e4 1d 23 f8 7f 00 00 00 00
0x000001742941001a:   00 00 b0 00 00 00 68 00 00 00 ff ff ff ff b0 00
0x000001742941002a:   00 00 00 00 00 00 80 00 41 29 74 01 00 00 c0 00
0x000001742941003a:   41 29 74 01 00 00 80 00 41 29 74 01 00 00 c0 00
0x000001742941004a:   41 29 74 01 00 00 78 00 41 29 74 01 00 00 78 00
0x000001742941005a:   41 29 74 01 00 00 00 00 00 00 00 00 00 00 00 00
0x000001742941006a:   00 00 00 00 00 00 68 82 20 23 f8 7f 00 00 00 00
0x000001742941007a:   00 00 00 00 00 00 85 d2 0f 84 11 00 00 00 0f ae
0x000001742941008a:   f0 0f ae 39 48 83 c1 40 ff ca 75 f5 0f ae f0 49
0x000001742941009a:   8b c0 c3 00 00 00 00 00 00 00 00 00 00 00 00 00
0x00000174294100aa:   00 00 00 00 00 00 00 00 00 00 00 00 00 00 00 00
0x00000174294100ba:   00 00 00 00 00 00 00 00 00 00 00 00 00 00 00 00
0x00000174294100ca:   00 00 00 00 00 00 00 00 00 00 00 00 00 00 00 00
0x00000174294100da:   00 00 00 00 00 00 00 00 00 00 00 00 00 00 00 00
0x00000174294100ea:   00 00 00 00 00 00 00 00 00 00 00 00 00 00 00 00
0x00000174294100fa:   00 00 00 00 00 00 00 00 00 00 00 00 00 00 00 00
0x000001742941010a:   00 00 00 00 00 00 00 00 00 00 00 00 00 00 00 00
0x000001742941011a:   00 00 00 00 00 00 00 00 00 00 00 00 00 00 00 00
0x000001742941012a:   00 00 00 00 00 00 00 00 00 00 00 00 00 00 00 00
0x000001742941013a:   00 00 00 00 00 00 00 00 00 00 00 00 00 00 00 00
0x000001742941014a:   00 00 00 00 00 00 00 00 00 00 00 00 00 00 00 00
0x000001742941015a:   00 00 00 00 00 00 00 00 00 00 00 00 00 00 00 00
0x000001742941016a:   00 00 00 00 00 00 00 00 00 00 00 00 00 00 00 00
0x000001742941017a:   00 00 00 00 00 00 00 00 00 00 00 00 00 00 00 00 


Stack slot to memory mapping:
stack at sp + 0 slots: 0x00007ff822b2c52b jvm.dll
stack at sp + 1 slots: 0x000001745ba08d10 points into unknown readable memory: 0x000001745ba08d70 | 70 8d a0 5b 74 01 00 00
stack at sp + 2 slots: 0x00000174257a2340 is at entry_point+32 in (nmethod*)0x00000174257a2090
Compiled method (c1)  151228 41057       3       com.android.tools.r8.internal.Kc::a (102 bytes)
 total in heap  [0x00000174257a2090,0x00000174257a36d0] = 5696
 relocation     [0x00000174257a21e8,0x00000174257a2320] = 312
 main code      [0x00000174257a2320,0x00000174257a31e0] = 3776
 stub code      [0x00000174257a31e0,0x00000174257a3288] = 168
 oops           [0x00000174257a3288,0x00000174257a3290] = 8
 metadata       [0x00000174257a3290,0x00000174257a32d0] = 64
 scopes data    [0x00000174257a32d0,0x00000174257a3430] = 352
 scopes pcs     [0x00000174257a3430,0x00000174257a3670] = 576
 dependencies   [0x00000174257a3670,0x00000174257a3678] = 8
 nul chk table  [0x00000174257a3678,0x00000174257a36d0] = 88
stack at sp + 3 slots: 0x0000017425c1e0c0 is at entry_point+256 in (nmethod*)0x0000017425c1de10
Compiled method (c1)  151228 39885       2       com.android.tools.r8.graph.s4::h (5 bytes)
 total in heap  [0x0000017425c1de10,0x0000017425c1e1f8] = 1000
 relocation     [0x0000017425c1df68,0x0000017425c1dfb0] = 72
 main code      [0x0000017425c1dfc0,0x0000017425c1e0c0] = 256
 stub code      [0x0000017425c1e0c0,0x0000017425c1e118] = 88
 oops           [0x0000017425c1e118,0x0000017425c1e120] = 8
 metadata       [0x0000017425c1e120,0x0000017425c1e138] = 24
 scopes data    [0x0000017425c1e138,0x0000017425c1e168] = 48
 scopes pcs     [0x0000017425c1e168,0x0000017425c1e1d8] = 112
 dependencies   [0x0000017425c1e1d8,0x0000017425c1e1e0] = 8
 nul chk table  [0x0000017425c1e1e0,0x0000017425c1e1f8] = 24
stack at sp + 4 slots: 0x0000017425c1dfc0 is at entry_point+0 in (nmethod*)0x0000017425c1de10
Compiled method (c1)  151228 39885       2       com.android.tools.r8.graph.s4::h (5 bytes)
 total in heap  [0x0000017425c1de10,0x0000017425c1e1f8] = 1000
 relocation     [0x0000017425c1df68,0x0000017425c1dfb0] = 72
 main code      [0x0000017425c1dfc0,0x0000017425c1e0c0] = 256
 stub code      [0x0000017425c1e0c0,0x0000017425c1e118] = 88
 oops           [0x0000017425c1e118,0x0000017425c1e120] = 8
 metadata       [0x0000017425c1e120,0x0000017425c1e138] = 24
 scopes data    [0x0000017425c1e138,0x0000017425c1e168] = 48
 scopes pcs     [0x0000017425c1e168,0x0000017425c1e1d8] = 112
 dependencies   [0x0000017425c1e1d8,0x0000017425c1e1e0] = 8
 nul chk table  [0x0000017425c1e1e0,0x0000017425c1e1f8] = 24
stack at sp + 5 slots: 0x00000045a0cfaa00 is pointing into the stack for thread: 0x000001745f33df70
stack at sp + 6 slots: 0x00007ff822b2c999 jvm.dll
stack at sp + 7 slots: 0x000001745ba08d10 points into unknown readable memory: 0x000001745ba08d70 | 70 8d a0 5b 74 01 00 00

ICache::flush_icache_stub [0x0000017429410080, 0x000001742941009d] (29 bytes)
[MachCode]
  0x0000017429410080: 85d2 0f84 | 1100 0000 | 0fae f00f | ae39 4883 | c140 ffca | 75f5 0fae | f049 8bc0 | 
[/MachCode]
--------------------------------------------------------------------------------
Decoding CodeBlob, name: resolve_opt_virtual_call, at  [0x000001742945cd80, 0x000001742945cf40]  448 bytes
[MachCode]
  0x000001742945cd80: 5548 8bec | 9c48 83ec | 0848 81ec | 8000 0000 | 4889 4424 | 7848 894c | 2470 4889 | 5424 6848 
  0x000001742945cda0: 895c 2460 | 4889 6c24 | 5048 8974 | 2448 4889 | 7c24 404c | 8944 2438 | 4c89 4c24 | 304c 8954 
  0x000001742945cdc0: 2428 4c89 | 5c24 204c | 8964 2418 | 4c89 6c24 | 104c 8974 | 2408 4c89 | 3c24 4881 | ec80 0a00 
  0x000001742945cde0: 0048 0fae | 0424 c5f8 | 7748 83ec | 20c5 f877 | 4989 a790 | 0200 0049 | 8bcf 49ba | 0037 fe22 
  0x000001742945ce00: f87f 0000 | 41ff d249 | c787 9002 | 0000 0000 | 0000 49c7 | 8798 0200 | 0000 0000 | 00c5 f877 
  0x000001742945ce20: 4981 7f08 | 0000 0000 | 0f85 8e00 | 0000 498b | 9ff0 0200 | 0049 c787 | f002 0000 | 0000 0000 
  0x000001742945ce40: 4889 9c24 | 000b 0000 | 4889 8424 | 180b 0000 | 4883 c420 | c5f8 7748 | 0fae 0c24 | 4881 c480 
  0x000001742945ce60: 0a00 004c | 8b3c 244c | 8b74 2408 | 4c8b 6c24 | 104c 8b64 | 2418 4c8b | 5c24 204c | 8b54 2428 
  0x000001742945ce80: 4c8b 4c24 | 304c 8b44 | 2438 488b | 7c24 4048 | 8b74 2448 | 488b 6c24 | 5048 8b5c | 2460 488b 
  0x000001742945cea0: 5424 6848 | 8b4c 2470 | 488b 4424 | 7848 81c4 | 8000 0000 | 4883 c408 | 9d5d ffe0 | 4883 c420 
  0x000001742945cec0: c5f8 7748 | 0fae 0c24 | 4881 c480 | 0a00 004c | 8b3c 244c | 8b74 2408 | 4c8b 6c24 | 104c 8b64 
  0x000001742945cee0: 2418 4c8b | 5c24 204c | 8b54 2428 | 4c8b 4c24 | 304c 8b44 | 2438 488b | 7c24 4048 | 8b74 2448 
  0x000001742945cf00: 488b 6c24 | 5048 8b5c | 2460 488b | 5424 6848 | 8b4c 2470 | 488b 4424 | 7848 81c4 | 8000 0000 
  0x000001742945cf20: 4883 c408 | 9d5d 49c7 | 87e8 0200 | 0000 0000 | 0049 8b47 | 08e9 c63f | fbff f4f4 | f4f4 f4f4 
[/MachCode]
--------------------------------------------------------------------------------


Compiled method (c1)  151255 39885       2       com.android.tools.r8.graph.s4::h (5 bytes)
 total in heap  [0x0000017425c1de10,0x0000017425c1e1f8] = 1000
 relocation     [0x0000017425c1df68,0x0000017425c1dfb0] = 72
 main code      [0x0000017425c1dfc0,0x0000017425c1e0c0] = 256
 stub code      [0x0000017425c1e0c0,0x0000017425c1e118] = 88
 oops           [0x0000017425c1e118,0x0000017425c1e120] = 8
 metadata       [0x0000017425c1e120,0x0000017425c1e138] = 24
 scopes data    [0x0000017425c1e138,0x0000017425c1e168] = 48
 scopes pcs     [0x0000017425c1e168,0x0000017425c1e1d8] = 112
 dependencies   [0x0000017425c1e1d8,0x0000017425c1e1e0] = 8
 nul chk table  [0x0000017425c1e1e0,0x0000017425c1e1f8] = 24

[Constant Pool (empty)]

[MachCode]
[Entry Point]
  # {method} {0x000001746b01bc20} 'h' '()Ljava/util/Collection;' in 'com/android/tools/r8/graph/s4'
  #           [sp+0x70]  (sp of caller)
  0x0000017425c1dfc0: 448b 5208 | 49bb 0000 | 003a 7401 | 0000 4d03 | d34c 3bd0 

  0x0000017425c1dfd4: ;   {runtime_call ic_miss_stub}
  0x0000017425c1dfd4: 0f85 a6ea | 8303 660f | 1f44 0000 
[Verified Entry Point]
  0x0000017425c1dfe0: 8984 2400 | 90ff ff55 | 4883 ec60 | 49b8 58c3 | 346b 7401 | 0000 418b | 7008 83c6 | 0241 8970 
  0x0000017425c1e000: 0881 e6fe | 0f00 0083 | fe00 0f84 | 4700 0000 | 8b72 2448 

  0x0000017425c1e014: ;   {oop(a 'com/android/tools/r8/graph/s4$$Lambda$3472+0x000001743c4e1220'{0x0000000082f3ce58})}
  0x0000017425c1e014: 3b06 49b8 | 58ce f382 | 0000 0000 | 4889 5424 | 5048 8bd6 | 0f1f 8000 

  0x0000017425c1e02c: ;   {optimized virtual_call}
  0x0000017425c1e02c: 0000 00e8 

  0x0000017425c1e030: ; ImmutableOopMap {[80]=Oop }
                      ;*invokevirtual a {reexecute=0 rethrow=0 return_oop=0}
                      ; - com.android.tools.r8.graph.s4::k@10 (line 1)
                      ; - com.android.tools.r8.graph.s4::h@1 (line 1)
  0x0000017425c1e030: 9100 0000 | 488b 5424 | 508b 5224 

  0x0000017425c1e03c: ; implicit exception: dispatches to 0x0000017425c1e07a
                      ;   {optimized virtual_call}
  0x0000017425c1e03c: 483b 02e8 

  0x0000017425c1e040: ; ImmutableOopMap {}
                      ;*invokevirtual a {reexecute=0 rethrow=0 return_oop=0}
                      ; - com.android.tools.r8.graph.s4::k@16 (line 2)
                      ; - com.android.tools.r8.graph.s4::h@1 (line 1)
  0x0000017425c1e040: 3c42 b8ff | 4883 c460 

  0x0000017425c1e048: ;   {poll_return}
  0x0000017425c1e048: 5d49 3ba7 | 4803 0000 | 0f87 2900 

  0x0000017425c1e054: ;   {metadata({method} {0x000001746b01bc20} 'h' '()Ljava/util/Collection;' in 'com/android/tools/r8/graph/s4')}
  0x0000017425c1e054: 0000 c349 | ba18 bc01 | 6b74 0100 | 004c 8954 | 2408 48c7 | 0424 ffff 

  0x0000017425c1e06c: ;   {runtime_call counter_overflow Runtime1 stub}
  0x0000017425c1e06c: ffff e80d 

  0x0000017425c1e070: ; ImmutableOopMap {rdx=Oop }
                      ;*synchronization entry
                      ; - com.android.tools.r8.graph.s4::h@-1
  0x0000017425c1e070: d18e 03eb 

  0x0000017425c1e074: ;   {runtime_call throw_null_pointer_exception Runtime1 stub}
  0x0000017425c1e074: 9be8 2680 

  0x0000017425c1e078: ; ImmutableOopMap {rdx=Oop rsi=Oop }
                      ;*invokevirtual a {reexecute=0 rethrow=0 return_oop=0}
                      ; - com.android.tools.r8.graph.s4::k@10 (line 1)
                      ; - com.android.tools.r8.graph.s4::h@1 (line 1)
                      ;   {runtime_call throw_null_pointer_exception Runtime1 stub}
  0x0000017425c1e078: 8e03 e821 

  0x0000017425c1e07c: ; ImmutableOopMap {rdx=Oop }
                      ;*invokevirtual a {reexecute=0 rethrow=0 return_oop=0}
                      ; - com.android.tools.r8.graph.s4::k@16 (line 2)
                      ; - com.android.tools.r8.graph.s4::h@1 (line 1)
                      ;   {internal_word}
  0x0000017425c1e07c: 808e 0349 | ba49 e0c1 | 2574 0100 | 004d 8997 | 6003 0000 

  0x0000017425c1e090: ;   {runtime_call SafepointBlob}
  0x0000017425c1e090: e96b 5384 | 0390 9049 | 8b87 d803 | 0000 49c7 | 87d8 0300 | 0000 0000 | 0049 c787 | e003 0000 
  0x0000017425c1e0b0: 0000 0000 | 4883 c460 

  0x0000017425c1e0b8: ;   {runtime_call unwind_exception Runtime1 stub}
  0x0000017425c1e0b8: 5de9 c293 | 8503 f4f4 
[Stub Code]
  0x0000017425c1e0c0: ;   {no_reloc}
  0x0000017425c1e0c0: 0f1f 4400 

  0x0000017425c1e0c4: ;   {static_stub}
  0x0000017425c1e0c4: 0048 bb28 | 7650 6474 

  0x0000017425c1e0cc: ;   {runtime_call I2C/C2I adapters}
  0x0000017425c1e0cc: 0100 00e9 | 893f 8403 

  0x0000017425c1e0d4: ;   {static_stub}
  0x0000017425c1e0d4: 9048 bb00 | 0000 0000 

  0x0000017425c1e0dc: ;   {runtime_call}
  0x0000017425c1e0dc: 0000 00e9 | fbff ffff 
[Exception Handler]
  0x0000017425c1e0e4: ;   {runtime_call handle_exception_from_callee Runtime1 stub}
  0x0000017425c1e0e4: e897 9d8e 

  0x0000017425c1e0e8: ;   {external_word}
  0x0000017425c1e0e8: 0348 b990 | f01c 23f8 | 7f00 0048 

  0x0000017425c1e0f4: ;   {runtime_call}
  0x0000017425c1e0f4: 83e4 f049 | ba20 ffea | 22f8 7f00 | 0041 ffd2 

  0x0000017425c1e104: ;   {section_word}
  0x0000017425c1e104: f449 ba05 | e1c1 2574 | 0100 0041 

  0x0000017425c1e110: ;   {runtime_call DeoptimizationBlob}
  0x0000017425c1e110: 52e9 8a45 | 8403 f4f4 
[/MachCode]


---------------  P R O C E S S  ---------------

Threads class SMR info:
_java_thread_list=0x00000174677b6af0, length=185, elements={
0x0000017418e14340, 0x0000017439018150, 0x0000017439018a20, 0x000001743902f0d0,
0x000001743902f9a0, 0x0000017439031280, 0x0000017439031b50, 0x000001743903f2e0,
0x0000017439047cb0, 0x00000174390485c0, 0x0000017439002da0, 0x0000017439304cd0,
0x000001745a272f50, 0x0000017459fa9300, 0x000001745a57bd30, 0x0000017459053710,
0x000001745942e2a0, 0x000001745942dd90, 0x000001745a4ca820, 0x000001745a4c7fa0,
0x000001745a4c7a90, 0x000001745a4c89c0, 0x000001745a4ca310, 0x000001745a4c98f0,
0x000001745b7451f0, 0x000001745b746120, 0x000001745c3d0c70, 0x000001745c3d1180,
0x000001745c3cc080, 0x000001745c3ccaa0, 0x000001745c3ca730, 0x000001745f342b60,
0x000001745f343580, 0x000001745f341c30, 0x000001745f342140, 0x000001745f33f3b0,
0x000001745f33d040, 0x000001745f33d550, 0x000001745c436df0, 0x000001745c437300,
0x000001745c43a5a0, 0x000001745c43a090, 0x000001745c4363d0, 0x000001745c43afc0,
0x000001745c435ec0, 0x000001745c437810, 0x000001745c437d20, 0x000001745c4359b0,
0x000001745c439160, 0x000001745c4354a0, 0x000001745c434f90, 0x000001745c438230,
0x000001745c43aab0, 0x000001745c43b4d0, 0x000001745c438740, 0x000001745c434060,
0x000001745c438c50, 0x000001745c439670, 0x000001745c43b9e0, 0x000001745c434a80,
0x000001745c3cd4c0, 0x000001745c3c9d10, 0x000001745c3cac40, 0x000001745c3cdee0,
0x000001745c3d1690, 0x000001745c3ca220, 0x000001745c3cb660, 0x000001745c3cfd40,
0x000001745c3ce900, 0x000001745c3cee10, 0x000001745c3d0250, 0x000001745c3cf830,
0x000001745c3d0760, 0x000001745c3cbb70, 0x000001745c3cf320, 0x0000017460575fd0,
0x0000017460578d60, 0x0000017460577920, 0x0000017460577410, 0x0000017460579c90,
0x0000017460574680, 0x00000174605750a0, 0x0000017460577e30, 0x0000017460579270,
0x0000017460578340, 0x000001746057a6b0, 0x0000017460578850, 0x0000017460579780,
0x000001746057abc0, 0x00000174605764e0, 0x000001746057b5e0, 0x000001746057c000,
0x000001745f33e990, 0x000001745f33f8c0, 0x000001745f343070, 0x000001745f3407f0,
0x000001745f33fdd0, 0x000001745f33c110, 0x000001745f33c620, 0x000001745f3402e0,
0x000001745b746b40, 0x000001745b747050, 0x000001745b7442c0, 0x000001745b747560,
0x000001745b7447d0, 0x000001745b743db0, 0x000001745a4c84b0, 0x000001745a4c93e0,
0x000001745a4c7070, 0x000001745a4c7580, 0x000001745942e7b0, 0x000001745942ecc0,
0x000001745942d370, 0x000001745942d880, 0x000001745d096690, 0x000001745d094d40,
0x000001745d095250, 0x000001745d0924c0, 0x000001745d091590, 0x000001745d093e10,
0x000001745d094320, 0x000001745d0970b0, 0x000001745d094830, 0x000001745d095760,
0x000001745d090660, 0x000001745d091fb0, 0x000001745d0929d0, 0x000001745d095c70,
0x000001745d096ba0, 0x000001745d096180, 0x000001745d08fc40, 0x000001745d0975c0,
0x000001745d090150, 0x000001745d090b70, 0x000001745d091080, 0x000001745d091aa0,
0x000001745d0933f0, 0x000001745d092ee0, 0x000001745d093900, 0x000001745bbe0ed0,
0x000001745bbe3c60, 0x000001745bbe09c0, 0x000001745bbe2820, 0x000001745f343a90,
0x000001745f33df70, 0x000001745f840850, 0x000001745f8426b0, 0x0000017467004ab0,
0x000001745e5fe3c0, 0x000001745f0fe350, 0x000001745f0fe860, 0x000001745e5ff2f0,
0x000001745e5fe8d0, 0x000001745e5fede0, 0x000001745f0ff280, 0x000001745f0fed70,
0x000001746660d8e0, 0x0000017467aae260, 0x0000017467aae770, 0x00000174654fbdf0,
0x00000174654fb3d0, 0x000001746660ddf0, 0x000001746660c9b0, 0x0000017467004fc0,
0x00000174670054d0, 0x00000174654f9060, 0x0000017467aad330, 0x0000017465645c30,
0x00000174670045a0, 0x0000017467aadd50, 0x000001746660d3d0, 0x0000017467004090,
0x0000017465645720, 0x00000174668f6560, 0x000001745fd544c0, 0x000001745fd59f10,
0x000001746a130420, 0x000001745f83ef00, 0x000001746660ab50, 0x000001745f843af0,
0x000001746732ac90, 0x0000017467ab00c0, 0x00000174654f9f90, 0x0000017467329850,
0x000001746660b570
}
_to_delete_list=0x00000174679eea00, length=184, elements={
0x0000017418e14340, 0x0000017439018150, 0x0000017439018a20, 0x000001743902f0d0,
0x000001743902f9a0, 0x0000017439031280, 0x0000017439031b50, 0x000001743903f2e0,
0x0000017439047cb0, 0x00000174390485c0, 0x0000017439002da0, 0x0000017439304cd0,
0x000001745a272f50, 0x0000017459fa9300, 0x000001745a57bd30, 0x0000017459053710,
0x000001745942e2a0, 0x000001745942dd90, 0x000001745a4ca820, 0x000001745a4c7fa0,
0x000001745a4c7a90, 0x000001745a4c89c0, 0x000001745a4ca310, 0x000001745a4c98f0,
0x000001745b7451f0, 0x000001745b746120, 0x000001745c3d0c70, 0x000001745c3d1180,
0x000001745c3cc080, 0x000001745c3ccaa0, 0x000001745c3ca730, 0x000001745f342b60,
0x000001745f343580, 0x000001745f341c30, 0x000001745f342140, 0x000001745f33f3b0,
0x000001745f33d040, 0x000001745f33d550, 0x000001745c436df0, 0x000001745c437300,
0x000001745c43a5a0, 0x000001745c43a090, 0x000001745c4363d0, 0x000001745c43afc0,
0x000001745c435ec0, 0x000001745c437810, 0x000001745c437d20, 0x000001745c4359b0,
0x000001745c439160, 0x000001745c4354a0, 0x000001745c434f90, 0x000001745c438230,
0x000001745c43aab0, 0x000001745c43b4d0, 0x000001745c438740, 0x000001745c434060,
0x000001745c438c50, 0x000001745c439670, 0x000001745c43b9e0, 0x000001745c434a80,
0x000001745c3cd4c0, 0x000001745c3c9d10, 0x000001745c3cac40, 0x000001745c3cdee0,
0x000001745c3d1690, 0x000001745c3ca220, 0x000001745c3cb660, 0x000001745c3cfd40,
0x000001745c3ce900, 0x000001745c3cee10, 0x000001745c3d0250, 0x000001745c3cf830,
0x000001745c3d0760, 0x000001745c3cbb70, 0x000001745c3cf320, 0x0000017460575fd0,
0x0000017460578d60, 0x0000017460577920, 0x0000017460577410, 0x0000017460579c90,
0x0000017460574680, 0x00000174605750a0, 0x0000017460577e30, 0x0000017460579270,
0x0000017460578340, 0x000001746057a6b0, 0x0000017460578850, 0x0000017460579780,
0x000001746057abc0, 0x00000174605764e0, 0x000001746057b5e0, 0x000001746057c000,
0x000001745f33e990, 0x000001745f33f8c0, 0x000001745f343070, 0x000001745f3407f0,
0x000001745f33fdd0, 0x000001745f33c110, 0x000001745f33c620, 0x000001745f3402e0,
0x000001745b746b40, 0x000001745b747050, 0x000001745b7442c0, 0x000001745b747560,
0x000001745b7447d0, 0x000001745b743db0, 0x000001745a4c84b0, 0x000001745a4c93e0,
0x000001745a4c7070, 0x000001745a4c7580, 0x000001745942e7b0, 0x000001745942ecc0,
0x000001745942d370, 0x000001745942d880, 0x000001745d096690, 0x000001745d094d40,
0x000001745d095250, 0x000001745d0924c0, 0x000001745d091590, 0x000001745d093e10,
0x000001745d094320, 0x000001745d0970b0, 0x000001745d094830, 0x000001745d095760,
0x000001745d090660, 0x000001745d091fb0, 0x000001745d0929d0, 0x000001745d095c70,
0x000001745d096ba0, 0x000001745d096180, 0x000001745d08fc40, 0x000001745d0975c0,
0x000001745d090150, 0x000001745d090b70, 0x000001745d091080, 0x000001745d091aa0,
0x000001745d0933f0, 0x000001745d092ee0, 0x000001745d093900, 0x000001745bbe0ed0,
0x000001745bbe3c60, 0x000001745bbe09c0, 0x000001745bbe2820, 0x000001745f343a90,
0x000001745f33df70, 0x000001745f840850, 0x000001745f8426b0, 0x0000017467004ab0,
0x000001745e5fe3c0, 0x000001745f0fe350, 0x000001745f0fe860, 0x000001745e5ff2f0,
0x000001745e5fe8d0, 0x000001745e5fede0, 0x000001745f0ff280, 0x000001745f0fed70,
0x000001746660d8e0, 0x0000017467aae260, 0x0000017467aae770, 0x00000174654fbdf0,
0x00000174654fb3d0, 0x000001746660ddf0, 0x000001746660c9b0, 0x0000017467004fc0,
0x00000174670054d0, 0x00000174654f9060, 0x0000017467aad330, 0x0000017465645c30,
0x00000174670045a0, 0x0000017467aadd50, 0x000001746660d3d0, 0x0000017467004090,
0x0000017465645720, 0x00000174668f6560, 0x000001745fd544c0, 0x000001745fd59f10,
0x000001746a130420, 0x000001745f83ef00, 0x000001746660ab50, 0x000001745f843af0,
0x000001746732ac90, 0x0000017467ab00c0, 0x00000174654f9f90, 0x0000017467329850
}

Java Threads: ( => current thread )
  0x0000017418e14340 JavaThread "main" [_thread_blocked, id=10212, stack(0x0000004596500000,0x0000004596600000)]
  0x0000017439018150 JavaThread "Reference Handler" daemon [_thread_blocked, id=23824, stack(0x0000004596c00000,0x0000004596d00000)]
  0x0000017439018a20 JavaThread "Finalizer" daemon [_thread_blocked, id=9724, stack(0x0000004596d00000,0x0000004596e00000)]
  0x000001743902f0d0 JavaThread "Signal Dispatcher" daemon [_thread_blocked, id=14448, stack(0x0000004596e00000,0x0000004596f00000)]
  0x000001743902f9a0 JavaThread "Attach Listener" daemon [_thread_blocked, id=20104, stack(0x0000004596f00000,0x0000004597000000)]
  0x0000017439031280 JavaThread "Service Thread" daemon [_thread_blocked, id=6424, stack(0x0000004597000000,0x0000004597100000)]
  0x0000017439031b50 JavaThread "Monitor Deflation Thread" daemon [_thread_blocked, id=7748, stack(0x0000004597100000,0x0000004597200000)]
  0x000001743903f2e0 JavaThread "C2 CompilerThread0" daemon [_thread_in_vm, id=19488, stack(0x0000004597200000,0x0000004597300000)]
  0x0000017439047cb0 JavaThread "C1 CompilerThread0" daemon [_thread_blocked, id=11864, stack(0x0000004597300000,0x0000004597400000)]
  0x00000174390485c0 JavaThread "Sweeper thread" daemon [_thread_blocked, id=24504, stack(0x0000004597400000,0x0000004597500000)]
  0x0000017439002da0 JavaThread "Common-Cleaner" daemon [_thread_blocked, id=7388, stack(0x0000004597500000,0x0000004597600000)]
  0x0000017439304cd0 JavaThread "Notification Thread" daemon [_thread_blocked, id=19300, stack(0x0000004597600000,0x0000004597700000)]
  0x000001745a272f50 JavaThread "Daemon health stats" [_thread_blocked, id=23576, stack(0x0000004597900000,0x0000004597a00000)]
  0x0000017459fa9300 JavaThread "Incoming local TCP Connector on port 52088" [_thread_in_native, id=756, stack(0x0000004598000000,0x0000004598100000)]
  0x000001745a57bd30 JavaThread "Daemon periodic checks" [_thread_blocked, id=22256, stack(0x0000004598100000,0x0000004598200000)]
  0x0000017459053710 JavaThread "Daemon" [_thread_blocked, id=8252, stack(0x0000004598200000,0x0000004598300000)]
  0x000001745942e2a0 JavaThread "Daemon worker" [_thread_blocked, id=12596, stack(0x0000004598500000,0x0000004598600000)]
  0x000001745942dd90 JavaThread "Cache worker for journal cache (C:\Users\Hamza tabani\.gradle\caches\journal-1)" [_thread_blocked, id=22432, stack(0x0000004598900000,0x0000004598a00000)]
  0x000001745a4ca820 JavaThread "File lock request listener" [_thread_in_native, id=17756, stack(0x0000004598a00000,0x0000004598b00000)]
  0x000001745a4c7fa0 JavaThread "Cache worker for file hash cache (C:\Users\Hamza tabani\.gradle\caches\8.13\fileHashes)" [_thread_blocked, id=9472, stack(0x0000004598b00000,0x0000004598c00000)]
  0x000001745a4c7a90 JavaThread "File watcher server" daemon [_thread_in_native, id=11676, stack(0x0000004599200000,0x0000004599300000)]
  0x000001745a4c89c0 JavaThread "File watcher consumer" daemon [_thread_blocked, id=18668, stack(0x0000004599300000,0x0000004599400000)]
  0x000001745a4ca310 JavaThread "jar transforms" [_thread_blocked, id=23340, stack(0x0000004599400000,0x0000004599500000)]
  0x000001745a4c98f0 JavaThread "Cache worker for file content cache (C:\Users\Hamza tabani\.gradle\caches\8.13\fileContent)" [_thread_blocked, id=4680, stack(0x0000004599600000,0x0000004599700000)]
  0x000001745b7451f0 JavaThread "Memory manager" [_thread_blocked, id=21052, stack(0x000000459b600000,0x000000459b700000)]
  0x000001745b746120 JavaThread "ForkJoinPool.commonPool-worker-1" daemon [_thread_blocked, id=13172, stack(0x000000459b700000,0x000000459b800000)]
  0x000001745c3d0c70 JavaThread "ForkJoinPool.commonPool-worker-2" daemon [_thread_blocked, id=17128, stack(0x000000459b800000,0x000000459b900000)]
  0x000001745c3d1180 JavaThread "ForkJoinPool.commonPool-worker-3" daemon [_thread_blocked, id=24360, stack(0x000000459b900000,0x000000459ba00000)]
  0x000001745c3cc080 JavaThread "ForkJoinPool.commonPool-worker-4" daemon [_thread_blocked, id=2088, stack(0x000000459ba00000,0x000000459bb00000)]
  0x000001745c3ccaa0 JavaThread "ForkJoinPool.commonPool-worker-6" daemon [_thread_blocked, id=16988, stack(0x000000459bc00000,0x000000459bd00000)]
  0x000001745c3ca730 JavaThread "ForkJoinPool.commonPool-worker-7" daemon [_thread_blocked, id=15364, stack(0x000000459bd00000,0x000000459be00000)]
  0x000001745f342b60 JavaThread "jar transforms Thread 2" [_thread_blocked, id=8016, stack(0x000000459f900000,0x000000459fa00000)]
  0x000001745f343580 JavaThread "jar transforms Thread 3" [_thread_blocked, id=8880, stack(0x000000459fa00000,0x000000459fb00000)]
  0x000001745f341c30 JavaThread "jar transforms Thread 4" [_thread_blocked, id=23928, stack(0x000000459fe00000,0x000000459ff00000)]
  0x000001745f342140 JavaThread "jar transforms Thread 5" [_thread_blocked, id=1752, stack(0x000000459ff00000,0x00000045a0000000)]
  0x000001745f33f3b0 JavaThread "jar transforms Thread 6" [_thread_blocked, id=21568, stack(0x00000045a0000000,0x00000045a0100000)]
  0x000001745f33d040 JavaThread "jar transforms Thread 7" [_thread_blocked, id=23036, stack(0x00000045a0300000,0x00000045a0400000)]
  0x000001745f33d550 JavaThread "jar transforms Thread 8" [_thread_blocked, id=17192, stack(0x00000045a0400000,0x00000045a0500000)]
  0x000001745c436df0 JavaThread "Handler for socket connection from /127.0.0.1:52088 to /127.0.0.1:52130" [_thread_in_native, id=15264, stack(0x0000004596200000,0x0000004596300000)]
  0x000001745c437300 JavaThread "Cancel handler" [_thread_blocked, id=23344, stack(0x0000004596400000,0x0000004596500000)]
  0x000001745c43a5a0 JavaThread "Asynchronous log dispatcher for DefaultDaemonConnection: socket connection from /127.0.0.1:52088 to /127.0.0.1:52130" [_thread_blocked, id=19332, stack(0x0000004598300000,0x0000004598400000)]
  0x000001745c43a090 JavaThread "Stdin handler" [_thread_blocked, id=9692, stack(0x0000004598400000,0x0000004598500000)]
  0x000001745c4363d0 JavaThread "Daemon client event forwarder" [_thread_blocked, id=13736, stack(0x0000004598700000,0x0000004598800000)]
  0x000001745c43afc0 JavaThread "Cache worker for file hash cache (D:\PostUp\android\.gradle\8.13\fileHashes)" [_thread_blocked, id=12684, stack(0x0000004598800000,0x0000004598900000)]
  0x000001745c435ec0 JavaThread "Cache worker for Build Output Cleanup Cache (D:\PostUp\android\.gradle\buildOutputCleanup)" [_thread_blocked, id=14728, stack(0x0000004598d00000,0x0000004598e00000)]
  0x000001745c437810 JavaThread "Cache worker for checksums cache (D:\PostUp\android\.gradle\8.13\checksums)" [_thread_blocked, id=2324, stack(0x0000004599700000,0x0000004599800000)]
  0x000001745c437d20 JavaThread "Cache worker for cache directory md-supplier (C:\Users\Hamza tabani\.gradle\caches\8.13\md-supplier)" [_thread_blocked, id=13160, stack(0x0000004599800000,0x0000004599900000)]
  0x000001745c4359b0 JavaThread "Cache worker for cache directory md-rule (C:\Users\Hamza tabani\.gradle\caches\8.13\md-rule)" [_thread_blocked, id=21008, stack(0x0000004599900000,0x0000004599a00000)]
  0x000001745c439160 JavaThread "Cache worker for Build Output Cleanup Cache (D:\PostUp\node_modules\@react-native\gradle-plugin\.gradle\buildOutputCleanup)" [_thread_blocked, id=10236, stack(0x0000004599a00000,0x0000004599b00000)]
  0x000001745c4354a0 JavaThread "Unconstrained build operations" [_thread_blocked, id=24392, stack(0x0000004599b00000,0x0000004599c00000)]
  0x000001745c434f90 JavaThread "Unconstrained build operations Thread 2" [_thread_blocked, id=23744, stack(0x0000004599c00000,0x0000004599d00000)]
  0x000001745c438230 JavaThread "Unconstrained build operations Thread 3" [_thread_blocked, id=16264, stack(0x0000004599d00000,0x0000004599e00000)]
  0x000001745c43aab0 JavaThread "Unconstrained build operations Thread 4" [_thread_blocked, id=8740, stack(0x0000004599e00000,0x0000004599f00000)]
  0x000001745c43b4d0 JavaThread "Unconstrained build operations Thread 5" [_thread_blocked, id=1208, stack(0x0000004599f00000,0x000000459a000000)]
  0x000001745c438740 JavaThread "Unconstrained build operations Thread 6" [_thread_blocked, id=20504, stack(0x000000459a000000,0x000000459a100000)]
  0x000001745c434060 JavaThread "Unconstrained build operations Thread 7" [_thread_blocked, id=17148, stack(0x000000459a100000,0x000000459a200000)]
  0x000001745c438c50 JavaThread "Unconstrained build operations Thread 8" [_thread_blocked, id=6916, stack(0x000000459a200000,0x000000459a300000)]
  0x000001745c439670 JavaThread "Unconstrained build operations Thread 9" [_thread_blocked, id=14956, stack(0x000000459a300000,0x000000459a400000)]
  0x000001745c43b9e0 JavaThread "Unconstrained build operations Thread 10" [_thread_blocked, id=14380, stack(0x000000459a400000,0x000000459a500000)]
  0x000001745c434a80 JavaThread "Unconstrained build operations Thread 11" [_thread_blocked, id=16848, stack(0x000000459a500000,0x000000459a600000)]
  0x000001745c3cd4c0 JavaThread "Unconstrained build operations Thread 12" [_thread_blocked, id=19408, stack(0x000000459a600000,0x000000459a700000)]
  0x000001745c3c9d10 JavaThread "Unconstrained build operations Thread 13" [_thread_blocked, id=5160, stack(0x000000459a700000,0x000000459a800000)]
  0x000001745c3cac40 JavaThread "Unconstrained build operations Thread 14" [_thread_blocked, id=17460, stack(0x000000459a800000,0x000000459a900000)]
  0x000001745c3cdee0 JavaThread "Unconstrained build operations Thread 15" [_thread_blocked, id=22064, stack(0x000000459a900000,0x000000459aa00000)]
  0x000001745c3d1690 JavaThread "Unconstrained build operations Thread 16" [_thread_blocked, id=5484, stack(0x000000459aa00000,0x000000459ab00000)]
  0x000001745c3ca220 JavaThread "Unconstrained build operations Thread 17" [_thread_blocked, id=17420, stack(0x000000459ab00000,0x000000459ac00000)]
  0x000001745c3cb660 JavaThread "Unconstrained build operations Thread 18" [_thread_blocked, id=12728, stack(0x000000459ac00000,0x000000459ad00000)]
  0x000001745c3cfd40 JavaThread "build event listener" [_thread_blocked, id=18156, stack(0x000000459ad00000,0x000000459ae00000)]
  0x000001745c3ce900 JavaThread "included builds" [_thread_blocked, id=14992, stack(0x000000459ae00000,0x000000459af00000)]
  0x000001745c3cee10 JavaThread "Execution worker" [_thread_blocked, id=19780, stack(0x000000459af00000,0x000000459b000000)]
  0x000001745c3d0250 JavaThread "Execution worker Thread 2" [_thread_blocked, id=12648, stack(0x000000459b000000,0x000000459b100000)]
  0x000001745c3cf830 JavaThread "Execution worker Thread 3" [_thread_blocked, id=15388, stack(0x000000459b100000,0x000000459b200000)]
  0x000001745c3d0760 JavaThread "Execution worker Thread 4" [_thread_in_native, id=14680, stack(0x000000459b200000,0x000000459b300000)]
  0x000001745c3cbb70 JavaThread "Execution worker Thread 5" [_thread_blocked, id=16412, stack(0x000000459b300000,0x000000459b400000)]
  0x000001745c3cf320 JavaThread "Execution worker Thread 6" [_thread_in_native, id=23200, stack(0x000000459b400000,0x000000459b500000)]
  0x0000017460575fd0 JavaThread "Execution worker Thread 7" [_thread_in_native, id=12236, stack(0x000000459b500000,0x000000459b600000)]
  0x0000017460578d60 JavaThread "Cache worker for execution history cache (D:\PostUp\node_modules\@react-native\gradle-plugin\.gradle\8.13\executionHistory)" [_thread_blocked, id=6660, stack(0x000000459bf00000,0x000000459c000000)]
  0x0000017460577920 JavaThread "Unconstrained build operations Thread 19" [_thread_blocked, id=11112, stack(0x000000459c000000,0x000000459c100000)]
  0x0000017460577410 JavaThread "Unconstrained build operations Thread 20" [_thread_blocked, id=14592, stack(0x000000459c100000,0x000000459c200000)]
  0x0000017460579c90 JavaThread "Unconstrained build operations Thread 21" [_thread_blocked, id=9184, stack(0x000000459c200000,0x000000459c300000)]
  0x0000017460574680 JavaThread "Unconstrained build operations Thread 22" [_thread_blocked, id=8512, stack(0x000000459c300000,0x000000459c400000)]
  0x00000174605750a0 JavaThread "Unconstrained build operations Thread 23" [_thread_blocked, id=18840, stack(0x000000459c400000,0x000000459c500000)]
  0x0000017460577e30 JavaThread "Unconstrained build operations Thread 24" [_thread_blocked, id=9104, stack(0x000000459c500000,0x000000459c600000)]
  0x0000017460579270 JavaThread "Unconstrained build operations Thread 25" [_thread_blocked, id=12024, stack(0x000000459c600000,0x000000459c700000)]
  0x0000017460578340 JavaThread "Unconstrained build operations Thread 26" [_thread_blocked, id=10164, stack(0x000000459c700000,0x000000459c800000)]
  0x000001746057a6b0 JavaThread "Unconstrained build operations Thread 27" [_thread_blocked, id=22740, stack(0x000000459c800000,0x000000459c900000)]
  0x0000017460578850 JavaThread "Unconstrained build operations Thread 28" [_thread_blocked, id=13716, stack(0x000000459c900000,0x000000459ca00000)]
  0x0000017460579780 JavaThread "Unconstrained build operations Thread 29" [_thread_blocked, id=11492, stack(0x000000459ca00000,0x000000459cb00000)]
  0x000001746057abc0 JavaThread "Unconstrained build operations Thread 30" [_thread_blocked, id=22892, stack(0x000000459cb00000,0x000000459cc00000)]
  0x00000174605764e0 JavaThread "Unconstrained build operations Thread 31" [_thread_blocked, id=10820, stack(0x000000459cc00000,0x000000459cd00000)]
  0x000001746057b5e0 JavaThread "Unconstrained build operations Thread 32" [_thread_blocked, id=12936, stack(0x000000459cd00000,0x000000459ce00000)]
  0x000001746057c000 JavaThread "Unconstrained build operations Thread 33" [_thread_blocked, id=2720, stack(0x000000459ce00000,0x000000459cf00000)]
  0x000001745f33e990 JavaThread "Unconstrained build operations Thread 34" [_thread_blocked, id=17536, stack(0x000000459cf00000,0x000000459d000000)]
  0x000001745f33f8c0 JavaThread "Unconstrained build operations Thread 35" [_thread_blocked, id=18616, stack(0x000000459d000000,0x000000459d100000)]
  0x000001745f343070 JavaThread "Unconstrained build operations Thread 36" [_thread_blocked, id=19744, stack(0x000000459d100000,0x000000459d200000)]
  0x000001745f3407f0 JavaThread "Unconstrained build operations Thread 37" [_thread_blocked, id=9536, stack(0x000000459d200000,0x000000459d300000)]
  0x000001745f33fdd0 JavaThread "Unconstrained build operations Thread 38" [_thread_blocked, id=15080, stack(0x000000459d300000,0x000000459d400000)]
  0x000001745f33c110 JavaThread "Unconstrained build operations Thread 39" [_thread_blocked, id=7852, stack(0x000000459d400000,0x000000459d500000)]
  0x000001745f33c620 JavaThread "Unconstrained build operations Thread 40" [_thread_blocked, id=19844, stack(0x000000459d500000,0x000000459d600000)]
  0x000001745f3402e0 JavaThread "Unconstrained build operations Thread 41" [_thread_blocked, id=21840, stack(0x000000459d600000,0x000000459d700000)]
  0x000001745b746b40 JavaThread "Unconstrained build operations Thread 42" [_thread_blocked, id=19264, stack(0x000000459d700000,0x000000459d800000)]
  0x000001745b747050 JavaThread "Unconstrained build operations Thread 43" [_thread_blocked, id=8568, stack(0x000000459d800000,0x000000459d900000)]
  0x000001745b7442c0 JavaThread "Unconstrained build operations Thread 44" [_thread_blocked, id=15704, stack(0x000000459d900000,0x000000459da00000)]
  0x000001745b747560 JavaThread "Unconstrained build operations Thread 45" [_thread_blocked, id=22560, stack(0x000000459da00000,0x000000459db00000)]
  0x000001745b7447d0 JavaThread "Unconstrained build operations Thread 46" [_thread_blocked, id=13816, stack(0x000000459db00000,0x000000459dc00000)]
  0x000001745b743db0 JavaThread "Unconstrained build operations Thread 47" [_thread_blocked, id=17444, stack(0x000000459dc00000,0x000000459dd00000)]
  0x000001745a4c84b0 JavaThread "Unconstrained build operations Thread 48" [_thread_blocked, id=11084, stack(0x000000459dd00000,0x000000459de00000)]
  0x000001745a4c93e0 JavaThread "Unconstrained build operations Thread 49" [_thread_blocked, id=16028, stack(0x000000459de00000,0x000000459df00000)]
  0x000001745a4c7070 JavaThread "Unconstrained build operations Thread 50" [_thread_blocked, id=21560, stack(0x000000459df00000,0x000000459e000000)]
  0x000001745a4c7580 JavaThread "Unconstrained build operations Thread 51" [_thread_blocked, id=24216, stack(0x000000459e000000,0x000000459e100000)]
  0x000001745942e7b0 JavaThread "Unconstrained build operations Thread 52" [_thread_blocked, id=2660, stack(0x000000459e100000,0x000000459e200000)]
  0x000001745942ecc0 JavaThread "Unconstrained build operations Thread 53" [_thread_blocked, id=23232, stack(0x000000459e200000,0x000000459e300000)]
  0x000001745942d370 JavaThread "Unconstrained build operations Thread 54" [_thread_blocked, id=10776, stack(0x000000459e300000,0x000000459e400000)]
  0x000001745942d880 JavaThread "Unconstrained build operations Thread 55" [_thread_blocked, id=21836, stack(0x000000459e400000,0x000000459e500000)]
  0x000001745d096690 JavaThread "Unconstrained build operations Thread 56" [_thread_blocked, id=13972, stack(0x000000459e500000,0x000000459e600000)]
  0x000001745d094d40 JavaThread "Unconstrained build operations Thread 57" [_thread_blocked, id=8788, stack(0x000000459e600000,0x000000459e700000)]
  0x000001745d095250 JavaThread "Unconstrained build operations Thread 58" [_thread_blocked, id=10700, stack(0x000000459e700000,0x000000459e800000)]
  0x000001745d0924c0 JavaThread "Unconstrained build operations Thread 59" [_thread_blocked, id=18504, stack(0x000000459e800000,0x000000459e900000)]
  0x000001745d091590 JavaThread "Unconstrained build operations Thread 60" [_thread_blocked, id=24544, stack(0x000000459e900000,0x000000459ea00000)]
  0x000001745d093e10 JavaThread "Unconstrained build operations Thread 61" [_thread_blocked, id=13676, stack(0x000000459ea00000,0x000000459eb00000)]
  0x000001745d094320 JavaThread "Unconstrained build operations Thread 62" [_thread_blocked, id=10660, stack(0x000000459eb00000,0x000000459ec00000)]
  0x000001745d0970b0 JavaThread "Unconstrained build operations Thread 63" [_thread_blocked, id=16792, stack(0x000000459ec00000,0x000000459ed00000)]
  0x000001745d094830 JavaThread "Unconstrained build operations Thread 64" [_thread_blocked, id=21120, stack(0x000000459ed00000,0x000000459ee00000)]
  0x000001745d095760 JavaThread "Unconstrained build operations Thread 65" [_thread_blocked, id=9904, stack(0x000000459ee00000,0x000000459ef00000)]
  0x000001745d090660 JavaThread "Unconstrained build operations Thread 66" [_thread_blocked, id=23944, stack(0x000000459ef00000,0x000000459f000000)]
  0x000001745d091fb0 JavaThread "Unconstrained build operations Thread 67" [_thread_blocked, id=20044, stack(0x000000459f000000,0x000000459f100000)]
  0x000001745d0929d0 JavaThread "Unconstrained build operations Thread 68" [_thread_blocked, id=21784, stack(0x000000459f100000,0x000000459f200000)]
  0x000001745d095c70 JavaThread "build event listener" [_thread_blocked, id=18464, stack(0x000000459f200000,0x000000459f300000)]
  0x000001745d096ba0 JavaThread "Problems report writer" [_thread_blocked, id=9920, stack(0x000000459f300000,0x000000459f400000)]
  0x000001745d096180 JavaThread "Unconstrained build operations Thread 69" [_thread_blocked, id=19664, stack(0x000000459f400000,0x000000459f500000)]
  0x000001745d08fc40 JavaThread "Unconstrained build operations Thread 70" [_thread_blocked, id=3452, stack(0x000000459f500000,0x000000459f600000)]
  0x000001745d0975c0 JavaThread "Unconstrained build operations Thread 71" [_thread_blocked, id=1036, stack(0x000000459f600000,0x000000459f700000)]
  0x000001745d090150 JavaThread "Unconstrained build operations Thread 72" [_thread_blocked, id=19872, stack(0x000000459f700000,0x000000459f800000)]
  0x000001745d090b70 JavaThread "Unconstrained build operations Thread 73" [_thread_blocked, id=2256, stack(0x000000459f800000,0x000000459f900000)]
  0x000001745d091080 JavaThread "Unconstrained build operations Thread 74" [_thread_blocked, id=13012, stack(0x000000459fb00000,0x000000459fc00000)]
  0x000001745d091aa0 JavaThread "Unconstrained build operations Thread 75" [_thread_blocked, id=14908, stack(0x000000459fc00000,0x000000459fd00000)]
  0x000001745d0933f0 JavaThread "Unconstrained build operations Thread 76" [_thread_blocked, id=8416, stack(0x000000459fd00000,0x000000459fe00000)]
  0x000001745d092ee0 JavaThread "Unconstrained build operations Thread 77" [_thread_blocked, id=6472, stack(0x00000045a0100000,0x00000045a0200000)]
  0x000001745d093900 JavaThread "Unconstrained build operations Thread 78" [_thread_blocked, id=22648, stack(0x00000045a0200000,0x00000045a0300000)]
  0x000001745bbe0ed0 JavaThread "Unconstrained build operations Thread 79" [_thread_blocked, id=15512, stack(0x00000045a0800000,0x00000045a0900000)]
  0x000001745bbe3c60 JavaThread "Unconstrained build operations Thread 80" [_thread_blocked, id=24140, stack(0x00000045a0900000,0x00000045a0a00000)]
  0x000001745bbe09c0 JavaThread "Cache worker for execution history cache (D:\PostUp\android\.gradle\8.13\executionHistory)" [_thread_blocked, id=23652, stack(0x00000045a0a00000,0x00000045a0b00000)]
  0x000001745bbe2820 JavaThread "WorkerExecutor Queue Thread 2" [_thread_blocked, id=1944, stack(0x0000004599500000,0x0000004599600000)]
  0x000001745f343a90 JavaThread "WorkerExecutor Queue Thread 3" [_thread_blocked, id=24156, stack(0x00000045a0b00000,0x00000045a0c00000)]
=>0x000001745f33df70 JavaThread "WorkerExecutor Queue Thread 4" [_thread_in_vm, id=17464, stack(0x00000045a0c00000,0x00000045a0d00000)]
  0x000001745f840850 JavaThread "WorkerExecutor Queue Thread 7" [_thread_blocked, id=7956, stack(0x00000045a0f00000,0x00000045a1000000)]
  0x000001745f8426b0 JavaThread "WorkerExecutor Queue Thread 8" [_thread_blocked, id=2876, stack(0x00000045a1000000,0x00000045a1100000)]
  0x0000017467004ab0 JavaThread "WorkerExecutor Queue Thread 9" [_thread_blocked, id=5372, stack(0x00000045a1600000,0x00000045a1700000)]
  0x000001745e5fe3c0 JavaThread "Cache worker for Java compile cache (C:\Users\Hamza tabani\.gradle\caches\8.13\javaCompile)" [_thread_blocked, id=16228, stack(0x00000045a1100000,0x00000045a1200000)]
  0x000001745f0fe350 JavaThread "Build operations" [_thread_blocked, id=15284, stack(0x0000004598e00000,0x0000004598f00000)]
  0x000001745f0fe860 JavaThread "Build operations Thread 2" [_thread_blocked, id=21668, stack(0x00000045a1800000,0x00000045a1900000)]
  0x000001745e5ff2f0 JavaThread "Build operations Thread 3" [_thread_blocked, id=4060, stack(0x00000045a1900000,0x00000045a1a00000)]
  0x000001745e5fe8d0 JavaThread "Build operations Thread 4" [_thread_blocked, id=1164, stack(0x00000045a1a00000,0x00000045a1b00000)]
  0x000001745e5fede0 JavaThread "Build operations Thread 5" [_thread_blocked, id=17204, stack(0x00000045a1b00000,0x00000045a1c00000)]
  0x000001745f0ff280 JavaThread "Build operations Thread 6" [_thread_blocked, id=22724, stack(0x00000045a1c00000,0x00000045a1d00000)]
  0x000001745f0fed70 JavaThread "Build operations Thread 7" [_thread_blocked, id=22776, stack(0x00000045a1d00000,0x00000045a1e00000)]
  0x000001746660d8e0 JavaThread "pool-5-thread-1" [_thread_blocked, id=14068, stack(0x00000045a1e00000,0x00000045a1f00000)]
  0x0000017467aae260 JavaThread "stderr" [_thread_in_native, id=2340, stack(0x00000045a1f00000,0x00000045a2000000)]
  0x0000017467aae770 JavaThread "stdout" [_thread_in_native, id=9964, stack(0x00000045a2000000,0x00000045a2100000)]
  0x00000174654fbdf0 JavaThread "RMI Scheduler(0)" daemon [_thread_blocked, id=2436, stack(0x00000045a1700000,0x00000045a1800000)]
  0x00000174654fb3d0 JavaThread "RMI GC Daemon" daemon [_thread_blocked, id=6832, stack(0x00000045a2200000,0x00000045a2300000)]
  0x000001746660ddf0 JavaThread "RMI TCP Accept-0" daemon [_thread_in_native, id=23484, stack(0x00000045a2300000,0x00000045a2400000)]
  0x000001746660c9b0 JavaThread "RMI Reaper" [_thread_blocked, id=24440, stack(0x00000045a2400000,0x00000045a2500000)]
  0x0000017467004fc0 JavaThread "RMI TCP Connection(11)-127.0.0.1" daemon [_thread_in_native, id=20772, stack(0x00000045a2600000,0x00000045a2700000)]
  0x00000174670054d0 JavaThread "Build operations Thread 8" [_thread_blocked, id=23520, stack(0x00000045a2500000,0x00000045a2600000)]
  0x00000174654f9060 JavaThread "RMI RenewClean-[127.0.0.1:17396,org.jetbrains.kotlin.daemon.common.LoopbackNetworkInterface$ClientLoopbackSocketFactory@e61e0f9]" daemon [_thread_blocked, id=21808, stack(0x000000459be00000,0x000000459bf00000)]
  0x0000017467aad330 JavaThread "RMI TCP Connection(10)-127.0.0.1" daemon [_thread_in_native, id=13256, stack(0x00000045a2700000,0x00000045a2800000)]
  0x0000017465645c30 JavaThread "RMI TCP Connection(idle)" daemon [_thread_blocked, id=9520, stack(0x00000045a2900000,0x00000045a2a00000)]
  0x00000174670045a0 JavaThread "RMI RenewClean-[127.0.0.1:17396,org.jetbrains.kotlin.daemon.common.LoopbackNetworkInterface$ClientLoopbackSocketFactory@45326e70]" daemon [_thread_blocked, id=17792, stack(0x00000045a2a00000,0x00000045a2b00000)]
  0x0000017467aadd50 JavaThread "RMI TCP Connection(8)-127.0.0.1" daemon [_thread_in_native, id=17564, stack(0x00000045a2b00000,0x00000045a2c00000)]
  0x000001746660d3d0 JavaThread "RMI RenewClean-[127.0.0.1:17396,org.jetbrains.kotlin.daemon.common.LoopbackNetworkInterface$ClientLoopbackSocketFactory@4c5ccc94]" daemon [_thread_blocked, id=17808, stack(0x00000045a2c00000,0x00000045a2d00000)]
  0x0000017467004090 JavaThread "RMI TCP Connection(9)-127.0.0.1" daemon [_thread_in_native, id=8488, stack(0x0000004598600000,0x0000004598700000)]
  0x0000017465645720 JavaThread "WorkerExecutor Queue Thread 10" [_thread_blocked, id=20672, stack(0x0000004596300000,0x0000004596400000)]
  0x00000174668f6560 JavaThread "WorkerExecutor Queue Thread 11" [_thread_blocked, id=18352, stack(0x00000045a2d00000,0x00000045a2e00000)]
  0x000001745fd544c0 JavaThread "C2 CompilerThread1" daemon [_thread_in_vm, id=1064, stack(0x0000004597800000,0x0000004597900000)]
  0x000001745fd59f10 JavaThread "C2 CompilerThread2" daemon [_thread_in_native, id=7992, stack(0x000000459bb00000,0x000000459bc00000)]
  0x000001746a130420 JavaThread "RMI RenewClean-[127.0.0.1:17396,org.jetbrains.kotlin.daemon.common.LoopbackNetworkInterface$ClientLoopbackSocketFactory@44211433]" daemon [_thread_blocked, id=4860, stack(0x00000045a0500000,0x00000045a0600000)]
  0x000001745f83ef00 JavaThread "ForkJoinPool-1-worker-1" daemon [_thread_blocked, id=5988, stack(0x00000045a0600000,0x00000045a0700000)]
  0x000001746660ab50 JavaThread "ForkJoinPool-1-worker-2" daemon [_thread_blocked, id=11104, stack(0x00000045a0700000,0x00000045a0800000)]
  0x000001745f843af0 JavaThread "ForkJoinPool-1-worker-3" daemon [_thread_blocked, id=20664, stack(0x00000045a0d00000,0x00000045a0e00000)]
  0x000001746732ac90 JavaThread "ForkJoinPool-1-worker-4" daemon [_thread_blocked, id=12348, stack(0x00000045a0e00000,0x00000045a0f00000)]
  0x0000017467ab00c0 JavaThread "ForkJoinPool-1-worker-5" daemon [_thread_blocked, id=12376, stack(0x00000045a2100000,0x00000045a2200000)]
  0x00000174654f9f90 JavaThread "ForkJoinPool-1-worker-6" daemon [_thread_blocked, id=1488, stack(0x00000045a2800000,0x00000045a2900000)]
  0x0000017467329850 JavaThread "ForkJoinPool-1-worker-7" daemon [_thread_blocked, id=7860, stack(0x00000045a2e00000,0x00000045a2f00000)]
  0x000001746660b570 JavaThread "ForkJoinPool-1-worker-8" daemon [_thread_blocked, id=11856, stack(0x00000045a2f00000,0x00000045a3000000)]

Other Threads:
  0x0000017439013890 VMThread "VM Thread" [stack: 0x0000004596b00000,0x0000004596c00000] [id=23452]
  0x0000017418e8fe30 WatcherThread [stack: 0x0000004597700000,0x0000004597800000] [id=12500]
  0x0000017418cfe810 GCTaskThread "GC Thread#0" [stack: 0x0000004596600000,0x0000004596700000] [id=13880]
  0x000001743996f2a0 GCTaskThread "GC Thread#1" [stack: 0x0000004597a00000,0x0000004597b00000] [id=8128]
  0x000001743996f560 GCTaskThread "GC Thread#2" [stack: 0x0000004597b00000,0x0000004597c00000] [id=6840]
  0x00000174399e9460 GCTaskThread "GC Thread#3" [stack: 0x0000004597c00000,0x0000004597d00000] [id=17112]
  0x00000174399e9720 GCTaskThread "GC Thread#4" [stack: 0x0000004597d00000,0x0000004597e00000] [id=24476]
  0x000001743971e5d0 GCTaskThread "GC Thread#5" [stack: 0x0000004597e00000,0x0000004597f00000] [id=20548]
  0x000001745b373e70 GCTaskThread "GC Thread#6" [stack: 0x0000004598f00000,0x0000004599000000] [id=17172]
  0x000001745cf68350 GCTaskThread "GC Thread#7" [stack: 0x0000004599000000,0x0000004599100000] [id=13240]
  0x0000017418e7a180 ConcurrentGCThread "G1 Main Marker" [stack: 0x0000004596700000,0x0000004596800000] [id=24268]
  0x0000017418cfed10 ConcurrentGCThread "G1 Conc#0" [stack: 0x0000004596800000,0x0000004596900000] [id=5348]
  0x000001745b376960 ConcurrentGCThread "G1 Conc#1" [stack: 0x0000004599100000,0x0000004599200000] [id=23260]
  0x0000017418ede580 ConcurrentGCThread "G1 Refine#0" [stack: 0x0000004596900000,0x0000004596a00000] [id=3700]
  0x000001743963d920 ConcurrentGCThread "G1 Refine#1" [stack: 0x0000004597f00000,0x0000004598000000] [id=11416]
  0x0000017460d83d50 ConcurrentGCThread "G1 Refine#2" [stack: 0x00000045a1200000,0x00000045a1300000] [id=16340]
  0x0000017460d84330 ConcurrentGCThread "G1 Refine#3" [stack: 0x00000045a1300000,0x00000045a1400000] [id=24168]
  0x0000017460d81430 ConcurrentGCThread "G1 Refine#4" [stack: 0x00000045a1400000,0x00000045a1500000] [id=4936]
  0x0000017460d84c00 ConcurrentGCThread "G1 Refine#5" [stack: 0x00000045a1500000,0x00000045a1600000] [id=2860]
  0x0000017418edec60 ConcurrentGCThread "G1 Service" [stack: 0x0000004596a00000,0x0000004596b00000] [id=928]

Threads with active compile tasks:
C2 CompilerThread0   151306 38846       4       com.android.tools.r8.graph.B1::a (189 bytes)
C2 CompilerThread1   151306 40860       4       com.android.tools.r8.internal.Sm::a (3278 bytes)
C2 CompilerThread2   151306 39975 % !   4       com.android.tools.r8.dex.C::k @ 99 (2698 bytes)

VM state: not at safepoint (normal execution)

VM Mutex/Monitor currently owned by a thread:  ([mutex/lock_event])
[0x0000017418e0e350] CodeCache_lock - owner thread: 0x000001743903f2e0
[0x0000017418e0f7e0] CompiledIC_lock - owner thread: 0x000001745f33df70
[0x0000017418e0f750] Compile_lock - owner thread: 0x000001743903f2e0
[0x0000017418e0fc60] MethodCompileQueue_lock - owner thread: 0x000001743903f2e0

Heap address: 0x0000000080000000, size: 2048 MB, Compressed Oops mode: 32-bit

CDS archive(s) mapped at: [0x000001743a000000-0x000001743abd0000-0x000001743abd0000), size 12386304, SharedBaseAddress: 0x000001743a000000, ArchiveRelocationMode: 1.
Compressed class space mapped at: 0x000001743b000000-0x0000017455000000, reserved size: 436207616
Narrow klass base: 0x000001743a000000, Narrow klass shift: 0, Narrow klass range: 0x100000000

GC Precious Log:
 CPUs: 8 total, 8 available
 Memory: 16321M
 Large Page Support: Disabled
 NUMA Support: Disabled
 Compressed Oops: Enabled (32-bit)
 Heap Region Size: 1M
 Heap Min Capacity: 8M
 Heap Initial Capacity: 256M
 Heap Max Capacity: 2G
 Pre-touch: Disabled
 Parallel Workers: 8
 Concurrent Workers: 2
 Concurrent Refinement Workers: 8
 Periodic GC: Disabled

Heap:
 garbage-first heap   total 873472K, used 636928K [0x0000000080000000, 0x0000000100000000)
  region size 1024K, 42 young (43008K), 8 survivors (8192K)
 Metaspace       used 170232K, committed 172480K, reserved 622592K
  class space    used 22541K, committed 23552K, reserved 425984K

Heap Regions: E=young(eden), S=young(survivor), O=old, HS=humongous(starts), HC=humongous(continues), CS=collection set, F=free, OA=open archive, CA=closed archive, TAMS=top-at-mark-start (previous, next)
|   0|0x0000000080000000, 0x0000000080100000, 0x0000000080100000|100%|HS|  |TAMS 0x0000000080100000, 0x0000000080000000| Complete 
|   1|0x0000000080100000, 0x0000000080200000, 0x0000000080200000|100%|HC|  |TAMS 0x0000000080200000, 0x0000000080100000| Complete 
|   2|0x0000000080200000, 0x0000000080300000, 0x0000000080300000|100%|HC|  |TAMS 0x0000000080300000, 0x0000000080200000| Complete 
|   3|0x0000000080300000, 0x0000000080400000, 0x0000000080400000|100%| O|  |TAMS 0x0000000080400000, 0x0000000080300000| Untracked 
|   4|0x0000000080400000, 0x0000000080500000, 0x0000000080500000|100%| O|  |TAMS 0x0000000080500000, 0x0000000080400000| Untracked 
|   5|0x0000000080500000, 0x0000000080600000, 0x0000000080600000|100%| O|  |TAMS 0x0000000080600000, 0x0000000080500000| Untracked 
|   6|0x0000000080600000, 0x0000000080700000, 0x0000000080700000|100%|HS|  |TAMS 0x0000000080700000, 0x0000000080600000| Complete 
|   7|0x0000000080700000, 0x0000000080800000, 0x0000000080800000|100%| O|  |TAMS 0x0000000080800000, 0x0000000080700000| Untracked 
|   8|0x0000000080800000, 0x0000000080900000, 0x0000000080900000|100%| O|  |TAMS 0x0000000080900000, 0x0000000080800000| Untracked 
|   9|0x0000000080900000, 0x0000000080a00000, 0x0000000080a00000|100%| O|  |TAMS 0x0000000080a00000, 0x0000000080900000| Untracked 
|  10|0x0000000080a00000, 0x0000000080b00000, 0x0000000080b00000|100%| O|  |TAMS 0x0000000080b00000, 0x0000000080a00000| Untracked 
|  11|0x0000000080b00000, 0x0000000080c00000, 0x0000000080c00000|100%| O|  |TAMS 0x0000000080c00000, 0x0000000080b00000| Untracked 
|  12|0x0000000080c00000, 0x0000000080d00000, 0x0000000080d00000|100%| O|  |TAMS 0x0000000080d00000, 0x0000000080c00000| Untracked 
|  13|0x0000000080d00000, 0x0000000080e00000, 0x0000000080e00000|100%| O|  |TAMS 0x0000000080e00000, 0x0000000080d00000| Untracked 
|  14|0x0000000080e00000, 0x0000000080f00000, 0x0000000080f00000|100%| O|  |TAMS 0x0000000080f00000, 0x0000000080e00000| Untracked 
|  15|0x0000000080f00000, 0x0000000081000000, 0x0000000081000000|100%| O|  |TAMS 0x0000000081000000, 0x0000000080f00000| Untracked 
|  16|0x0000000081000000, 0x0000000081100000, 0x0000000081100000|100%| O|  |TAMS 0x0000000081100000, 0x0000000081000000| Untracked 
|  17|0x0000000081100000, 0x0000000081200000, 0x0000000081200000|100%| O|  |TAMS 0x0000000081200000, 0x0000000081100000| Untracked 
|  18|0x0000000081200000, 0x0000000081300000, 0x0000000081300000|100%| O|  |TAMS 0x0000000081300000, 0x0000000081200000| Untracked 
|  19|0x0000000081300000, 0x0000000081400000, 0x0000000081400000|100%| O|  |TAMS 0x0000000081400000, 0x0000000081300000| Untracked 
|  20|0x0000000081400000, 0x0000000081500000, 0x0000000081500000|100%| O|  |TAMS 0x0000000081500000, 0x0000000081400000| Untracked 
|  21|0x0000000081500000, 0x0000000081600000, 0x0000000081600000|100%| O|  |TAMS 0x0000000081600000, 0x0000000081500000| Untracked 
|  22|0x0000000081600000, 0x0000000081700000, 0x0000000081700000|100%| O|  |TAMS 0x0000000081700000, 0x0000000081600000| Untracked 
|  23|0x0000000081700000, 0x0000000081800000, 0x0000000081800000|100%| O|  |TAMS 0x0000000081800000, 0x0000000081700000| Untracked 
|  24|0x0000000081800000, 0x0000000081900000, 0x0000000081900000|100%| O|  |TAMS 0x0000000081900000, 0x0000000081800000| Untracked 
|  25|0x0000000081900000, 0x0000000081a00000, 0x0000000081a00000|100%| O|  |TAMS 0x0000000081a00000, 0x0000000081900000| Untracked 
|  26|0x0000000081a00000, 0x0000000081b00000, 0x0000000081b00000|100%| O|  |TAMS 0x0000000081b00000, 0x0000000081a00000| Untracked 
|  27|0x0000000081b00000, 0x0000000081c00000, 0x0000000081c00000|100%| O|  |TAMS 0x0000000081c00000, 0x0000000081b00000| Untracked 
|  28|0x0000000081c00000, 0x0000000081d00000, 0x0000000081d00000|100%| O|  |TAMS 0x0000000081d00000, 0x0000000081c00000| Untracked 
|  29|0x0000000081d00000, 0x0000000081e00000, 0x0000000081e00000|100%| O|  |TAMS 0x0000000081e00000, 0x0000000081d00000| Untracked 
|  30|0x0000000081e00000, 0x0000000081f00000, 0x0000000081f00000|100%| O|  |TAMS 0x0000000081f00000, 0x0000000081e00000| Untracked 
|  31|0x0000000081f00000, 0x0000000082000000, 0x0000000082000000|100%| O|  |TAMS 0x0000000082000000, 0x0000000081f00000| Untracked 
|  32|0x0000000082000000, 0x0000000082100000, 0x0000000082100000|100%| O|  |TAMS 0x0000000082100000, 0x0000000082000000| Untracked 
|  33|0x0000000082100000, 0x0000000082200000, 0x0000000082200000|100%| O|  |TAMS 0x0000000082200000, 0x0000000082100000| Untracked 
|  34|0x0000000082200000, 0x0000000082300000, 0x0000000082300000|100%| O|  |TAMS 0x0000000082300000, 0x0000000082200000| Untracked 
|  35|0x0000000082300000, 0x0000000082400000, 0x0000000082400000|100%| O|  |TAMS 0x0000000082400000, 0x0000000082300000| Untracked 
|  36|0x0000000082400000, 0x0000000082500000, 0x0000000082500000|100%| O|  |TAMS 0x0000000082500000, 0x0000000082400000| Untracked 
|  37|0x0000000082500000, 0x0000000082600000, 0x0000000082600000|100%|HS|  |TAMS 0x0000000082600000, 0x0000000082500000| Complete 
|  38|0x0000000082600000, 0x0000000082700000, 0x0000000082700000|100%|HS|  |TAMS 0x0000000082700000, 0x0000000082600000| Complete 
|  39|0x0000000082700000, 0x0000000082800000, 0x0000000082800000|100%|HC|  |TAMS 0x0000000082800000, 0x0000000082700000| Complete 
|  40|0x0000000082800000, 0x0000000082900000, 0x0000000082900000|100%|HS|  |TAMS 0x0000000082900000, 0x0000000082800000| Complete 
|  41|0x0000000082900000, 0x0000000082a00000, 0x0000000082a00000|100%|HC|  |TAMS 0x0000000082a00000, 0x0000000082900000| Complete 
|  42|0x0000000082a00000, 0x0000000082b00000, 0x0000000082b00000|100%|HC|  |TAMS 0x0000000082b00000, 0x0000000082a00000| Complete 
|  43|0x0000000082b00000, 0x0000000082c00000, 0x0000000082c00000|100%|HS|  |TAMS 0x0000000082c00000, 0x0000000082b00000| Complete 
|  44|0x0000000082c00000, 0x0000000082d00000, 0x0000000082d00000|100%|HC|  |TAMS 0x0000000082d00000, 0x0000000082c00000| Complete 
|  45|0x0000000082d00000, 0x0000000082e00000, 0x0000000082e00000|100%| O|  |TAMS 0x0000000082e00000, 0x0000000082d00000| Untracked 
|  46|0x0000000082e00000, 0x0000000082f00000, 0x0000000082f00000|100%| O|  |TAMS 0x0000000082f00000, 0x0000000082e00000| Untracked 
|  47|0x0000000082f00000, 0x0000000083000000, 0x0000000083000000|100%| O|  |TAMS 0x0000000082f00000, 0x0000000082f00000| Untracked 
|  48|0x0000000083000000, 0x0000000083100000, 0x0000000083100000|100%| O|  |TAMS 0x0000000083100000, 0x0000000083000000| Untracked 
|  49|0x0000000083100000, 0x0000000083200000, 0x0000000083200000|100%| O|  |TAMS 0x0000000083200000, 0x0000000083100000| Untracked 
|  50|0x0000000083200000, 0x0000000083300000, 0x0000000083300000|100%|HS|  |TAMS 0x0000000083300000, 0x0000000083200000| Complete 
|  51|0x0000000083300000, 0x0000000083400000, 0x0000000083400000|100%| O|  |TAMS 0x0000000083400000, 0x0000000083300000| Untracked 
|  52|0x0000000083400000, 0x0000000083500000, 0x0000000083500000|100%|HS|  |TAMS 0x0000000083500000, 0x0000000083400000| Complete 
|  53|0x0000000083500000, 0x0000000083600000, 0x0000000083600000|100%| O|  |TAMS 0x0000000083500000, 0x0000000083500000| Untracked 
|  54|0x0000000083600000, 0x0000000083700000, 0x0000000083700000|100%| O|  |TAMS 0x0000000083700000, 0x0000000083600000| Untracked 
|  55|0x0000000083700000, 0x0000000083800000, 0x0000000083800000|100%| O|  |TAMS 0x0000000083800000, 0x0000000083700000| Untracked 
|  56|0x0000000083800000, 0x0000000083900000, 0x0000000083900000|100%| O|  |TAMS 0x0000000083900000, 0x0000000083800000| Untracked 
|  57|0x0000000083900000, 0x0000000083a00000, 0x0000000083a00000|100%| O|  |TAMS 0x0000000083a00000, 0x0000000083900000| Untracked 
|  58|0x0000000083a00000, 0x0000000083b00000, 0x0000000083b00000|100%|HS|  |TAMS 0x0000000083b00000, 0x0000000083a00000| Complete 
|  59|0x0000000083b00000, 0x0000000083c00000, 0x0000000083c00000|100%|HC|  |TAMS 0x0000000083c00000, 0x0000000083b00000| Complete 
|  60|0x0000000083c00000, 0x0000000083d00000, 0x0000000083d00000|100%|HC|  |TAMS 0x0000000083d00000, 0x0000000083c00000| Complete 
|  61|0x0000000083d00000, 0x0000000083e00000, 0x0000000083e00000|100%| O|  |TAMS 0x0000000083e00000, 0x0000000083d00000| Untracked 
|  62|0x0000000083e00000, 0x0000000083f00000, 0x0000000083f00000|100%| O|  |TAMS 0x0000000083f00000, 0x0000000083e00000| Untracked 
|  63|0x0000000083f00000, 0x0000000084000000, 0x0000000084000000|100%| O|  |TAMS 0x0000000083f00000, 0x0000000083f00000| Untracked 
|  64|0x0000000084000000, 0x0000000084100000, 0x0000000084100000|100%| O|  |TAMS 0x0000000084100000, 0x0000000084000000| Untracked 
|  65|0x0000000084100000, 0x0000000084200000, 0x0000000084200000|100%|HS|  |TAMS 0x0000000084200000, 0x0000000084100000| Complete 
|  66|0x0000000084200000, 0x0000000084300000, 0x0000000084300000|100%| O|  |TAMS 0x0000000084200000, 0x0000000084200000| Untracked 
|  67|0x0000000084300000, 0x0000000084400000, 0x0000000084400000|100%| O|  |TAMS 0x0000000084400000, 0x0000000084300000| Untracked 
|  68|0x0000000084400000, 0x0000000084500000, 0x0000000084500000|100%| O|  |TAMS 0x0000000084500000, 0x0000000084400000| Untracked 
|  69|0x0000000084500000, 0x0000000084600000, 0x0000000084600000|100%| O|  |TAMS 0x0000000084600000, 0x0000000084500000| Untracked 
|  70|0x0000000084600000, 0x0000000084700000, 0x0000000084700000|100%| O|  |TAMS 0x0000000084700000, 0x0000000084600000| Untracked 
|  71|0x0000000084700000, 0x0000000084800000, 0x0000000084800000|100%| O|  |TAMS 0x0000000084800000, 0x0000000084700000| Untracked 
|  72|0x0000000084800000, 0x0000000084900000, 0x0000000084900000|100%| O|  |TAMS 0x0000000084900000, 0x0000000084800000| Untracked 
|  73|0x0000000084900000, 0x0000000084a00000, 0x0000000084a00000|100%| O|  |TAMS 0x0000000084a00000, 0x0000000084900000| Untracked 
|  74|0x0000000084a00000, 0x0000000084b00000, 0x0000000084b00000|100%| O|  |TAMS 0x0000000084b00000, 0x0000000084a00000| Untracked 
|  75|0x0000000084b00000, 0x0000000084c00000, 0x0000000084c00000|100%| O|  |TAMS 0x0000000084c00000, 0x0000000084b00000| Untracked 
|  76|0x0000000084c00000, 0x0000000084d00000, 0x0000000084d00000|100%| O|  |TAMS 0x0000000084d00000, 0x0000000084c00000| Untracked 
|  77|0x0000000084d00000, 0x0000000084e00000, 0x0000000084e00000|100%| O|  |TAMS 0x0000000084e00000, 0x0000000084d00000| Untracked 
|  78|0x0000000084e00000, 0x0000000084f00000, 0x0000000084f00000|100%| O|  |TAMS 0x0000000084e00000, 0x0000000084e00000| Untracked 
|  79|0x0000000084f00000, 0x0000000085000000, 0x0000000085000000|100%|HS|  |TAMS 0x0000000084f00000, 0x0000000084f00000| Complete 
|  80|0x0000000085000000, 0x0000000085100000, 0x0000000085100000|100%| O|  |TAMS 0x0000000085100000, 0x0000000085000000| Untracked 
|  81|0x0000000085100000, 0x0000000085200000, 0x0000000085200000|100%| O|  |TAMS 0x0000000085200000, 0x0000000085100000| Untracked 
|  82|0x0000000085200000, 0x0000000085300000, 0x0000000085300000|100%| O|  |TAMS 0x0000000085300000, 0x0000000085200000| Untracked 
|  83|0x0000000085300000, 0x0000000085400000, 0x0000000085400000|100%| O|  |TAMS 0x0000000085400000, 0x0000000085300000| Untracked 
|  84|0x0000000085400000, 0x0000000085500000, 0x0000000085500000|100%| O|  |TAMS 0x0000000085500000, 0x0000000085400000| Untracked 
|  85|0x0000000085500000, 0x0000000085600000, 0x0000000085600000|100%|HS|  |TAMS 0x0000000085600000, 0x0000000085500000| Complete 
|  86|0x0000000085600000, 0x0000000085700000, 0x0000000085700000|100%|HS|  |TAMS 0x0000000085700000, 0x0000000085600000| Complete 
|  87|0x0000000085700000, 0x0000000085800000, 0x0000000085800000|100%| O|  |TAMS 0x0000000085800000, 0x0000000085700000| Untracked 
|  88|0x0000000085800000, 0x0000000085900000, 0x0000000085900000|100%| O|  |TAMS 0x0000000085900000, 0x0000000085800000| Untracked 
|  89|0x0000000085900000, 0x0000000085a00000, 0x0000000085a00000|100%| O|  |TAMS 0x0000000085a00000, 0x0000000085900000| Untracked 
|  90|0x0000000085a00000, 0x0000000085b00000, 0x0000000085b00000|100%| O|  |TAMS 0x0000000085b00000, 0x0000000085a00000| Untracked 
|  91|0x0000000085b00000, 0x0000000085c00000, 0x0000000085c00000|100%| O|  |TAMS 0x0000000085c00000, 0x0000000085b00000| Untracked 
|  92|0x0000000085c00000, 0x0000000085d00000, 0x0000000085d00000|100%| O|  |TAMS 0x0000000085d00000, 0x0000000085c00000| Untracked 
|  93|0x0000000085d00000, 0x0000000085e00000, 0x0000000085e00000|100%| O|  |TAMS 0x0000000085e00000, 0x0000000085d00000| Untracked 
|  94|0x0000000085e00000, 0x0000000085f00000, 0x0000000085f00000|100%| O|  |TAMS 0x0000000085f00000, 0x0000000085e00000| Untracked 
|  95|0x0000000085f00000, 0x0000000086000000, 0x0000000086000000|100%|HS|  |TAMS 0x0000000085f00000, 0x0000000085f00000| Complete 
|  96|0x0000000086000000, 0x0000000086100000, 0x0000000086100000|100%| O|  |TAMS 0x0000000086100000, 0x0000000086000000| Untracked 
|  97|0x0000000086100000, 0x0000000086200000, 0x0000000086200000|100%| O|  |TAMS 0x0000000086200000, 0x0000000086100000| Untracked 
|  98|0x0000000086200000, 0x0000000086300000, 0x0000000086300000|100%| O|  |TAMS 0x0000000086300000, 0x0000000086200000| Untracked 
|  99|0x0000000086300000, 0x0000000086400000, 0x0000000086400000|100%|HS|  |TAMS 0x0000000086400000, 0x0000000086300000| Complete 
| 100|0x0000000086400000, 0x0000000086500000, 0x0000000086500000|100%|HS|  |TAMS 0x0000000086500000, 0x0000000086400000| Complete 
| 101|0x0000000086500000, 0x0000000086600000, 0x0000000086600000|100%|HC|  |TAMS 0x0000000086600000, 0x0000000086500000| Complete 
| 102|0x0000000086600000, 0x0000000086700000, 0x0000000086700000|100%| O|  |TAMS 0x0000000086700000, 0x0000000086600000| Untracked 
| 103|0x0000000086700000, 0x0000000086800000, 0x0000000086800000|100%| O|  |TAMS 0x0000000086800000, 0x0000000086700000| Untracked 
| 104|0x0000000086800000, 0x0000000086900000, 0x0000000086900000|100%| O|  |TAMS 0x0000000086900000, 0x0000000086800000| Untracked 
| 105|0x0000000086900000, 0x0000000086a00000, 0x0000000086a00000|100%| O|  |TAMS 0x0000000086a00000, 0x0000000086900000| Untracked 
| 106|0x0000000086a00000, 0x0000000086b00000, 0x0000000086b00000|100%| O|  |TAMS 0x0000000086b00000, 0x0000000086a00000| Untracked 
| 107|0x0000000086b00000, 0x0000000086c00000, 0x0000000086c00000|100%| O|  |TAMS 0x0000000086c00000, 0x0000000086b00000| Untracked 
| 108|0x0000000086c00000, 0x0000000086d00000, 0x0000000086d00000|100%| O|  |TAMS 0x0000000086d00000, 0x0000000086c00000| Untracked 
| 109|0x0000000086d00000, 0x0000000086e00000, 0x0000000086e00000|100%| O|  |TAMS 0x0000000086e00000, 0x0000000086d00000| Untracked 
| 110|0x0000000086e00000, 0x0000000086f00000, 0x0000000086f00000|100%| O|  |TAMS 0x0000000086f00000, 0x0000000086e00000| Untracked 
| 111|0x0000000086f00000, 0x0000000087000000, 0x0000000087000000|100%| O|  |TAMS 0x0000000087000000, 0x0000000086f00000| Untracked 
| 112|0x0000000087000000, 0x0000000087100000, 0x0000000087100000|100%| O|  |TAMS 0x0000000087100000, 0x0000000087000000| Untracked 
| 113|0x0000000087100000, 0x0000000087200000, 0x0000000087200000|100%| O|  |TAMS 0x0000000087200000, 0x0000000087100000| Untracked 
| 114|0x0000000087200000, 0x0000000087300000, 0x0000000087300000|100%| O|  |TAMS 0x0000000087300000, 0x0000000087200000| Untracked 
| 115|0x0000000087300000, 0x0000000087400000, 0x0000000087400000|100%| O|  |TAMS 0x0000000087400000, 0x0000000087300000| Untracked 
| 116|0x0000000087400000, 0x0000000087500000, 0x0000000087500000|100%| O|  |TAMS 0x0000000087500000, 0x0000000087400000| Untracked 
| 117|0x0000000087500000, 0x0000000087600000, 0x0000000087600000|100%| O|  |TAMS 0x0000000087600000, 0x0000000087500000| Untracked 
| 118|0x0000000087600000, 0x0000000087700000, 0x0000000087700000|100%| O|  |TAMS 0x0000000087700000, 0x0000000087600000| Untracked 
| 119|0x0000000087700000, 0x0000000087800000, 0x0000000087800000|100%| O|  |TAMS 0x0000000087800000, 0x0000000087700000| Untracked 
| 120|0x0000000087800000, 0x0000000087900000, 0x0000000087900000|100%| O|  |TAMS 0x0000000087800000, 0x0000000087800000| Untracked 
| 121|0x0000000087900000, 0x0000000087a00000, 0x0000000087a00000|100%| O|  |TAMS 0x0000000087a00000, 0x0000000087900000| Untracked 
| 122|0x0000000087a00000, 0x0000000087b00000, 0x0000000087b00000|100%| O|  |TAMS 0x0000000087a00000, 0x0000000087a00000| Untracked 
| 123|0x0000000087b00000, 0x0000000087c00000, 0x0000000087c00000|100%| O|  |TAMS 0x0000000087c00000, 0x0000000087b00000| Untracked 
| 124|0x0000000087c00000, 0x0000000087d00000, 0x0000000087d00000|100%| O|  |TAMS 0x0000000087d00000, 0x0000000087c00000| Untracked 
| 125|0x0000000087d00000, 0x0000000087e00000, 0x0000000087e00000|100%| O|  |TAMS 0x0000000087e00000, 0x0000000087d00000| Untracked 
| 126|0x0000000087e00000, 0x0000000087f00000, 0x0000000087f00000|100%| O|  |TAMS 0x0000000087f00000, 0x0000000087e00000| Untracked 
| 127|0x0000000087f00000, 0x0000000088000000, 0x0000000088000000|100%| O|  |TAMS 0x0000000088000000, 0x0000000087f00000| Untracked 
| 128|0x0000000088000000, 0x0000000088100000, 0x0000000088100000|100%|HS|  |TAMS 0x0000000088100000, 0x0000000088000000| Complete 
| 129|0x0000000088100000, 0x0000000088200000, 0x0000000088200000|100%|HS|  |TAMS 0x0000000088200000, 0x0000000088100000| Complete 
| 130|0x0000000088200000, 0x0000000088300000, 0x0000000088300000|100%|HS|  |TAMS 0x0000000088300000, 0x0000000088200000| Complete 
| 131|0x0000000088300000, 0x0000000088400000, 0x0000000088400000|100%|HC|  |TAMS 0x0000000088400000, 0x0000000088300000| Complete 
| 132|0x0000000088400000, 0x0000000088500000, 0x0000000088500000|100%| O|  |TAMS 0x0000000088400000, 0x0000000088400000| Untracked 
| 133|0x0000000088500000, 0x0000000088600000, 0x0000000088600000|100%| O|  |TAMS 0x0000000088600000, 0x0000000088500000| Untracked 
| 134|0x0000000088600000, 0x0000000088700000, 0x0000000088700000|100%| O|  |TAMS 0x0000000088700000, 0x0000000088600000| Untracked 
| 135|0x0000000088700000, 0x0000000088800000, 0x0000000088800000|100%|HS|  |TAMS 0x0000000088700000, 0x0000000088700000| Complete 
| 136|0x0000000088800000, 0x0000000088900000, 0x0000000088900000|100%| O|  |TAMS 0x0000000088900000, 0x0000000088800000| Untracked 
| 137|0x0000000088900000, 0x0000000088a00000, 0x0000000088a00000|100%| O|  |TAMS 0x0000000088a00000, 0x0000000088900000| Untracked 
| 138|0x0000000088a00000, 0x0000000088b00000, 0x0000000088b00000|100%| O|  |TAMS 0x0000000088b00000, 0x0000000088a00000| Untracked 
| 139|0x0000000088b00000, 0x0000000088c00000, 0x0000000088c00000|100%|HS|  |TAMS 0x0000000088b00000, 0x0000000088b00000| Complete 
| 140|0x0000000088c00000, 0x0000000088d00000, 0x0000000088d00000|100%|HC|  |TAMS 0x0000000088c00000, 0x0000000088c00000| Complete 
| 141|0x0000000088d00000, 0x0000000088e00000, 0x0000000088e00000|100%|HC|  |TAMS 0x0000000088d00000, 0x0000000088d00000| Complete 
| 142|0x0000000088e00000, 0x0000000088f00000, 0x0000000088f00000|100%| O|  |TAMS 0x0000000088e00000, 0x0000000088e00000| Untracked 
| 143|0x0000000088f00000, 0x0000000089000000, 0x0000000089000000|100%| O|  |TAMS 0x0000000088f00000, 0x0000000088f00000| Untracked 
| 144|0x0000000089000000, 0x0000000089100000, 0x0000000089100000|100%| O|  |TAMS 0x0000000089000000, 0x0000000089000000| Untracked 
| 145|0x0000000089100000, 0x0000000089200000, 0x0000000089200000|100%| O|  |TAMS 0x0000000089100000, 0x0000000089100000| Untracked 
| 146|0x0000000089200000, 0x0000000089300000, 0x0000000089300000|100%|HS|  |TAMS 0x0000000089300000, 0x0000000089200000| Complete 
| 147|0x0000000089300000, 0x0000000089400000, 0x0000000089400000|100%|HS|  |TAMS 0x0000000089400000, 0x0000000089300000| Complete 
| 148|0x0000000089400000, 0x0000000089500000, 0x0000000089500000|100%| O|  |TAMS 0x0000000089500000, 0x0000000089400000| Untracked 
| 149|0x0000000089500000, 0x0000000089600000, 0x0000000089600000|100%| O|  |TAMS 0x0000000089600000, 0x0000000089500000| Untracked 
| 150|0x0000000089600000, 0x0000000089700000, 0x0000000089700000|100%| O|  |TAMS 0x0000000089700000, 0x0000000089600000| Untracked 
| 151|0x0000000089700000, 0x0000000089800000, 0x0000000089800000|100%|HS|  |TAMS 0x0000000089700000, 0x0000000089700000| Complete 
| 152|0x0000000089800000, 0x0000000089900000, 0x0000000089900000|100%|HC|  |TAMS 0x0000000089800000, 0x0000000089800000| Complete 
| 153|0x0000000089900000, 0x0000000089a00000, 0x0000000089a00000|100%| O|  |TAMS 0x0000000089a00000, 0x0000000089900000| Untracked 
| 154|0x0000000089a00000, 0x0000000089b00000, 0x0000000089b00000|100%| O|  |TAMS 0x0000000089b00000, 0x0000000089a00000| Untracked 
| 155|0x0000000089b00000, 0x0000000089c00000, 0x0000000089c00000|100%| O|  |TAMS 0x0000000089c00000, 0x0000000089b00000| Untracked 
| 156|0x0000000089c00000, 0x0000000089d00000, 0x0000000089d00000|100%| O|  |TAMS 0x0000000089d00000, 0x0000000089c00000| Untracked 
| 157|0x0000000089d00000, 0x0000000089e00000, 0x0000000089e00000|100%| O|  |TAMS 0x0000000089e00000, 0x0000000089d00000| Untracked 
| 158|0x0000000089e00000, 0x0000000089f00000, 0x0000000089f00000|100%| O|  |TAMS 0x0000000089e00000, 0x0000000089e00000| Untracked 
| 159|0x0000000089f00000, 0x000000008a000000, 0x000000008a000000|100%| O|  |TAMS 0x0000000089f00000, 0x0000000089f00000| Untracked 
| 160|0x000000008a000000, 0x000000008a100000, 0x000000008a100000|100%| O|  |TAMS 0x000000008a000000, 0x000000008a000000| Untracked 
| 161|0x000000008a100000, 0x000000008a200000, 0x000000008a200000|100%| O|  |TAMS 0x000000008a200000, 0x000000008a100000| Untracked 
| 162|0x000000008a200000, 0x000000008a300000, 0x000000008a300000|100%| O|  |TAMS 0x000000008a200000, 0x000000008a200000| Untracked 
| 163|0x000000008a300000, 0x000000008a400000, 0x000000008a400000|100%| O|  |TAMS 0x000000008a300000, 0x000000008a300000| Untracked 
| 164|0x000000008a400000, 0x000000008a500000, 0x000000008a500000|100%| O|  |TAMS 0x000000008a400000, 0x000000008a400000| Untracked 
| 165|0x000000008a500000, 0x000000008a600000, 0x000000008a600000|100%| O|  |TAMS 0x000000008a500000, 0x000000008a500000| Untracked 
| 166|0x000000008a600000, 0x000000008a700000, 0x000000008a700000|100%|HS|  |TAMS 0x000000008a600000, 0x000000008a600000| Complete 
| 167|0x000000008a700000, 0x000000008a800000, 0x000000008a800000|100%| O|  |TAMS 0x000000008a800000, 0x000000008a700000| Untracked 
| 168|0x000000008a800000, 0x000000008a900000, 0x000000008a900000|100%| O|  |TAMS 0x000000008a900000, 0x000000008a800000| Untracked 
| 169|0x000000008a900000, 0x000000008aa00000, 0x000000008aa00000|100%| O|  |TAMS 0x000000008aa00000, 0x000000008a900000| Untracked 
| 170|0x000000008aa00000, 0x000000008ab00000, 0x000000008ab00000|100%| O|  |TAMS 0x000000008ab00000, 0x000000008aa00000| Untracked 
| 171|0x000000008ab00000, 0x000000008ac00000, 0x000000008ac00000|100%| O|  |TAMS 0x000000008ac00000, 0x000000008ab00000| Untracked 
| 172|0x000000008ac00000, 0x000000008ad00000, 0x000000008ad00000|100%|HS|  |TAMS 0x000000008ac00000, 0x000000008ac00000| Complete 
| 173|0x000000008ad00000, 0x000000008ae00000, 0x000000008ae00000|100%| O|  |TAMS 0x000000008ad00000, 0x000000008ad00000| Untracked 
| 174|0x000000008ae00000, 0x000000008af00000, 0x000000008af00000|100%|HS|  |TAMS 0x000000008ae00000, 0x000000008ae00000| Complete 
| 175|0x000000008af00000, 0x000000008b000000, 0x000000008b000000|100%|HC|  |TAMS 0x000000008af00000, 0x000000008af00000| Complete 
| 176|0x000000008b000000, 0x000000008b100000, 0x000000008b100000|100%|HS|  |TAMS 0x000000008b100000, 0x000000008b000000| Complete 
| 177|0x000000008b100000, 0x000000008b200000, 0x000000008b200000|100%|HS|  |TAMS 0x000000008b200000, 0x000000008b100000| Complete 
| 178|0x000000008b200000, 0x000000008b300000, 0x000000008b300000|100%|HS|  |TAMS 0x000000008b300000, 0x000000008b200000| Complete 
| 179|0x000000008b300000, 0x000000008b400000, 0x000000008b400000|100%|HS|  |TAMS 0x000000008b400000, 0x000000008b300000| Complete 
| 180|0x000000008b400000, 0x000000008b500000, 0x000000008b500000|100%| O|  |TAMS 0x000000008b400000, 0x000000008b400000| Untracked 
| 181|0x000000008b500000, 0x000000008b600000, 0x000000008b600000|100%| O|  |TAMS 0x000000008b500000, 0x000000008b500000| Untracked 
| 182|0x000000008b600000, 0x000000008b700000, 0x000000008b700000|100%| O|  |TAMS 0x000000008b600000, 0x000000008b600000| Untracked 
| 183|0x000000008b700000, 0x000000008b800000, 0x000000008b800000|100%| O|  |TAMS 0x000000008b800000, 0x000000008b700000| Untracked 
| 184|0x000000008b800000, 0x000000008b900000, 0x000000008b900000|100%| O|  |TAMS 0x000000008b900000, 0x000000008b800000| Untracked 
| 185|0x000000008b900000, 0x000000008ba00000, 0x000000008ba00000|100%| O|  |TAMS 0x000000008ba00000, 0x000000008b900000| Untracked 
| 186|0x000000008ba00000, 0x000000008bb00000, 0x000000008bb00000|100%|HS|  |TAMS 0x000000008bb00000, 0x000000008ba00000| Complete 
| 187|0x000000008bb00000, 0x000000008bc00000, 0x000000008bc00000|100%| O|  |TAMS 0x000000008bc00000, 0x000000008bb00000| Untracked 
| 188|0x000000008bc00000, 0x000000008bd00000, 0x000000008bd00000|100%| O|  |TAMS 0x000000008bd00000, 0x000000008bc00000| Untracked 
| 189|0x000000008bd00000, 0x000000008be00000, 0x000000008be00000|100%| O|  |TAMS 0x000000008be00000, 0x000000008bd00000| Untracked 
| 190|0x000000008be00000, 0x000000008bf00000, 0x000000008bf00000|100%| O|  |TAMS 0x000000008bf00000, 0x000000008be00000| Untracked 
| 191|0x000000008bf00000, 0x000000008c000000, 0x000000008c000000|100%| O|  |TAMS 0x000000008c000000, 0x000000008bf00000| Untracked 
| 192|0x000000008c000000, 0x000000008c100000, 0x000000008c100000|100%| O|  |TAMS 0x000000008c100000, 0x000000008c000000| Untracked 
| 193|0x000000008c100000, 0x000000008c200000, 0x000000008c200000|100%| O|  |TAMS 0x000000008c200000, 0x000000008c100000| Untracked 
| 194|0x000000008c200000, 0x000000008c300000, 0x000000008c300000|100%| O|  |TAMS 0x000000008c300000, 0x000000008c200000| Untracked 
| 195|0x000000008c300000, 0x000000008c400000, 0x000000008c400000|100%| O|  |TAMS 0x000000008c400000, 0x000000008c300000| Untracked 
| 196|0x000000008c400000, 0x000000008c500000, 0x000000008c500000|100%| O|  |TAMS 0x000000008c500000, 0x000000008c400000| Untracked 
| 197|0x000000008c500000, 0x000000008c600000, 0x000000008c600000|100%| O|  |TAMS 0x000000008c600000, 0x000000008c500000| Untracked 
| 198|0x000000008c600000, 0x000000008c700000, 0x000000008c700000|100%|HS|  |TAMS 0x000000008c600000, 0x000000008c600000| Complete 
| 199|0x000000008c700000, 0x000000008c800000, 0x000000008c800000|100%| O|  |TAMS 0x000000008c800000, 0x000000008c700000| Untracked 
| 200|0x000000008c800000, 0x000000008c900000, 0x000000008c900000|100%| O|  |TAMS 0x000000008c900000, 0x000000008c800000| Untracked 
| 201|0x000000008c900000, 0x000000008ca00000, 0x000000008ca00000|100%| O|  |TAMS 0x000000008ca00000, 0x000000008c900000| Untracked 
| 202|0x000000008ca00000, 0x000000008cb00000, 0x000000008cb00000|100%| O|  |TAMS 0x000000008cb00000, 0x000000008ca00000| Untracked 
| 203|0x000000008cb00000, 0x000000008cc00000, 0x000000008cc00000|100%| O|  |TAMS 0x000000008cc00000, 0x000000008cb00000| Untracked 
| 204|0x000000008cc00000, 0x000000008cd00000, 0x000000008cd00000|100%| O|  |TAMS 0x000000008cd00000, 0x000000008cc00000| Untracked 
| 205|0x000000008cd00000, 0x000000008ce00000, 0x000000008ce00000|100%|HS|  |TAMS 0x000000008cd00000, 0x000000008cd00000| Complete 
| 206|0x000000008ce00000, 0x000000008cf00000, 0x000000008cf00000|100%| O|  |TAMS 0x000000008cf00000, 0x000000008ce00000| Untracked 
| 207|0x000000008cf00000, 0x000000008d000000, 0x000000008d000000|100%|HS|  |TAMS 0x000000008cf00000, 0x000000008cf00000| Complete 
| 208|0x000000008d000000, 0x000000008d100000, 0x000000008d100000|100%|HC|  |TAMS 0x000000008d000000, 0x000000008d000000| Complete 
| 209|0x000000008d100000, 0x000000008d200000, 0x000000008d200000|100%| O|  |TAMS 0x000000008d100000, 0x000000008d100000| Untracked 
| 210|0x000000008d200000, 0x000000008d300000, 0x000000008d300000|100%| O|  |TAMS 0x000000008d300000, 0x000000008d200000| Untracked 
| 211|0x000000008d300000, 0x000000008d400000, 0x000000008d400000|100%| O|  |TAMS 0x000000008d400000, 0x000000008d300000| Untracked 
| 212|0x000000008d400000, 0x000000008d500000, 0x000000008d500000|100%| O|  |TAMS 0x000000008d500000, 0x000000008d400000| Untracked 
| 213|0x000000008d500000, 0x000000008d600000, 0x000000008d600000|100%| O|  |TAMS 0x000000008d600000, 0x000000008d500000| Untracked 
| 214|0x000000008d600000, 0x000000008d700000, 0x000000008d700000|100%| O|  |TAMS 0x000000008d700000, 0x000000008d600000| Untracked 
| 215|0x000000008d700000, 0x000000008d800000, 0x000000008d800000|100%| O|  |TAMS 0x000000008d800000, 0x000000008d700000| Untracked 
| 216|0x000000008d800000, 0x000000008d900000, 0x000000008d900000|100%| O|  |TAMS 0x000000008d900000, 0x000000008d800000| Untracked 
| 217|0x000000008d900000, 0x000000008da00000, 0x000000008da00000|100%| O|  |TAMS 0x000000008da00000, 0x000000008d900000| Untracked 
| 218|0x000000008da00000, 0x000000008db00000, 0x000000008db00000|100%| O|  |TAMS 0x000000008db00000, 0x000000008da00000| Untracked 
| 219|0x000000008db00000, 0x000000008dc00000, 0x000000008dc00000|100%| O|  |TAMS 0x000000008dc00000, 0x000000008db00000| Untracked 
| 220|0x000000008dc00000, 0x000000008dd00000, 0x000000008dd00000|100%| O|  |TAMS 0x000000008dd00000, 0x000000008dc00000| Untracked 
| 221|0x000000008dd00000, 0x000000008de00000, 0x000000008de00000|100%| O|  |TAMS 0x000000008de00000, 0x000000008dd00000| Untracked 
| 222|0x000000008de00000, 0x000000008df00000, 0x000000008df00000|100%| O|  |TAMS 0x000000008df00000, 0x000000008de00000| Untracked 
| 223|0x000000008df00000, 0x000000008e000000, 0x000000008e000000|100%| O|  |TAMS 0x000000008e000000, 0x000000008df00000| Untracked 
| 224|0x000000008e000000, 0x000000008e100000, 0x000000008e100000|100%| O|  |TAMS 0x000000008e100000, 0x000000008e000000| Untracked 
| 225|0x000000008e100000, 0x000000008e200000, 0x000000008e200000|100%| O|  |TAMS 0x000000008e200000, 0x000000008e100000| Untracked 
| 226|0x000000008e200000, 0x000000008e300000, 0x000000008e300000|100%| O|  |TAMS 0x000000008e300000, 0x000000008e200000| Untracked 
| 227|0x000000008e300000, 0x000000008e400000, 0x000000008e400000|100%| O|  |TAMS 0x000000008e400000, 0x000000008e300000| Untracked 
| 228|0x000000008e400000, 0x000000008e500000, 0x000000008e500000|100%| O|  |TAMS 0x000000008e500000, 0x000000008e400000| Untracked 
| 229|0x000000008e500000, 0x000000008e600000, 0x000000008e600000|100%| O|  |TAMS 0x000000008e600000, 0x000000008e500000| Untracked 
| 230|0x000000008e600000, 0x000000008e700000, 0x000000008e700000|100%| O|  |TAMS 0x000000008e700000, 0x000000008e600000| Untracked 
| 231|0x000000008e700000, 0x000000008e800000, 0x000000008e800000|100%| O|  |TAMS 0x000000008e800000, 0x000000008e700000| Untracked 
| 232|0x000000008e800000, 0x000000008e900000, 0x000000008e900000|100%| O|  |TAMS 0x000000008e900000, 0x000000008e800000| Untracked 
| 233|0x000000008e900000, 0x000000008ea00000, 0x000000008ea00000|100%| O|  |TAMS 0x000000008ea00000, 0x000000008e900000| Untracked 
| 234|0x000000008ea00000, 0x000000008eb00000, 0x000000008eb00000|100%| O|  |TAMS 0x000000008eb00000, 0x000000008ea00000| Untracked 
| 235|0x000000008eb00000, 0x000000008ec00000, 0x000000008ec00000|100%| O|  |TAMS 0x000000008ec00000, 0x000000008eb00000| Untracked 
| 236|0x000000008ec00000, 0x000000008ed00000, 0x000000008ed00000|100%| O|  |TAMS 0x000000008ed00000, 0x000000008ec00000| Untracked 
| 237|0x000000008ed00000, 0x000000008ee00000, 0x000000008ee00000|100%| O|  |TAMS 0x000000008ee00000, 0x000000008ed00000| Untracked 
| 238|0x000000008ee00000, 0x000000008ef00000, 0x000000008ef00000|100%| O|  |TAMS 0x000000008ef00000, 0x000000008ee00000| Untracked 
| 239|0x000000008ef00000, 0x000000008f000000, 0x000000008f000000|100%| O|  |TAMS 0x000000008f000000, 0x000000008ef00000| Untracked 
| 240|0x000000008f000000, 0x000000008f100000, 0x000000008f100000|100%| O|  |TAMS 0x000000008f100000, 0x000000008f000000| Untracked 
| 241|0x000000008f100000, 0x000000008f200000, 0x000000008f200000|100%| O|  |TAMS 0x000000008f100000, 0x000000008f100000| Untracked 
| 242|0x000000008f200000, 0x000000008f300000, 0x000000008f300000|100%| O|  |TAMS 0x000000008f300000, 0x000000008f200000| Untracked 
| 243|0x000000008f300000, 0x000000008f400000, 0x000000008f400000|100%| O|  |TAMS 0x000000008f400000, 0x000000008f300000| Untracked 
| 244|0x000000008f400000, 0x000000008f500000, 0x000000008f500000|100%| O|  |TAMS 0x000000008f500000, 0x000000008f400000| Untracked 
| 245|0x000000008f500000, 0x000000008f600000, 0x000000008f600000|100%| O|  |TAMS 0x000000008f600000, 0x000000008f500000| Untracked 
| 246|0x000000008f600000, 0x000000008f700000, 0x000000008f700000|100%| O|  |TAMS 0x000000008f700000, 0x000000008f600000| Untracked 
| 247|0x000000008f700000, 0x000000008f800000, 0x000000008f800000|100%| O|  |TAMS 0x000000008f700000, 0x000000008f700000| Untracked 
| 248|0x000000008f800000, 0x000000008f900000, 0x000000008f900000|100%| O|  |TAMS 0x000000008f800000, 0x000000008f800000| Untracked 
| 249|0x000000008f900000, 0x000000008fa00000, 0x000000008fa00000|100%| O|  |TAMS 0x000000008fa00000, 0x000000008f900000| Untracked 
| 250|0x000000008fa00000, 0x000000008fb00000, 0x000000008fb00000|100%| O|  |TAMS 0x000000008fb00000, 0x000000008fa00000| Untracked 
| 251|0x000000008fb00000, 0x000000008fc00000, 0x000000008fc00000|100%| O|  |TAMS 0x000000008fc00000, 0x000000008fb00000| Untracked 
| 252|0x000000008fc00000, 0x000000008fd00000, 0x000000008fd00000|100%| O|  |TAMS 0x000000008fd00000, 0x000000008fc00000| Untracked 
| 253|0x000000008fd00000, 0x000000008fe00000, 0x000000008fe00000|100%| O|  |TAMS 0x000000008fe00000, 0x000000008fd00000| Untracked 
| 254|0x000000008fe00000, 0x000000008ff00000, 0x000000008ff00000|100%| O|  |TAMS 0x000000008ff00000, 0x000000008fe00000| Untracked 
| 255|0x000000008ff00000, 0x0000000090000000, 0x0000000090000000|100%|HS|  |TAMS 0x000000008ff00000, 0x000000008ff00000| Complete 
| 256|0x0000000090000000, 0x0000000090100000, 0x0000000090100000|100%|HC|  |TAMS 0x0000000090000000, 0x0000000090000000| Complete 
| 257|0x0000000090100000, 0x0000000090200000, 0x0000000090200000|100%| O|  |TAMS 0x0000000090200000, 0x0000000090100000| Untracked 
| 258|0x0000000090200000, 0x0000000090300000, 0x0000000090300000|100%| O|  |TAMS 0x0000000090300000, 0x0000000090200000| Untracked 
| 259|0x0000000090300000, 0x0000000090400000, 0x0000000090400000|100%| O|  |TAMS 0x0000000090400000, 0x0000000090300000| Untracked 
| 260|0x0000000090400000, 0x0000000090500000, 0x0000000090500000|100%| O|  |TAMS 0x0000000090500000, 0x0000000090400000| Untracked 
| 261|0x0000000090500000, 0x0000000090600000, 0x0000000090600000|100%| O|  |TAMS 0x0000000090600000, 0x0000000090500000| Untracked 
| 262|0x0000000090600000, 0x0000000090700000, 0x0000000090700000|100%| O|  |TAMS 0x0000000090600000, 0x0000000090600000| Untracked 
| 263|0x0000000090700000, 0x0000000090800000, 0x0000000090800000|100%| O|  |TAMS 0x0000000090800000, 0x0000000090700000| Untracked 
| 264|0x0000000090800000, 0x0000000090900000, 0x0000000090900000|100%| O|  |TAMS 0x0000000090900000, 0x0000000090800000| Untracked 
| 265|0x0000000090900000, 0x0000000090a00000, 0x0000000090a00000|100%| O|  |TAMS 0x0000000090900000, 0x0000000090900000| Untracked 
| 266|0x0000000090a00000, 0x0000000090b00000, 0x0000000090b00000|100%| O|  |TAMS 0x0000000090b00000, 0x0000000090a00000| Untracked 
| 267|0x0000000090b00000, 0x0000000090c00000, 0x0000000090c00000|100%| O|  |TAMS 0x0000000090c00000, 0x0000000090b00000| Untracked 
| 268|0x0000000090c00000, 0x0000000090d00000, 0x0000000090d00000|100%| O|  |TAMS 0x0000000090d00000, 0x0000000090c00000| Untracked 
| 269|0x0000000090d00000, 0x0000000090e00000, 0x0000000090e00000|100%| O|  |TAMS 0x0000000090e00000, 0x0000000090d00000| Untracked 
| 270|0x0000000090e00000, 0x0000000090f00000, 0x0000000090f00000|100%| O|  |TAMS 0x0000000090f00000, 0x0000000090e00000| Untracked 
| 271|0x0000000090f00000, 0x0000000091000000, 0x0000000091000000|100%| O|  |TAMS 0x0000000091000000, 0x0000000090f00000| Untracked 
| 272|0x0000000091000000, 0x0000000091100000, 0x0000000091100000|100%| O|  |TAMS 0x0000000091100000, 0x0000000091000000| Untracked 
| 273|0x0000000091100000, 0x0000000091200000, 0x0000000091200000|100%| O|  |TAMS 0x0000000091200000, 0x0000000091100000| Untracked 
| 274|0x0000000091200000, 0x0000000091300000, 0x0000000091300000|100%| O|  |TAMS 0x0000000091300000, 0x0000000091200000| Untracked 
| 275|0x0000000091300000, 0x0000000091400000, 0x0000000091400000|100%| O|  |TAMS 0x0000000091400000, 0x0000000091300000| Untracked 
| 276|0x0000000091400000, 0x0000000091500000, 0x0000000091500000|100%| O|  |TAMS 0x0000000091500000, 0x0000000091400000| Untracked 
| 277|0x0000000091500000, 0x0000000091600000, 0x0000000091600000|100%| O|  |TAMS 0x0000000091600000, 0x0000000091500000| Untracked 
| 278|0x0000000091600000, 0x0000000091700000, 0x0000000091700000|100%| O|  |TAMS 0x0000000091700000, 0x0000000091600000| Untracked 
| 279|0x0000000091700000, 0x0000000091800000, 0x0000000091800000|100%| O|  |TAMS 0x0000000091800000, 0x0000000091700000| Untracked 
| 280|0x0000000091800000, 0x0000000091900000, 0x0000000091900000|100%| O|  |TAMS 0x0000000091900000, 0x0000000091800000| Untracked 
| 281|0x0000000091900000, 0x0000000091a00000, 0x0000000091a00000|100%| O|  |TAMS 0x0000000091900000, 0x0000000091900000| Untracked 
| 282|0x0000000091a00000, 0x0000000091b00000, 0x0000000091b00000|100%| O|  |TAMS 0x0000000091b00000, 0x0000000091a00000| Untracked 
| 283|0x0000000091b00000, 0x0000000091c00000, 0x0000000091c00000|100%| O|  |TAMS 0x0000000091b00000, 0x0000000091b00000| Untracked 
| 284|0x0000000091c00000, 0x0000000091d00000, 0x0000000091d00000|100%| O|  |TAMS 0x0000000091d00000, 0x0000000091c00000| Untracked 
| 285|0x0000000091d00000, 0x0000000091e00000, 0x0000000091e00000|100%| O|  |TAMS 0x0000000091e00000, 0x0000000091d00000| Untracked 
| 286|0x0000000091e00000, 0x0000000091f00000, 0x0000000091f00000|100%| O|  |TAMS 0x0000000091e00000, 0x0000000091e00000| Untracked 
| 287|0x0000000091f00000, 0x0000000092000000, 0x0000000092000000|100%| O|  |TAMS 0x0000000092000000, 0x0000000091f00000| Untracked 
| 288|0x0000000092000000, 0x0000000092100000, 0x0000000092100000|100%| O|  |TAMS 0x0000000092100000, 0x0000000092000000| Untracked 
| 289|0x0000000092100000, 0x0000000092200000, 0x0000000092200000|100%| O|  |TAMS 0x0000000092200000, 0x0000000092100000| Untracked 
| 290|0x0000000092200000, 0x0000000092300000, 0x0000000092300000|100%| O|  |TAMS 0x0000000092300000, 0x0000000092200000| Untracked 
| 291|0x0000000092300000, 0x0000000092400000, 0x0000000092400000|100%| O|  |TAMS 0x0000000092400000, 0x0000000092300000| Untracked 
| 292|0x0000000092400000, 0x0000000092500000, 0x0000000092500000|100%| O|  |TAMS 0x0000000092500000, 0x0000000092400000| Untracked 
| 293|0x0000000092500000, 0x0000000092600000, 0x0000000092600000|100%| O|  |TAMS 0x0000000092600000, 0x0000000092500000| Untracked 
| 294|0x0000000092600000, 0x0000000092700000, 0x0000000092700000|100%|HS|  |TAMS 0x0000000092600000, 0x0000000092600000| Complete 
| 295|0x0000000092700000, 0x0000000092800000, 0x0000000092800000|100%|HC|  |TAMS 0x0000000092700000, 0x0000000092700000| Complete 
| 296|0x0000000092800000, 0x0000000092900000, 0x0000000092900000|100%| O|  |TAMS 0x0000000092900000, 0x0000000092800000| Untracked 
| 297|0x0000000092900000, 0x0000000092a00000, 0x0000000092a00000|100%| O|  |TAMS 0x0000000092900000, 0x0000000092900000| Untracked 
| 298|0x0000000092a00000, 0x0000000092b00000, 0x0000000092b00000|100%| O|  |TAMS 0x0000000092b00000, 0x0000000092a00000| Untracked 
| 299|0x0000000092b00000, 0x0000000092c00000, 0x0000000092c00000|100%| O|  |TAMS 0x0000000092b00000, 0x0000000092b00000| Untracked 
| 300|0x0000000092c00000, 0x0000000092d00000, 0x0000000092d00000|100%| O|  |TAMS 0x0000000092c00000, 0x0000000092c00000| Untracked 
| 301|0x0000000092d00000, 0x0000000092e00000, 0x0000000092e00000|100%| O|  |TAMS 0x0000000092e00000, 0x0000000092d00000| Untracked 
| 302|0x0000000092e00000, 0x0000000092f00000, 0x0000000092f00000|100%| O|  |TAMS 0x0000000092f00000, 0x0000000092e00000| Untracked 
| 303|0x0000000092f00000, 0x0000000093000000, 0x0000000093000000|100%| O|  |TAMS 0x0000000093000000, 0x0000000092f00000| Untracked 
| 304|0x0000000093000000, 0x0000000093100000, 0x0000000093100000|100%| O|  |TAMS 0x0000000093000000, 0x0000000093000000| Untracked 
| 305|0x0000000093100000, 0x0000000093200000, 0x0000000093200000|100%| O|  |TAMS 0x0000000093200000, 0x0000000093100000| Untracked 
| 306|0x0000000093200000, 0x0000000093300000, 0x0000000093300000|100%| O|  |TAMS 0x0000000093200000, 0x0000000093200000| Untracked 
| 307|0x0000000093300000, 0x0000000093400000, 0x0000000093400000|100%| O|  |TAMS 0x0000000093300000, 0x0000000093300000| Untracked 
| 308|0x0000000093400000, 0x0000000093500000, 0x0000000093500000|100%| O|  |TAMS 0x0000000093400000, 0x0000000093400000| Untracked 
| 309|0x0000000093500000, 0x0000000093600000, 0x0000000093600000|100%| O|  |TAMS 0x0000000093500000, 0x0000000093500000| Untracked 
| 310|0x0000000093600000, 0x0000000093700000, 0x0000000093700000|100%| O|  |TAMS 0x0000000093600000, 0x0000000093600000| Untracked 
| 311|0x0000000093700000, 0x0000000093800000, 0x0000000093800000|100%|HS|  |TAMS 0x0000000093700000, 0x0000000093700000| Complete 
| 312|0x0000000093800000, 0x0000000093900000, 0x0000000093900000|100%|HC|  |TAMS 0x0000000093800000, 0x0000000093800000| Complete 
| 313|0x0000000093900000, 0x0000000093a00000, 0x0000000093a00000|100%|HC|  |TAMS 0x0000000093900000, 0x0000000093900000| Complete 
| 314|0x0000000093a00000, 0x0000000093b00000, 0x0000000093b00000|100%|HS|  |TAMS 0x0000000093a00000, 0x0000000093a00000| Complete 
| 315|0x0000000093b00000, 0x0000000093c00000, 0x0000000093c00000|100%|HC|  |TAMS 0x0000000093b00000, 0x0000000093b00000| Complete 
| 316|0x0000000093c00000, 0x0000000093d00000, 0x0000000093d00000|100%|HC|  |TAMS 0x0000000093c00000, 0x0000000093c00000| Complete 
| 317|0x0000000093d00000, 0x0000000093e00000, 0x0000000093e00000|100%| O|  |TAMS 0x0000000093d00000, 0x0000000093d00000| Untracked 
| 318|0x0000000093e00000, 0x0000000093f00000, 0x0000000093f00000|100%| O|  |TAMS 0x0000000093e00000, 0x0000000093e00000| Untracked 
| 319|0x0000000093f00000, 0x0000000094000000, 0x0000000094000000|100%| O|  |TAMS 0x0000000093f00000, 0x0000000093f00000| Untracked 
| 320|0x0000000094000000, 0x0000000094100000, 0x0000000094100000|100%| O|  |TAMS 0x0000000094000000, 0x0000000094000000| Untracked 
| 321|0x0000000094100000, 0x0000000094200000, 0x0000000094200000|100%| O|  |TAMS 0x0000000094100000, 0x0000000094100000| Untracked 
| 322|0x0000000094200000, 0x0000000094300000, 0x0000000094300000|100%| O|  |TAMS 0x0000000094200000, 0x0000000094200000| Untracked 
| 323|0x0000000094300000, 0x0000000094400000, 0x0000000094400000|100%| O|  |TAMS 0x0000000094300000, 0x0000000094300000| Untracked 
| 324|0x0000000094400000, 0x0000000094500000, 0x0000000094500000|100%| O|  |TAMS 0x0000000094400000, 0x0000000094400000| Untracked 
| 325|0x0000000094500000, 0x0000000094600000, 0x0000000094600000|100%| O|  |TAMS 0x0000000094500000, 0x0000000094500000| Untracked 
| 326|0x0000000094600000, 0x0000000094700000, 0x0000000094700000|100%| O|  |TAMS 0x0000000094600000, 0x0000000094600000| Untracked 
| 327|0x0000000094700000, 0x0000000094800000, 0x0000000094800000|100%| O|  |TAMS 0x0000000094700000, 0x0000000094700000| Untracked 
| 328|0x0000000094800000, 0x0000000094900000, 0x0000000094900000|100%| O|  |TAMS 0x0000000094800000, 0x0000000094800000| Untracked 
| 329|0x0000000094900000, 0x0000000094a00000, 0x0000000094a00000|100%| O|  |TAMS 0x0000000094900000, 0x0000000094900000| Untracked 
| 330|0x0000000094a00000, 0x0000000094b00000, 0x0000000094b00000|100%| O|  |TAMS 0x0000000094a00000, 0x0000000094a00000| Untracked 
| 331|0x0000000094b00000, 0x0000000094c00000, 0x0000000094c00000|100%| O|  |TAMS 0x0000000094b00000, 0x0000000094b00000| Untracked 
| 332|0x0000000094c00000, 0x0000000094d00000, 0x0000000094d00000|100%| O|  |TAMS 0x0000000094c00000, 0x0000000094c00000| Untracked 
| 333|0x0000000094d00000, 0x0000000094e00000, 0x0000000094e00000|100%|HS|  |TAMS 0x0000000094d00000, 0x0000000094d00000| Complete 
| 334|0x0000000094e00000, 0x0000000094f00000, 0x0000000094f00000|100%| O|  |TAMS 0x0000000094f00000, 0x0000000094e00000| Untracked 
| 335|0x0000000094f00000, 0x0000000095000000, 0x0000000095000000|100%| O|  |TAMS 0x0000000095000000, 0x0000000094f00000| Untracked 
| 336|0x0000000095000000, 0x0000000095100000, 0x0000000095100000|100%| O|  |TAMS 0x0000000095100000, 0x0000000095000000| Untracked 
| 337|0x0000000095100000, 0x0000000095200000, 0x0000000095200000|100%| O|  |TAMS 0x0000000095200000, 0x0000000095100000| Untracked 
| 338|0x0000000095200000, 0x0000000095300000, 0x0000000095300000|100%| O|  |TAMS 0x0000000095300000, 0x0000000095200000| Untracked 
| 339|0x0000000095300000, 0x0000000095400000, 0x0000000095400000|100%| O|  |TAMS 0x0000000095300000, 0x0000000095300000| Untracked 
| 340|0x0000000095400000, 0x0000000095500000, 0x0000000095500000|100%| O|  |TAMS 0x0000000095500000, 0x0000000095400000| Untracked 
| 341|0x0000000095500000, 0x0000000095600000, 0x0000000095600000|100%| O|  |TAMS 0x0000000095600000, 0x0000000095500000| Untracked 
| 342|0x0000000095600000, 0x0000000095700000, 0x0000000095700000|100%| O|  |TAMS 0x0000000095600000, 0x0000000095600000| Untracked 
| 343|0x0000000095700000, 0x0000000095800000, 0x0000000095800000|100%| O|  |TAMS 0x0000000095800000, 0x0000000095700000| Untracked 
| 344|0x0000000095800000, 0x0000000095900000, 0x0000000095900000|100%|HS|  |TAMS 0x0000000095800000, 0x0000000095800000| Complete 
| 345|0x0000000095900000, 0x0000000095a00000, 0x0000000095a00000|100%| O|  |TAMS 0x0000000095a00000, 0x0000000095900000| Untracked 
| 346|0x0000000095a00000, 0x0000000095b00000, 0x0000000095b00000|100%| O|  |TAMS 0x0000000095b00000, 0x0000000095a00000| Untracked 
| 347|0x0000000095b00000, 0x0000000095c00000, 0x0000000095c00000|100%|HS|  |TAMS 0x0000000095b00000, 0x0000000095b00000| Complete 
| 348|0x0000000095c00000, 0x0000000095d00000, 0x0000000095d00000|100%|HC|  |TAMS 0x0000000095c00000, 0x0000000095c00000| Complete 
| 349|0x0000000095d00000, 0x0000000095e00000, 0x0000000095e00000|100%|HS|  |TAMS 0x0000000095d00000, 0x0000000095d00000| Complete 
| 350|0x0000000095e00000, 0x0000000095f00000, 0x0000000095f00000|100%| O|  |TAMS 0x0000000095e00000, 0x0000000095e00000| Untracked 
| 351|0x0000000095f00000, 0x0000000096000000, 0x0000000096000000|100%|HS|  |TAMS 0x0000000095f00000, 0x0000000095f00000| Complete 
| 352|0x0000000096000000, 0x0000000096100000, 0x0000000096100000|100%|HS|  |TAMS 0x0000000096000000, 0x0000000096000000| Complete 
| 353|0x0000000096100000, 0x0000000096200000, 0x0000000096200000|100%|HC|  |TAMS 0x0000000096100000, 0x0000000096100000| Complete 
| 354|0x0000000096200000, 0x0000000096300000, 0x0000000096300000|100%|HC|  |TAMS 0x0000000096200000, 0x0000000096200000| Complete 
| 355|0x0000000096300000, 0x0000000096400000, 0x0000000096400000|100%|HS|  |TAMS 0x0000000096300000, 0x0000000096300000| Complete 
| 356|0x0000000096400000, 0x0000000096500000, 0x0000000096500000|100%|HC|  |TAMS 0x0000000096400000, 0x0000000096400000| Complete 
| 357|0x0000000096500000, 0x0000000096600000, 0x0000000096600000|100%|HS|  |TAMS 0x0000000096500000, 0x0000000096500000| Complete 
| 358|0x0000000096600000, 0x0000000096700000, 0x0000000096700000|100%|HC|  |TAMS 0x0000000096600000, 0x0000000096600000| Complete 
| 359|0x0000000096700000, 0x0000000096800000, 0x0000000096800000|100%| O|  |TAMS 0x0000000096700000, 0x0000000096700000| Untracked 
| 360|0x0000000096800000, 0x0000000096900000, 0x0000000096900000|100%| O|  |TAMS 0x0000000096900000, 0x0000000096800000| Untracked 
| 361|0x0000000096900000, 0x0000000096a00000, 0x0000000096a00000|100%|HS|  |TAMS 0x0000000096900000, 0x0000000096900000| Complete 
| 362|0x0000000096a00000, 0x0000000096b00000, 0x0000000096b00000|100%| O|  |TAMS 0x0000000096a00000, 0x0000000096a00000| Untracked 
| 363|0x0000000096b00000, 0x0000000096c00000, 0x0000000096c00000|100%|HS|  |TAMS 0x0000000096b00000, 0x0000000096b00000| Complete 
| 364|0x0000000096c00000, 0x0000000096d00000, 0x0000000096d00000|100%| O|  |TAMS 0x0000000096c00000, 0x0000000096c00000| Untracked 
| 365|0x0000000096d00000, 0x0000000096e00000, 0x0000000096e00000|100%| O|  |TAMS 0x0000000096d00000, 0x0000000096d00000| Untracked 
| 366|0x0000000096e00000, 0x0000000096f00000, 0x0000000096f00000|100%|HS|  |TAMS 0x0000000096e00000, 0x0000000096e00000| Complete 
| 367|0x0000000096f00000, 0x0000000097000000, 0x0000000097000000|100%| O|  |TAMS 0x0000000096f00000, 0x0000000096f00000| Untracked 
| 368|0x0000000097000000, 0x0000000097100000, 0x0000000097100000|100%|HS|  |TAMS 0x0000000097000000, 0x0000000097000000| Complete 
| 369|0x0000000097100000, 0x0000000097200000, 0x0000000097200000|100%|HS|  |TAMS 0x0000000097100000, 0x0000000097100000| Complete 
| 370|0x0000000097200000, 0x0000000097300000, 0x0000000097300000|100%|HC|  |TAMS 0x0000000097200000, 0x0000000097200000| Complete 
| 371|0x0000000097300000, 0x0000000097400000, 0x0000000097400000|100%| O|  |TAMS 0x0000000097300000, 0x0000000097300000| Untracked 
| 372|0x0000000097400000, 0x0000000097500000, 0x0000000097500000|100%|HS|  |TAMS 0x0000000097400000, 0x0000000097400000| Complete 
| 373|0x0000000097500000, 0x0000000097600000, 0x0000000097600000|100%|HC|  |TAMS 0x0000000097500000, 0x0000000097500000| Complete 
| 374|0x0000000097600000, 0x0000000097700000, 0x0000000097700000|100%| O|  |TAMS 0x0000000097600000, 0x0000000097600000| Untracked 
| 375|0x0000000097700000, 0x0000000097800000, 0x0000000097800000|100%|HS|  |TAMS 0x0000000097700000, 0x0000000097700000| Complete 
| 376|0x0000000097800000, 0x0000000097900000, 0x0000000097900000|100%| O|  |TAMS 0x0000000097800000, 0x0000000097800000| Untracked 
| 377|0x0000000097900000, 0x0000000097a00000, 0x0000000097a00000|100%| O|  |TAMS 0x0000000097900000, 0x0000000097900000| Untracked 
| 378|0x0000000097a00000, 0x0000000097b00000, 0x0000000097b00000|100%| O|  |TAMS 0x0000000097a00000, 0x0000000097a00000| Untracked 
| 379|0x0000000097b00000, 0x0000000097c00000, 0x0000000097c00000|100%| O|  |TAMS 0x0000000097b00000, 0x0000000097b00000| Untracked 
| 380|0x0000000097c00000, 0x0000000097d00000, 0x0000000097d00000|100%| O|  |TAMS 0x0000000097c00000, 0x0000000097c00000| Untracked 
| 381|0x0000000097d00000, 0x0000000097e00000, 0x0000000097e00000|100%| O|  |TAMS 0x0000000097d00000, 0x0000000097d00000| Untracked 
| 382|0x0000000097e00000, 0x0000000097f00000, 0x0000000097f00000|100%|HS|  |TAMS 0x0000000097e00000, 0x0000000097e00000| Complete 
| 383|0x0000000097f00000, 0x0000000098000000, 0x0000000098000000|100%|HC|  |TAMS 0x0000000097f00000, 0x0000000097f00000| Complete 
| 384|0x0000000098000000, 0x0000000098100000, 0x0000000098100000|100%| O|  |TAMS 0x0000000098000000, 0x0000000098000000| Untracked 
| 385|0x0000000098100000, 0x0000000098200000, 0x0000000098200000|100%| O|  |TAMS 0x0000000098200000, 0x0000000098100000| Untracked 
| 386|0x0000000098200000, 0x0000000098300000, 0x0000000098300000|100%|HS|  |TAMS 0x0000000098200000, 0x0000000098200000| Complete 
| 387|0x0000000098300000, 0x0000000098400000, 0x0000000098400000|100%|HC|  |TAMS 0x0000000098300000, 0x0000000098300000| Complete 
| 388|0x0000000098400000, 0x0000000098500000, 0x0000000098500000|100%| O|  |TAMS 0x0000000098500000, 0x0000000098400000| Untracked 
| 389|0x0000000098500000, 0x0000000098600000, 0x0000000098600000|100%|HS|  |TAMS 0x0000000098500000, 0x0000000098500000| Complete 
| 390|0x0000000098600000, 0x0000000098700000, 0x0000000098700000|100%|HC|  |TAMS 0x0000000098600000, 0x0000000098600000| Complete 
| 391|0x0000000098700000, 0x0000000098800000, 0x0000000098800000|100%|HC|  |TAMS 0x0000000098700000, 0x0000000098700000| Complete 
| 392|0x0000000098800000, 0x0000000098900000, 0x0000000098900000|100%| O|  |TAMS 0x0000000098800000, 0x0000000098800000| Untracked 
| 393|0x0000000098900000, 0x0000000098a00000, 0x0000000098a00000|100%| O|  |TAMS 0x0000000098900000, 0x0000000098900000| Untracked 
| 394|0x0000000098a00000, 0x0000000098b00000, 0x0000000098b00000|100%| O|  |TAMS 0x0000000098a00000, 0x0000000098a00000| Untracked 
| 395|0x0000000098b00000, 0x0000000098c00000, 0x0000000098c00000|100%|HS|  |TAMS 0x0000000098b00000, 0x0000000098b00000| Complete 
| 396|0x0000000098c00000, 0x0000000098d00000, 0x0000000098d00000|100%|HC|  |TAMS 0x0000000098c00000, 0x0000000098c00000| Complete 
| 397|0x0000000098d00000, 0x0000000098e00000, 0x0000000098e00000|100%|HC|  |TAMS 0x0000000098d00000, 0x0000000098d00000| Complete 
| 398|0x0000000098e00000, 0x0000000098f00000, 0x0000000098f00000|100%| O|  |TAMS 0x0000000098e00000, 0x0000000098e00000| Untracked 
| 399|0x0000000098f00000, 0x0000000099000000, 0x0000000099000000|100%| O|  |TAMS 0x0000000098f00000, 0x0000000098f00000| Untracked 
| 400|0x0000000099000000, 0x0000000099100000, 0x0000000099100000|100%| O|  |TAMS 0x0000000099000000, 0x0000000099000000| Untracked 
| 401|0x0000000099100000, 0x0000000099200000, 0x0000000099200000|100%| O|  |TAMS 0x0000000099100000, 0x0000000099100000| Untracked 
| 402|0x0000000099200000, 0x0000000099300000, 0x0000000099300000|100%| O|  |TAMS 0x0000000099200000, 0x0000000099200000| Untracked 
| 403|0x0000000099300000, 0x0000000099400000, 0x0000000099400000|100%| O|  |TAMS 0x0000000099300000, 0x0000000099300000| Untracked 
| 404|0x0000000099400000, 0x0000000099500000, 0x0000000099500000|100%| O|  |TAMS 0x0000000099400000, 0x0000000099400000| Untracked 
| 405|0x0000000099500000, 0x0000000099600000, 0x0000000099600000|100%|HS|  |TAMS 0x0000000099500000, 0x0000000099500000| Complete 
| 406|0x0000000099600000, 0x0000000099700000, 0x0000000099700000|100%|HC|  |TAMS 0x0000000099600000, 0x0000000099600000| Complete 
| 407|0x0000000099700000, 0x0000000099800000, 0x0000000099800000|100%|HS|  |TAMS 0x0000000099700000, 0x0000000099700000| Complete 
| 408|0x0000000099800000, 0x0000000099900000, 0x0000000099900000|100%|HC|  |TAMS 0x0000000099800000, 0x0000000099800000| Complete 
| 409|0x0000000099900000, 0x0000000099a00000, 0x0000000099a00000|100%|HS|  |TAMS 0x0000000099900000, 0x0000000099900000| Complete 
| 410|0x0000000099a00000, 0x0000000099b00000, 0x0000000099b00000|100%| O|  |TAMS 0x0000000099a00000, 0x0000000099a00000| Untracked 
| 411|0x0000000099b00000, 0x0000000099c00000, 0x0000000099c00000|100%| O|  |TAMS 0x0000000099b00000, 0x0000000099b00000| Untracked 
| 412|0x0000000099c00000, 0x0000000099d00000, 0x0000000099d00000|100%| O|  |TAMS 0x0000000099c00000, 0x0000000099c00000| Untracked 
| 413|0x0000000099d00000, 0x0000000099e00000, 0x0000000099e00000|100%| O|  |TAMS 0x0000000099d00000, 0x0000000099d00000| Untracked 
| 414|0x0000000099e00000, 0x0000000099f00000, 0x0000000099f00000|100%| O|  |TAMS 0x0000000099e00000, 0x0000000099e00000| Untracked 
| 415|0x0000000099f00000, 0x000000009a000000, 0x000000009a000000|100%| O|  |TAMS 0x0000000099f00000, 0x0000000099f00000| Untracked 
| 416|0x000000009a000000, 0x000000009a100000, 0x000000009a100000|100%| O|  |TAMS 0x000000009a000000, 0x000000009a000000| Untracked 
| 417|0x000000009a100000, 0x000000009a200000, 0x000000009a200000|100%| O|  |TAMS 0x000000009a100000, 0x000000009a100000| Untracked 
| 418|0x000000009a200000, 0x000000009a300000, 0x000000009a300000|100%| O|  |TAMS 0x000000009a200000, 0x000000009a200000| Untracked 
| 419|0x000000009a300000, 0x000000009a400000, 0x000000009a400000|100%| O|  |TAMS 0x000000009a300000, 0x000000009a300000| Untracked 
| 420|0x000000009a400000, 0x000000009a500000, 0x000000009a500000|100%| O|  |TAMS 0x000000009a400000, 0x000000009a400000| Untracked 
| 421|0x000000009a500000, 0x000000009a600000, 0x000000009a600000|100%| O|  |TAMS 0x000000009a500000, 0x000000009a500000| Untracked 
| 422|0x000000009a600000, 0x000000009a700000, 0x000000009a700000|100%| O|  |TAMS 0x000000009a600000, 0x000000009a600000| Untracked 
| 423|0x000000009a700000, 0x000000009a800000, 0x000000009a800000|100%| O|  |TAMS 0x000000009a700000, 0x000000009a700000| Untracked 
| 424|0x000000009a800000, 0x000000009a900000, 0x000000009a900000|100%| O|  |TAMS 0x000000009a800000, 0x000000009a800000| Untracked 
| 425|0x000000009a900000, 0x000000009aa00000, 0x000000009aa00000|100%| O|  |TAMS 0x000000009a900000, 0x000000009a900000| Untracked 
| 426|0x000000009aa00000, 0x000000009ab00000, 0x000000009ab00000|100%| O|  |TAMS 0x000000009aa00000, 0x000000009aa00000| Untracked 
| 427|0x000000009ab00000, 0x000000009ac00000, 0x000000009ac00000|100%| O|  |TAMS 0x000000009ab00000, 0x000000009ab00000| Untracked 
| 428|0x000000009ac00000, 0x000000009ad00000, 0x000000009ad00000|100%| O|  |TAMS 0x000000009ac00000, 0x000000009ac00000| Untracked 
| 429|0x000000009ad00000, 0x000000009ae00000, 0x000000009ae00000|100%| O|  |TAMS 0x000000009ad00000, 0x000000009ad00000| Untracked 
| 430|0x000000009ae00000, 0x000000009af00000, 0x000000009af00000|100%| O|  |TAMS 0x000000009ae00000, 0x000000009ae00000| Untracked 
| 431|0x000000009af00000, 0x000000009b000000, 0x000000009b000000|100%| O|  |TAMS 0x000000009af00000, 0x000000009af00000| Untracked 
| 432|0x000000009b000000, 0x000000009b100000, 0x000000009b100000|100%| O|  |TAMS 0x000000009b000000, 0x000000009b000000| Untracked 
| 433|0x000000009b100000, 0x000000009b200000, 0x000000009b200000|100%| O|  |TAMS 0x000000009b100000, 0x000000009b100000| Untracked 
| 434|0x000000009b200000, 0x000000009b300000, 0x000000009b300000|100%| O|  |TAMS 0x000000009b200000, 0x000000009b200000| Untracked 
| 435|0x000000009b300000, 0x000000009b400000, 0x000000009b400000|100%| O|  |TAMS 0x000000009b300000, 0x000000009b300000| Untracked 
| 436|0x000000009b400000, 0x000000009b500000, 0x000000009b500000|100%| O|  |TAMS 0x000000009b400000, 0x000000009b400000| Untracked 
| 437|0x000000009b500000, 0x000000009b600000, 0x000000009b600000|100%| O|  |TAMS 0x000000009b500000, 0x000000009b500000| Untracked 
| 438|0x000000009b600000, 0x000000009b700000, 0x000000009b700000|100%| O|  |TAMS 0x000000009b600000, 0x000000009b600000| Untracked 
| 439|0x000000009b700000, 0x000000009b800000, 0x000000009b800000|100%| O|  |TAMS 0x000000009b700000, 0x000000009b700000| Untracked 
| 440|0x000000009b800000, 0x000000009b900000, 0x000000009b900000|100%| O|  |TAMS 0x000000009b800000, 0x000000009b800000| Untracked 
| 441|0x000000009b900000, 0x000000009ba00000, 0x000000009ba00000|100%| O|  |TAMS 0x000000009b900000, 0x000000009b900000| Untracked 
| 442|0x000000009ba00000, 0x000000009bb00000, 0x000000009bb00000|100%| O|  |TAMS 0x000000009bb00000, 0x000000009ba00000| Untracked 
| 443|0x000000009bb00000, 0x000000009bc00000, 0x000000009bc00000|100%| O|  |TAMS 0x000000009bc00000, 0x000000009bb00000| Untracked 
| 444|0x000000009bc00000, 0x000000009bd00000, 0x000000009bd00000|100%| O|  |TAMS 0x000000009bc00000, 0x000000009bc00000| Untracked 
| 445|0x000000009bd00000, 0x000000009be00000, 0x000000009be00000|100%| O|  |TAMS 0x000000009bd00000, 0x000000009bd00000| Untracked 
| 446|0x000000009be00000, 0x000000009bf00000, 0x000000009bf00000|100%| O|  |TAMS 0x000000009be00000, 0x000000009be00000| Untracked 
| 447|0x000000009bf00000, 0x000000009c000000, 0x000000009c000000|100%| O|  |TAMS 0x000000009bf00000, 0x000000009bf00000| Untracked 
| 448|0x000000009c000000, 0x000000009c100000, 0x000000009c100000|100%| O|  |TAMS 0x000000009c000000, 0x000000009c000000| Untracked 
| 449|0x000000009c100000, 0x000000009c200000, 0x000000009c200000|100%| O|  |TAMS 0x000000009c100000, 0x000000009c100000| Untracked 
| 450|0x000000009c200000, 0x000000009c300000, 0x000000009c300000|100%| O|  |TAMS 0x000000009c200000, 0x000000009c200000| Untracked 
| 451|0x000000009c300000, 0x000000009c400000, 0x000000009c400000|100%| O|  |TAMS 0x000000009c400000, 0x000000009c300000| Untracked 
| 452|0x000000009c400000, 0x000000009c500000, 0x000000009c500000|100%| O|  |TAMS 0x000000009c400000, 0x000000009c400000| Untracked 
| 453|0x000000009c500000, 0x000000009c600000, 0x000000009c600000|100%| O|  |TAMS 0x000000009c500000, 0x000000009c500000| Untracked 
| 454|0x000000009c600000, 0x000000009c700000, 0x000000009c700000|100%| O|  |TAMS 0x000000009c600000, 0x000000009c600000| Untracked 
| 455|0x000000009c700000, 0x000000009c800000, 0x000000009c800000|100%|HS|  |TAMS 0x000000009c800000, 0x000000009c700000| Complete 
| 456|0x000000009c800000, 0x000000009c900000, 0x000000009c900000|100%|HC|  |TAMS 0x000000009c900000, 0x000000009c800000| Complete 
| 457|0x000000009c900000, 0x000000009ca00000, 0x000000009ca00000|100%| O|  |TAMS 0x000000009c900000, 0x000000009c900000| Untracked 
| 458|0x000000009ca00000, 0x000000009cb00000, 0x000000009cb00000|100%| O|  |TAMS 0x000000009ca00000, 0x000000009ca00000| Untracked 
| 459|0x000000009cb00000, 0x000000009cc00000, 0x000000009cc00000|100%| O|  |TAMS 0x000000009cb00000, 0x000000009cb00000| Untracked 
| 460|0x000000009cc00000, 0x000000009cd00000, 0x000000009cd00000|100%| O|  |TAMS 0x000000009cc00000, 0x000000009cc00000| Untracked 
| 461|0x000000009cd00000, 0x000000009ce00000, 0x000000009ce00000|100%| O|  |TAMS 0x000000009cd00000, 0x000000009cd00000| Untracked 
| 462|0x000000009ce00000, 0x000000009cf00000, 0x000000009cf00000|100%| O|  |TAMS 0x000000009ce00000, 0x000000009ce00000| Untracked 
| 463|0x000000009cf00000, 0x000000009d000000, 0x000000009d000000|100%| O|  |TAMS 0x000000009cf00000, 0x000000009cf00000| Untracked 
| 464|0x000000009d000000, 0x000000009d100000, 0x000000009d100000|100%| O|  |TAMS 0x000000009d000000, 0x000000009d000000| Untracked 
| 465|0x000000009d100000, 0x000000009d200000, 0x000000009d200000|100%| O|  |TAMS 0x000000009d100000, 0x000000009d100000| Untracked 
| 466|0x000000009d200000, 0x000000009d300000, 0x000000009d300000|100%| O|  |TAMS 0x000000009d200000, 0x000000009d200000| Untracked 
| 467|0x000000009d300000, 0x000000009d400000, 0x000000009d400000|100%| O|  |TAMS 0x000000009d300000, 0x000000009d300000| Untracked 
| 468|0x000000009d400000, 0x000000009d500000, 0x000000009d500000|100%| O|  |TAMS 0x000000009d400000, 0x000000009d400000| Untracked 
| 469|0x000000009d500000, 0x000000009d600000, 0x000000009d600000|100%| O|  |TAMS 0x000000009d500000, 0x000000009d500000| Untracked 
| 470|0x000000009d600000, 0x000000009d700000, 0x000000009d700000|100%| O|  |TAMS 0x000000009d600000, 0x000000009d600000| Untracked 
| 471|0x000000009d700000, 0x000000009d800000, 0x000000009d800000|100%| O|  |TAMS 0x000000009d700000, 0x000000009d700000| Untracked 
| 472|0x000000009d800000, 0x000000009d900000, 0x000000009d900000|100%| O|  |TAMS 0x000000009d800000, 0x000000009d800000| Untracked 
| 473|0x000000009d900000, 0x000000009da00000, 0x000000009da00000|100%| O|  |TAMS 0x000000009d900000, 0x000000009d900000| Untracked 
| 474|0x000000009da00000, 0x000000009db00000, 0x000000009db00000|100%| O|  |TAMS 0x000000009da00000, 0x000000009da00000| Untracked 
| 475|0x000000009db00000, 0x000000009dc00000, 0x000000009dc00000|100%| O|  |TAMS 0x000000009db00000, 0x000000009db00000| Untracked 
| 476|0x000000009dc00000, 0x000000009dd00000, 0x000000009dd00000|100%| O|  |TAMS 0x000000009dc00000, 0x000000009dc00000| Untracked 
| 477|0x000000009dd00000, 0x000000009de00000, 0x000000009de00000|100%| O|  |TAMS 0x000000009dd00000, 0x000000009dd00000| Untracked 
| 478|0x000000009de00000, 0x000000009df00000, 0x000000009df00000|100%| O|  |TAMS 0x000000009de00000, 0x000000009de00000| Untracked 
| 479|0x000000009df00000, 0x000000009e000000, 0x000000009e000000|100%| O|  |TAMS 0x000000009df00000, 0x000000009df00000| Untracked 
| 480|0x000000009e000000, 0x000000009e100000, 0x000000009e100000|100%| O|  |TAMS 0x000000009e000000, 0x000000009e000000| Untracked 
| 481|0x000000009e100000, 0x000000009e200000, 0x000000009e200000|100%| O|  |TAMS 0x000000009e100000, 0x000000009e100000| Untracked 
| 482|0x000000009e200000, 0x000000009e300000, 0x000000009e300000|100%| O|  |TAMS 0x000000009e200000, 0x000000009e200000| Untracked 
| 483|0x000000009e300000, 0x000000009e400000, 0x000000009e400000|100%| O|  |TAMS 0x000000009e300000, 0x000000009e300000| Untracked 
| 484|0x000000009e400000, 0x000000009e500000, 0x000000009e500000|100%| O|  |TAMS 0x000000009e400000, 0x000000009e400000| Untracked 
| 485|0x000000009e500000, 0x000000009e600000, 0x000000009e600000|100%| O|  |TAMS 0x000000009e500000, 0x000000009e500000| Untracked 
| 486|0x000000009e600000, 0x000000009e700000, 0x000000009e700000|100%| O|  |TAMS 0x000000009e600000, 0x000000009e600000| Untracked 
| 487|0x000000009e700000, 0x000000009e800000, 0x000000009e800000|100%| O|  |TAMS 0x000000009e700000, 0x000000009e700000| Untracked 
| 488|0x000000009e800000, 0x000000009e900000, 0x000000009e900000|100%| O|  |TAMS 0x000000009e800000, 0x000000009e800000| Untracked 
| 489|0x000000009e900000, 0x000000009ea00000, 0x000000009ea00000|100%| O|  |TAMS 0x000000009e900000, 0x000000009e900000| Untracked 
| 490|0x000000009ea00000, 0x000000009eb00000, 0x000000009eb00000|100%| O|  |TAMS 0x000000009ea00000, 0x000000009ea00000| Untracked 
| 491|0x000000009eb00000, 0x000000009ec00000, 0x000000009ec00000|100%| O|  |TAMS 0x000000009eb00000, 0x000000009eb00000| Untracked 
| 492|0x000000009ec00000, 0x000000009ed00000, 0x000000009ed00000|100%| O|  |TAMS 0x000000009ec00000, 0x000000009ec00000| Untracked 
| 493|0x000000009ed00000, 0x000000009ee00000, 0x000000009ee00000|100%| O|  |TAMS 0x000000009ed00000, 0x000000009ed00000| Untracked 
| 494|0x000000009ee00000, 0x000000009ef00000, 0x000000009ef00000|100%| O|  |TAMS 0x000000009ee00000, 0x000000009ee00000| Untracked 
| 495|0x000000009ef00000, 0x000000009f000000, 0x000000009f000000|100%| O|  |TAMS 0x000000009ef00000, 0x000000009ef00000| Untracked 
| 496|0x000000009f000000, 0x000000009f100000, 0x000000009f100000|100%| O|  |TAMS 0x000000009f000000, 0x000000009f000000| Untracked 
| 497|0x000000009f100000, 0x000000009f200000, 0x000000009f200000|100%| O|  |TAMS 0x000000009f100000, 0x000000009f100000| Untracked 
| 498|0x000000009f200000, 0x000000009f300000, 0x000000009f300000|100%| O|  |TAMS 0x000000009f200000, 0x000000009f200000| Untracked 
| 499|0x000000009f300000, 0x000000009f400000, 0x000000009f400000|100%| O|  |TAMS 0x000000009f300000, 0x000000009f300000| Untracked 
| 500|0x000000009f400000, 0x000000009f500000, 0x000000009f500000|100%| O|  |TAMS 0x000000009f400000, 0x000000009f400000| Untracked 
| 501|0x000000009f500000, 0x000000009f600000, 0x000000009f600000|100%| O|  |TAMS 0x000000009f500000, 0x000000009f500000| Untracked 
| 502|0x000000009f600000, 0x000000009f700000, 0x000000009f700000|100%| O|  |TAMS 0x000000009f600000, 0x000000009f600000| Untracked 
| 503|0x000000009f700000, 0x000000009f800000, 0x000000009f800000|100%| O|  |TAMS 0x000000009f700000, 0x000000009f700000| Untracked 
| 504|0x000000009f800000, 0x000000009f900000, 0x000000009f900000|100%| O|  |TAMS 0x000000009f800000, 0x000000009f800000| Untracked 
| 505|0x000000009f900000, 0x000000009fa00000, 0x000000009fa00000|100%| O|  |TAMS 0x000000009f900000, 0x000000009f900000| Untracked 
| 506|0x000000009fa00000, 0x000000009fb00000, 0x000000009fb00000|100%| O|  |TAMS 0x000000009fa00000, 0x000000009fa00000| Untracked 
| 507|0x000000009fb00000, 0x000000009fc00000, 0x000000009fc00000|100%| O|  |TAMS 0x000000009fb00000, 0x000000009fb00000| Untracked 
| 508|0x000000009fc00000, 0x000000009fd00000, 0x000000009fd00000|100%| O|  |TAMS 0x000000009fc00000, 0x000000009fc00000| Untracked 
| 509|0x000000009fd00000, 0x000000009fe00000, 0x000000009fe00000|100%| O|  |TAMS 0x000000009fd00000, 0x000000009fd00000| Untracked 
| 510|0x000000009fe00000, 0x000000009ff00000, 0x000000009ff00000|100%| O|  |TAMS 0x000000009fe00000, 0x000000009fe00000| Untracked 
| 511|0x000000009ff00000, 0x00000000a0000000, 0x00000000a0000000|100%| O|  |TAMS 0x000000009ff00000, 0x000000009ff00000| Untracked 
| 512|0x00000000a0000000, 0x00000000a0100000, 0x00000000a0100000|100%| O|  |TAMS 0x00000000a0000000, 0x00000000a0000000| Untracked 
| 513|0x00000000a0100000, 0x00000000a0200000, 0x00000000a0200000|100%| O|  |TAMS 0x00000000a0100000, 0x00000000a0100000| Untracked 
| 514|0x00000000a0200000, 0x00000000a0300000, 0x00000000a0300000|100%| O|  |TAMS 0x00000000a0200000, 0x00000000a0200000| Untracked 
| 515|0x00000000a0300000, 0x00000000a0400000, 0x00000000a0400000|100%| O|  |TAMS 0x00000000a0300000, 0x00000000a0300000| Untracked 
| 516|0x00000000a0400000, 0x00000000a0500000, 0x00000000a0500000|100%| O|  |TAMS 0x00000000a0400000, 0x00000000a0400000| Untracked 
| 517|0x00000000a0500000, 0x00000000a0600000, 0x00000000a0600000|100%| O|  |TAMS 0x00000000a0500000, 0x00000000a0500000| Untracked 
| 518|0x00000000a0600000, 0x00000000a0700000, 0x00000000a0700000|100%| O|  |TAMS 0x00000000a0600000, 0x00000000a0600000| Untracked 
| 519|0x00000000a0700000, 0x00000000a0800000, 0x00000000a0800000|100%| O|  |TAMS 0x00000000a0700000, 0x00000000a0700000| Untracked 
| 520|0x00000000a0800000, 0x00000000a0900000, 0x00000000a0900000|100%| O|  |TAMS 0x00000000a0800000, 0x00000000a0800000| Untracked 
| 521|0x00000000a0900000, 0x00000000a0a00000, 0x00000000a0a00000|100%| O|  |TAMS 0x00000000a0900000, 0x00000000a0900000| Untracked 
| 522|0x00000000a0a00000, 0x00000000a0b00000, 0x00000000a0b00000|100%| O|  |TAMS 0x00000000a0a00000, 0x00000000a0a00000| Untracked 
| 523|0x00000000a0b00000, 0x00000000a0c00000, 0x00000000a0c00000|100%| O|  |TAMS 0x00000000a0b00000, 0x00000000a0b00000| Untracked 
| 524|0x00000000a0c00000, 0x00000000a0d00000, 0x00000000a0d00000|100%| O|  |TAMS 0x00000000a0c00000, 0x00000000a0c00000| Untracked 
| 525|0x00000000a0d00000, 0x00000000a0e00000, 0x00000000a0e00000|100%| O|  |TAMS 0x00000000a0d00000, 0x00000000a0d00000| Untracked 
| 526|0x00000000a0e00000, 0x00000000a0f00000, 0x00000000a0f00000|100%| O|  |TAMS 0x00000000a0e00000, 0x00000000a0e00000| Untracked 
| 527|0x00000000a0f00000, 0x00000000a1000000, 0x00000000a1000000|100%| O|  |TAMS 0x00000000a0f00000, 0x00000000a0f00000| Untracked 
| 528|0x00000000a1000000, 0x00000000a1100000, 0x00000000a1100000|100%| O|  |TAMS 0x00000000a1000000, 0x00000000a1000000| Untracked 
| 529|0x00000000a1100000, 0x00000000a1200000, 0x00000000a1200000|100%| O|  |TAMS 0x00000000a1100000, 0x00000000a1100000| Untracked 
| 530|0x00000000a1200000, 0x00000000a1300000, 0x00000000a1300000|100%| O|  |TAMS 0x00000000a1200000, 0x00000000a1200000| Untracked 
| 531|0x00000000a1300000, 0x00000000a1400000, 0x00000000a1400000|100%| O|  |TAMS 0x00000000a1300000, 0x00000000a1300000| Untracked 
| 532|0x00000000a1400000, 0x00000000a1500000, 0x00000000a1500000|100%| O|  |TAMS 0x00000000a1400000, 0x00000000a1400000| Untracked 
| 533|0x00000000a1500000, 0x00000000a1600000, 0x00000000a1600000|100%| O|  |TAMS 0x00000000a1500000, 0x00000000a1500000| Untracked 
| 534|0x00000000a1600000, 0x00000000a1700000, 0x00000000a1700000|100%| O|  |TAMS 0x00000000a1600000, 0x00000000a1600000| Untracked 
| 535|0x00000000a1700000, 0x00000000a1800000, 0x00000000a1800000|100%| O|  |TAMS 0x00000000a1700000, 0x00000000a1700000| Untracked 
| 536|0x00000000a1800000, 0x00000000a1900000, 0x00000000a1900000|100%| O|  |TAMS 0x00000000a1800000, 0x00000000a1800000| Untracked 
| 537|0x00000000a1900000, 0x00000000a1a00000, 0x00000000a1a00000|100%| O|  |TAMS 0x00000000a1900000, 0x00000000a1900000| Untracked 
| 538|0x00000000a1a00000, 0x00000000a1b00000, 0x00000000a1b00000|100%| O|  |TAMS 0x00000000a1a00000, 0x00000000a1a00000| Untracked 
| 539|0x00000000a1b00000, 0x00000000a1c00000, 0x00000000a1c00000|100%| O|  |TAMS 0x00000000a1b00000, 0x00000000a1b00000| Untracked 
| 540|0x00000000a1c00000, 0x00000000a1d00000, 0x00000000a1d00000|100%| O|  |TAMS 0x00000000a1c00000, 0x00000000a1c00000| Untracked 
| 541|0x00000000a1d00000, 0x00000000a1e00000, 0x00000000a1e00000|100%| O|  |TAMS 0x00000000a1d00000, 0x00000000a1d00000| Untracked 
| 542|0x00000000a1e00000, 0x00000000a1f00000, 0x00000000a1f00000|100%| O|  |TAMS 0x00000000a1e00000, 0x00000000a1e00000| Untracked 
| 543|0x00000000a1f00000, 0x00000000a2000000, 0x00000000a2000000|100%| O|  |TAMS 0x00000000a1f00000, 0x00000000a1f00000| Untracked 
| 544|0x00000000a2000000, 0x00000000a2100000, 0x00000000a2100000|100%| O|  |TAMS 0x00000000a2000000, 0x00000000a2000000| Untracked 
| 545|0x00000000a2100000, 0x00000000a2200000, 0x00000000a2200000|100%| O|  |TAMS 0x00000000a2100000, 0x00000000a2100000| Untracked 
| 546|0x00000000a2200000, 0x00000000a2300000, 0x00000000a2300000|100%| O|  |TAMS 0x00000000a2200000, 0x00000000a2200000| Untracked 
| 547|0x00000000a2300000, 0x00000000a2400000, 0x00000000a2400000|100%| O|  |TAMS 0x00000000a2300000, 0x00000000a2300000| Untracked 
| 548|0x00000000a2400000, 0x00000000a2500000, 0x00000000a2500000|100%| O|  |TAMS 0x00000000a2400000, 0x00000000a2400000| Untracked 
| 549|0x00000000a2500000, 0x00000000a2600000, 0x00000000a2600000|100%| O|  |TAMS 0x00000000a2500000, 0x00000000a2500000| Untracked 
| 550|0x00000000a2600000, 0x00000000a2700000, 0x00000000a2700000|100%| O|  |TAMS 0x00000000a2600000, 0x00000000a2600000| Untracked 
| 551|0x00000000a2700000, 0x00000000a2800000, 0x00000000a2800000|100%| O|  |TAMS 0x00000000a2700000, 0x00000000a2700000| Untracked 
| 552|0x00000000a2800000, 0x00000000a2900000, 0x00000000a2900000|100%| O|  |TAMS 0x00000000a2800000, 0x00000000a2800000| Untracked 
| 553|0x00000000a2900000, 0x00000000a2a00000, 0x00000000a2a00000|100%| O|  |TAMS 0x00000000a2900000, 0x00000000a2900000| Untracked 
| 554|0x00000000a2a00000, 0x00000000a2b00000, 0x00000000a2b00000|100%| O|  |TAMS 0x00000000a2a00000, 0x00000000a2a00000| Untracked 
| 555|0x00000000a2b00000, 0x00000000a2c00000, 0x00000000a2c00000|100%| O|  |TAMS 0x00000000a2b00000, 0x00000000a2b00000| Untracked 
| 556|0x00000000a2c00000, 0x00000000a2d00000, 0x00000000a2d00000|100%| O|  |TAMS 0x00000000a2c00000, 0x00000000a2c00000| Untracked 
| 557|0x00000000a2d00000, 0x00000000a2e00000, 0x00000000a2e00000|100%| O|  |TAMS 0x00000000a2d00000, 0x00000000a2d00000| Untracked 
| 558|0x00000000a2e00000, 0x00000000a2f00000, 0x00000000a2f00000|100%| O|  |TAMS 0x00000000a2e00000, 0x00000000a2e00000| Untracked 
| 559|0x00000000a2f00000, 0x00000000a3000000, 0x00000000a3000000|100%| O|  |TAMS 0x00000000a2f00000, 0x00000000a2f00000| Untracked 
| 560|0x00000000a3000000, 0x00000000a3100000, 0x00000000a3100000|100%| O|  |TAMS 0x00000000a3000000, 0x00000000a3000000| Untracked 
| 561|0x00000000a3100000, 0x00000000a3200000, 0x00000000a3200000|100%| O|  |TAMS 0x00000000a3100000, 0x00000000a3100000| Untracked 
| 562|0x00000000a3200000, 0x00000000a3300000, 0x00000000a3300000|100%| O|  |TAMS 0x00000000a3200000, 0x00000000a3200000| Untracked 
| 563|0x00000000a3300000, 0x00000000a3400000, 0x00000000a3400000|100%| O|  |TAMS 0x00000000a3300000, 0x00000000a3300000| Untracked 
| 564|0x00000000a3400000, 0x00000000a3500000, 0x00000000a3500000|100%| O|  |TAMS 0x00000000a3400000, 0x00000000a3400000| Untracked 
| 565|0x00000000a3500000, 0x00000000a3600000, 0x00000000a3600000|100%| O|  |TAMS 0x00000000a3500000, 0x00000000a3500000| Untracked 
| 566|0x00000000a3600000, 0x00000000a3700000, 0x00000000a3700000|100%| O|  |TAMS 0x00000000a3600000, 0x00000000a3600000| Untracked 
| 567|0x00000000a3700000, 0x00000000a3800000, 0x00000000a3800000|100%| O|  |TAMS 0x00000000a3700000, 0x00000000a3700000| Untracked 
| 568|0x00000000a3800000, 0x00000000a3900000, 0x00000000a3900000|100%| O|  |TAMS 0x00000000a3800000, 0x00000000a3800000| Untracked 
| 569|0x00000000a3900000, 0x00000000a3a00000, 0x00000000a3a00000|100%| O|  |TAMS 0x00000000a3900000, 0x00000000a3900000| Untracked 
| 570|0x00000000a3a00000, 0x00000000a3b00000, 0x00000000a3b00000|100%| O|  |TAMS 0x00000000a3a00000, 0x00000000a3a00000| Untracked 
| 571|0x00000000a3b00000, 0x00000000a3c00000, 0x00000000a3c00000|100%| O|  |TAMS 0x00000000a3b00000, 0x00000000a3b00000| Untracked 
| 572|0x00000000a3c00000, 0x00000000a3d00000, 0x00000000a3d00000|100%| O|  |TAMS 0x00000000a3c00000, 0x00000000a3c00000| Untracked 
| 573|0x00000000a3d00000, 0x00000000a3e00000, 0x00000000a3e00000|100%| O|  |TAMS 0x00000000a3d00000, 0x00000000a3d00000| Untracked 
| 574|0x00000000a3e00000, 0x00000000a3f00000, 0x00000000a3f00000|100%| O|  |TAMS 0x00000000a3e00000, 0x00000000a3e00000| Untracked 
| 575|0x00000000a3f00000, 0x00000000a4000000, 0x00000000a4000000|100%| O|  |TAMS 0x00000000a3f00000, 0x00000000a3f00000| Untracked 
| 576|0x00000000a4000000, 0x00000000a4100000, 0x00000000a4100000|100%| O|  |TAMS 0x00000000a4000000, 0x00000000a4000000| Untracked 
| 577|0x00000000a4100000, 0x00000000a4200000, 0x00000000a4200000|100%| O|  |TAMS 0x00000000a4100000, 0x00000000a4100000| Untracked 
| 578|0x00000000a4200000, 0x00000000a4300000, 0x00000000a4300000|100%| O|  |TAMS 0x00000000a4200000, 0x00000000a4200000| Untracked 
| 579|0x00000000a4300000, 0x00000000a4400000, 0x00000000a4400000|100%| O|  |TAMS 0x00000000a4300000, 0x00000000a4300000| Untracked 
| 580|0x00000000a4400000, 0x00000000a4500000, 0x00000000a4500000|100%| O|  |TAMS 0x00000000a4400000, 0x00000000a4400000| Untracked 
| 581|0x00000000a4500000, 0x00000000a4600000, 0x00000000a4600000|100%| O|  |TAMS 0x00000000a4500000, 0x00000000a4500000| Untracked 
| 582|0x00000000a4600000, 0x00000000a4600000, 0x00000000a4700000|  0%| F|  |TAMS 0x00000000a4600000, 0x00000000a4600000| Untracked 
| 583|0x00000000a4700000, 0x00000000a4700000, 0x00000000a4800000|  0%| F|  |TAMS 0x00000000a4700000, 0x00000000a4700000| Untracked 
| 584|0x00000000a4800000, 0x00000000a4800000, 0x00000000a4900000|  0%| F|  |TAMS 0x00000000a4800000, 0x00000000a4800000| Untracked 
| 585|0x00000000a4900000, 0x00000000a4900000, 0x00000000a4a00000|  0%| F|  |TAMS 0x00000000a4900000, 0x00000000a4900000| Untracked 
| 586|0x00000000a4a00000, 0x00000000a4a00000, 0x00000000a4b00000|  0%| F|  |TAMS 0x00000000a4a00000, 0x00000000a4a00000| Untracked 
| 587|0x00000000a4b00000, 0x00000000a4b00000, 0x00000000a4c00000|  0%| F|  |TAMS 0x00000000a4b00000, 0x00000000a4b00000| Untracked 
| 588|0x00000000a4c00000, 0x00000000a4c00000, 0x00000000a4d00000|  0%| F|  |TAMS 0x00000000a4c00000, 0x00000000a4c00000| Untracked 
| 589|0x00000000a4d00000, 0x00000000a4d00000, 0x00000000a4e00000|  0%| F|  |TAMS 0x00000000a4d00000, 0x00000000a4d00000| Untracked 
| 590|0x00000000a4e00000, 0x00000000a4e00000, 0x00000000a4f00000|  0%| F|  |TAMS 0x00000000a4e00000, 0x00000000a4e00000| Untracked 
| 591|0x00000000a4f00000, 0x00000000a4f00000, 0x00000000a5000000|  0%| F|  |TAMS 0x00000000a4f00000, 0x00000000a4f00000| Untracked 
| 592|0x00000000a5000000, 0x00000000a5000000, 0x00000000a5100000|  0%| F|  |TAMS 0x00000000a5000000, 0x00000000a5000000| Untracked 
| 593|0x00000000a5100000, 0x00000000a5100000, 0x00000000a5200000|  0%| F|  |TAMS 0x00000000a5100000, 0x00000000a5100000| Untracked 
| 594|0x00000000a5200000, 0x00000000a5200000, 0x00000000a5300000|  0%| F|  |TAMS 0x00000000a5200000, 0x00000000a5200000| Untracked 
| 595|0x00000000a5300000, 0x00000000a5300000, 0x00000000a5400000|  0%| F|  |TAMS 0x00000000a5300000, 0x00000000a5300000| Untracked 
| 596|0x00000000a5400000, 0x00000000a5400000, 0x00000000a5500000|  0%| F|  |TAMS 0x00000000a5400000, 0x00000000a5400000| Untracked 
| 597|0x00000000a5500000, 0x00000000a5500000, 0x00000000a5600000|  0%| F|  |TAMS 0x00000000a5500000, 0x00000000a5500000| Untracked 
| 598|0x00000000a5600000, 0x00000000a5600000, 0x00000000a5700000|  0%| F|  |TAMS 0x00000000a5600000, 0x00000000a5600000| Untracked 
| 599|0x00000000a5700000, 0x00000000a5700000, 0x00000000a5800000|  0%| F|  |TAMS 0x00000000a5700000, 0x00000000a5700000| Untracked 
| 600|0x00000000a5800000, 0x00000000a5800000, 0x00000000a5900000|  0%| F|  |TAMS 0x00000000a5800000, 0x00000000a5800000| Untracked 
| 601|0x00000000a5900000, 0x00000000a5900000, 0x00000000a5a00000|  0%| F|  |TAMS 0x00000000a5900000, 0x00000000a5900000| Untracked 
| 602|0x00000000a5a00000, 0x00000000a5a00000, 0x00000000a5b00000|  0%| F|  |TAMS 0x00000000a5a00000, 0x00000000a5a00000| Untracked 
| 603|0x00000000a5b00000, 0x00000000a5b00000, 0x00000000a5c00000|  0%| F|  |TAMS 0x00000000a5b00000, 0x00000000a5b00000| Untracked 
| 604|0x00000000a5c00000, 0x00000000a5c00000, 0x00000000a5d00000|  0%| F|  |TAMS 0x00000000a5c00000, 0x00000000a5c00000| Untracked 
| 605|0x00000000a5d00000, 0x00000000a5d00000, 0x00000000a5e00000|  0%| F|  |TAMS 0x00000000a5d00000, 0x00000000a5d00000| Untracked 
| 606|0x00000000a5e00000, 0x00000000a5e00000, 0x00000000a5f00000|  0%| F|  |TAMS 0x00000000a5e00000, 0x00000000a5e00000| Untracked 
| 607|0x00000000a5f00000, 0x00000000a5f00000, 0x00000000a6000000|  0%| F|  |TAMS 0x00000000a5f00000, 0x00000000a5f00000| Untracked 
| 608|0x00000000a6000000, 0x00000000a6000000, 0x00000000a6100000|  0%| F|  |TAMS 0x00000000a6000000, 0x00000000a6000000| Untracked 
| 609|0x00000000a6100000, 0x00000000a6100000, 0x00000000a6200000|  0%| F|  |TAMS 0x00000000a6100000, 0x00000000a6100000| Untracked 
| 610|0x00000000a6200000, 0x00000000a6200000, 0x00000000a6300000|  0%| F|  |TAMS 0x00000000a6200000, 0x00000000a6200000| Untracked 
| 611|0x00000000a6300000, 0x00000000a6300000, 0x00000000a6400000|  0%| F|  |TAMS 0x00000000a6300000, 0x00000000a6300000| Untracked 
| 612|0x00000000a6400000, 0x00000000a6400000, 0x00000000a6500000|  0%| F|  |TAMS 0x00000000a6400000, 0x00000000a6400000| Untracked 
| 613|0x00000000a6500000, 0x00000000a6500000, 0x00000000a6600000|  0%| F|  |TAMS 0x00000000a6500000, 0x00000000a6500000| Untracked 
| 614|0x00000000a6600000, 0x00000000a6600000, 0x00000000a6700000|  0%| F|  |TAMS 0x00000000a6600000, 0x00000000a6600000| Untracked 
| 615|0x00000000a6700000, 0x00000000a6700000, 0x00000000a6800000|  0%| F|  |TAMS 0x00000000a6700000, 0x00000000a6700000| Untracked 
| 616|0x00000000a6800000, 0x00000000a6800000, 0x00000000a6900000|  0%| F|  |TAMS 0x00000000a6800000, 0x00000000a6800000| Untracked 
| 617|0x00000000a6900000, 0x00000000a6900000, 0x00000000a6a00000|  0%| F|  |TAMS 0x00000000a6900000, 0x00000000a6900000| Untracked 
| 618|0x00000000a6a00000, 0x00000000a6a00000, 0x00000000a6b00000|  0%| F|  |TAMS 0x00000000a6a00000, 0x00000000a6a00000| Untracked 
| 619|0x00000000a6b00000, 0x00000000a6b00000, 0x00000000a6c00000|  0%| F|  |TAMS 0x00000000a6b00000, 0x00000000a6b00000| Untracked 
| 620|0x00000000a6c00000, 0x00000000a6c00000, 0x00000000a6d00000|  0%| F|  |TAMS 0x00000000a6c00000, 0x00000000a6c00000| Untracked 
| 621|0x00000000a6d00000, 0x00000000a6d00000, 0x00000000a6e00000|  0%| F|  |TAMS 0x00000000a6d00000, 0x00000000a6d00000| Untracked 
| 622|0x00000000a6e00000, 0x00000000a6e00000, 0x00000000a6f00000|  0%| F|  |TAMS 0x00000000a6e00000, 0x00000000a6e00000| Untracked 
| 623|0x00000000a6f00000, 0x00000000a6f00000, 0x00000000a7000000|  0%| F|  |TAMS 0x00000000a6f00000, 0x00000000a6f00000| Untracked 
| 624|0x00000000a7000000, 0x00000000a7000000, 0x00000000a7100000|  0%| F|  |TAMS 0x00000000a7000000, 0x00000000a7000000| Untracked 
| 625|0x00000000a7100000, 0x00000000a7100000, 0x00000000a7200000|  0%| F|  |TAMS 0x00000000a7100000, 0x00000000a7100000| Untracked 
| 626|0x00000000a7200000, 0x00000000a7200000, 0x00000000a7300000|  0%| F|  |TAMS 0x00000000a7200000, 0x00000000a7200000| Untracked 
| 627|0x00000000a7300000, 0x00000000a7300000, 0x00000000a7400000|  0%| F|  |TAMS 0x00000000a7300000, 0x00000000a7300000| Untracked 
| 628|0x00000000a7400000, 0x00000000a7400000, 0x00000000a7500000|  0%| F|  |TAMS 0x00000000a7400000, 0x00000000a7400000| Untracked 
| 629|0x00000000a7500000, 0x00000000a7500000, 0x00000000a7600000|  0%| F|  |TAMS 0x00000000a7500000, 0x00000000a7500000| Untracked 
| 630|0x00000000a7600000, 0x00000000a7600000, 0x00000000a7700000|  0%| F|  |TAMS 0x00000000a7600000, 0x00000000a7600000| Untracked 
| 631|0x00000000a7700000, 0x00000000a7700000, 0x00000000a7800000|  0%| F|  |TAMS 0x00000000a7700000, 0x00000000a7700000| Untracked 
| 632|0x00000000a7800000, 0x00000000a7800000, 0x00000000a7900000|  0%| F|  |TAMS 0x00000000a7800000, 0x00000000a7800000| Untracked 
| 633|0x00000000a7900000, 0x00000000a7900000, 0x00000000a7a00000|  0%| F|  |TAMS 0x00000000a7900000, 0x00000000a7900000| Untracked 
| 634|0x00000000a7a00000, 0x00000000a7a00000, 0x00000000a7b00000|  0%| F|  |TAMS 0x00000000a7a00000, 0x00000000a7a00000| Untracked 
| 635|0x00000000a7b00000, 0x00000000a7b00000, 0x00000000a7c00000|  0%| F|  |TAMS 0x00000000a7b00000, 0x00000000a7b00000| Untracked 
| 636|0x00000000a7c00000, 0x00000000a7c00000, 0x00000000a7d00000|  0%| F|  |TAMS 0x00000000a7c00000, 0x00000000a7c00000| Untracked 
| 637|0x00000000a7d00000, 0x00000000a7d00000, 0x00000000a7e00000|  0%| F|  |TAMS 0x00000000a7d00000, 0x00000000a7d00000| Untracked 
| 638|0x00000000a7e00000, 0x00000000a7e00000, 0x00000000a7f00000|  0%| F|  |TAMS 0x00000000a7e00000, 0x00000000a7e00000| Untracked 
| 639|0x00000000a7f00000, 0x00000000a7f00000, 0x00000000a8000000|  0%| F|  |TAMS 0x00000000a7f00000, 0x00000000a7f00000| Untracked 
| 640|0x00000000a8000000, 0x00000000a8000000, 0x00000000a8100000|  0%| F|  |TAMS 0x00000000a8000000, 0x00000000a8000000| Untracked 
| 641|0x00000000a8100000, 0x00000000a8100000, 0x00000000a8200000|  0%| F|  |TAMS 0x00000000a8100000, 0x00000000a8100000| Untracked 
| 642|0x00000000a8200000, 0x00000000a8200000, 0x00000000a8300000|  0%| F|  |TAMS 0x00000000a8200000, 0x00000000a8200000| Untracked 
| 643|0x00000000a8300000, 0x00000000a8300000, 0x00000000a8400000|  0%| F|  |TAMS 0x00000000a8300000, 0x00000000a8300000| Untracked 
| 644|0x00000000a8400000, 0x00000000a8400000, 0x00000000a8500000|  0%| F|  |TAMS 0x00000000a8400000, 0x00000000a8400000| Untracked 
| 645|0x00000000a8500000, 0x00000000a8500000, 0x00000000a8600000|  0%| F|  |TAMS 0x00000000a8500000, 0x00000000a8500000| Untracked 
| 646|0x00000000a8600000, 0x00000000a8600000, 0x00000000a8700000|  0%| F|  |TAMS 0x00000000a8600000, 0x00000000a8600000| Untracked 
| 647|0x00000000a8700000, 0x00000000a8700000, 0x00000000a8800000|  0%| F|  |TAMS 0x00000000a8700000, 0x00000000a8700000| Untracked 
| 648|0x00000000a8800000, 0x00000000a8800000, 0x00000000a8900000|  0%| F|  |TAMS 0x00000000a8800000, 0x00000000a8800000| Untracked 
| 649|0x00000000a8900000, 0x00000000a8900000, 0x00000000a8a00000|  0%| F|  |TAMS 0x00000000a8900000, 0x00000000a8900000| Untracked 
| 650|0x00000000a8a00000, 0x00000000a8a00000, 0x00000000a8b00000|  0%| F|  |TAMS 0x00000000a8a00000, 0x00000000a8a00000| Untracked 
| 651|0x00000000a8b00000, 0x00000000a8b00000, 0x00000000a8c00000|  0%| F|  |TAMS 0x00000000a8b00000, 0x00000000a8b00000| Untracked 
| 652|0x00000000a8c00000, 0x00000000a8c00000, 0x00000000a8d00000|  0%| F|  |TAMS 0x00000000a8c00000, 0x00000000a8c00000| Untracked 
| 653|0x00000000a8d00000, 0x00000000a8d00000, 0x00000000a8e00000|  0%| F|  |TAMS 0x00000000a8d00000, 0x00000000a8d00000| Untracked 
| 654|0x00000000a8e00000, 0x00000000a8e00000, 0x00000000a8f00000|  0%| F|  |TAMS 0x00000000a8e00000, 0x00000000a8e00000| Untracked 
| 655|0x00000000a8f00000, 0x00000000a8f00000, 0x00000000a9000000|  0%| F|  |TAMS 0x00000000a8f00000, 0x00000000a8f00000| Untracked 
| 656|0x00000000a9000000, 0x00000000a9000000, 0x00000000a9100000|  0%| F|  |TAMS 0x00000000a9000000, 0x00000000a9000000| Untracked 
| 657|0x00000000a9100000, 0x00000000a9100000, 0x00000000a9200000|  0%| F|  |TAMS 0x00000000a9100000, 0x00000000a9100000| Untracked 
| 658|0x00000000a9200000, 0x00000000a9200000, 0x00000000a9300000|  0%| F|  |TAMS 0x00000000a9200000, 0x00000000a9200000| Untracked 
| 659|0x00000000a9300000, 0x00000000a9300000, 0x00000000a9400000|  0%| F|  |TAMS 0x00000000a9300000, 0x00000000a9300000| Untracked 
| 660|0x00000000a9400000, 0x00000000a9400000, 0x00000000a9500000|  0%| F|  |TAMS 0x00000000a9400000, 0x00000000a9400000| Untracked 
| 661|0x00000000a9500000, 0x00000000a9500000, 0x00000000a9600000|  0%| F|  |TAMS 0x00000000a9500000, 0x00000000a9500000| Untracked 
| 662|0x00000000a9600000, 0x00000000a9600000, 0x00000000a9700000|  0%| F|  |TAMS 0x00000000a9600000, 0x00000000a9600000| Untracked 
| 663|0x00000000a9700000, 0x00000000a9700000, 0x00000000a9800000|  0%| F|  |TAMS 0x00000000a9700000, 0x00000000a9700000| Untracked 
| 664|0x00000000a9800000, 0x00000000a9800000, 0x00000000a9900000|  0%| F|  |TAMS 0x00000000a9800000, 0x00000000a9800000| Untracked 
| 665|0x00000000a9900000, 0x00000000a9900000, 0x00000000a9a00000|  0%| F|  |TAMS 0x00000000a9900000, 0x00000000a9900000| Untracked 
| 666|0x00000000a9a00000, 0x00000000a9a00000, 0x00000000a9b00000|  0%| F|  |TAMS 0x00000000a9a00000, 0x00000000a9a00000| Untracked 
| 667|0x00000000a9b00000, 0x00000000a9b00000, 0x00000000a9c00000|  0%| F|  |TAMS 0x00000000a9b00000, 0x00000000a9b00000| Untracked 
| 668|0x00000000a9c00000, 0x00000000a9c00000, 0x00000000a9d00000|  0%| F|  |TAMS 0x00000000a9c00000, 0x00000000a9c00000| Untracked 
| 669|0x00000000a9d00000, 0x00000000a9d00000, 0x00000000a9e00000|  0%| F|  |TAMS 0x00000000a9d00000, 0x00000000a9d00000| Untracked 
| 670|0x00000000a9e00000, 0x00000000a9e00000, 0x00000000a9f00000|  0%| F|  |TAMS 0x00000000a9e00000, 0x00000000a9e00000| Untracked 
| 671|0x00000000a9f00000, 0x00000000a9f00000, 0x00000000aa000000|  0%| F|  |TAMS 0x00000000a9f00000, 0x00000000a9f00000| Untracked 
| 672|0x00000000aa000000, 0x00000000aa000000, 0x00000000aa100000|  0%| F|  |TAMS 0x00000000aa000000, 0x00000000aa000000| Untracked 
| 673|0x00000000aa100000, 0x00000000aa100000, 0x00000000aa200000|  0%| F|  |TAMS 0x00000000aa100000, 0x00000000aa100000| Untracked 
| 674|0x00000000aa200000, 0x00000000aa200000, 0x00000000aa300000|  0%| F|  |TAMS 0x00000000aa200000, 0x00000000aa200000| Untracked 
| 675|0x00000000aa300000, 0x00000000aa300000, 0x00000000aa400000|  0%| F|  |TAMS 0x00000000aa300000, 0x00000000aa300000| Untracked 
| 676|0x00000000aa400000, 0x00000000aa400000, 0x00000000aa500000|  0%| F|  |TAMS 0x00000000aa400000, 0x00000000aa400000| Untracked 
| 677|0x00000000aa500000, 0x00000000aa500000, 0x00000000aa600000|  0%| F|  |TAMS 0x00000000aa500000, 0x00000000aa500000| Untracked 
| 678|0x00000000aa600000, 0x00000000aa600000, 0x00000000aa700000|  0%| F|  |TAMS 0x00000000aa600000, 0x00000000aa600000| Untracked 
| 679|0x00000000aa700000, 0x00000000aa700000, 0x00000000aa800000|  0%| F|  |TAMS 0x00000000aa700000, 0x00000000aa700000| Untracked 
| 680|0x00000000aa800000, 0x00000000aa800000, 0x00000000aa900000|  0%| F|  |TAMS 0x00000000aa800000, 0x00000000aa800000| Untracked 
| 681|0x00000000aa900000, 0x00000000aa900000, 0x00000000aaa00000|  0%| F|  |TAMS 0x00000000aa900000, 0x00000000aa900000| Untracked 
| 682|0x00000000aaa00000, 0x00000000aaa00000, 0x00000000aab00000|  0%| F|  |TAMS 0x00000000aaa00000, 0x00000000aaa00000| Untracked 
| 683|0x00000000aab00000, 0x00000000aab00000, 0x00000000aac00000|  0%| F|  |TAMS 0x00000000aab00000, 0x00000000aab00000| Untracked 
| 684|0x00000000aac00000, 0x00000000aac00000, 0x00000000aad00000|  0%| F|  |TAMS 0x00000000aac00000, 0x00000000aac00000| Untracked 
| 685|0x00000000aad00000, 0x00000000aad00000, 0x00000000aae00000|  0%| F|  |TAMS 0x00000000aad00000, 0x00000000aad00000| Untracked 
| 686|0x00000000aae00000, 0x00000000aae00000, 0x00000000aaf00000|  0%| F|  |TAMS 0x00000000aae00000, 0x00000000aae00000| Untracked 
| 687|0x00000000aaf00000, 0x00000000aaf00000, 0x00000000ab000000|  0%| F|  |TAMS 0x00000000aaf00000, 0x00000000aaf00000| Untracked 
| 688|0x00000000ab000000, 0x00000000ab000000, 0x00000000ab100000|  0%| F|  |TAMS 0x00000000ab000000, 0x00000000ab000000| Untracked 
| 689|0x00000000ab100000, 0x00000000ab100000, 0x00000000ab200000|  0%| F|  |TAMS 0x00000000ab100000, 0x00000000ab100000| Untracked 
| 690|0x00000000ab200000, 0x00000000ab200000, 0x00000000ab300000|  0%| F|  |TAMS 0x00000000ab200000, 0x00000000ab200000| Untracked 
| 691|0x00000000ab300000, 0x00000000ab300000, 0x00000000ab400000|  0%| F|  |TAMS 0x00000000ab300000, 0x00000000ab300000| Untracked 
| 692|0x00000000ab400000, 0x00000000ab400000, 0x00000000ab500000|  0%| F|  |TAMS 0x00000000ab400000, 0x00000000ab400000| Untracked 
| 693|0x00000000ab500000, 0x00000000ab500000, 0x00000000ab600000|  0%| F|  |TAMS 0x00000000ab500000, 0x00000000ab500000| Untracked 
| 694|0x00000000ab600000, 0x00000000ab600000, 0x00000000ab700000|  0%| F|  |TAMS 0x00000000ab600000, 0x00000000ab600000| Untracked 
| 695|0x00000000ab700000, 0x00000000ab800000, 0x00000000ab800000|100%| S|CS|TAMS 0x00000000ab700000, 0x00000000ab700000| Complete 
| 696|0x00000000ab800000, 0x00000000ab900000, 0x00000000ab900000|100%| S|CS|TAMS 0x00000000ab800000, 0x00000000ab800000| Complete 
| 697|0x00000000ab900000, 0x00000000aba00000, 0x00000000aba00000|100%| S|CS|TAMS 0x00000000ab900000, 0x00000000ab900000| Complete 
| 698|0x00000000aba00000, 0x00000000abb00000, 0x00000000abb00000|100%| S|CS|TAMS 0x00000000aba00000, 0x00000000aba00000| Complete 
| 699|0x00000000abb00000, 0x00000000abc00000, 0x00000000abc00000|100%| S|CS|TAMS 0x00000000abb00000, 0x00000000abb00000| Complete 
| 700|0x00000000abc00000, 0x00000000abd00000, 0x00000000abd00000|100%| S|CS|TAMS 0x00000000abc00000, 0x00000000abc00000| Complete 
| 701|0x00000000abd00000, 0x00000000abe00000, 0x00000000abe00000|100%| S|CS|TAMS 0x00000000abd00000, 0x00000000abd00000| Complete 
| 702|0x00000000abe00000, 0x00000000abf00000, 0x00000000abf00000|100%| S|CS|TAMS 0x00000000abe00000, 0x00000000abe00000| Complete 
| 703|0x00000000abf00000, 0x00000000abf00000, 0x00000000ac000000|  0%| F|  |TAMS 0x00000000abf00000, 0x00000000abf00000| Untracked 
| 704|0x00000000ac000000, 0x00000000ac000000, 0x00000000ac100000|  0%| F|  |TAMS 0x00000000ac000000, 0x00000000ac000000| Untracked 
| 705|0x00000000ac100000, 0x00000000ac100000, 0x00000000ac200000|  0%| F|  |TAMS 0x00000000ac100000, 0x00000000ac100000| Untracked 
| 706|0x00000000ac200000, 0x00000000ac200000, 0x00000000ac300000|  0%| F|  |TAMS 0x00000000ac200000, 0x00000000ac200000| Untracked 
| 707|0x00000000ac300000, 0x00000000ac300000, 0x00000000ac400000|  0%| F|  |TAMS 0x00000000ac300000, 0x00000000ac300000| Untracked 
| 708|0x00000000ac400000, 0x00000000ac400000, 0x00000000ac500000|  0%| F|  |TAMS 0x00000000ac400000, 0x00000000ac400000| Untracked 
| 709|0x00000000ac500000, 0x00000000ac500000, 0x00000000ac600000|  0%| F|  |TAMS 0x00000000ac500000, 0x00000000ac500000| Untracked 
| 710|0x00000000ac600000, 0x00000000ac600000, 0x00000000ac700000|  0%| F|  |TAMS 0x00000000ac600000, 0x00000000ac600000| Untracked 
| 711|0x00000000ac700000, 0x00000000ac700000, 0x00000000ac800000|  0%| F|  |TAMS 0x00000000ac700000, 0x00000000ac700000| Untracked 
| 712|0x00000000ac800000, 0x00000000ac800000, 0x00000000ac900000|  0%| F|  |TAMS 0x00000000ac800000, 0x00000000ac800000| Untracked 
| 713|0x00000000ac900000, 0x00000000ac900000, 0x00000000aca00000|  0%| F|  |TAMS 0x00000000ac900000, 0x00000000ac900000| Untracked 
| 714|0x00000000aca00000, 0x00000000aca00000, 0x00000000acb00000|  0%| F|  |TAMS 0x00000000aca00000, 0x00000000aca00000| Untracked 
| 715|0x00000000acb00000, 0x00000000acb00000, 0x00000000acc00000|  0%| F|  |TAMS 0x00000000acb00000, 0x00000000acb00000| Untracked 
| 716|0x00000000acc00000, 0x00000000acc00000, 0x00000000acd00000|  0%| F|  |TAMS 0x00000000acc00000, 0x00000000acc00000| Untracked 
| 717|0x00000000acd00000, 0x00000000acd00000, 0x00000000ace00000|  0%| F|  |TAMS 0x00000000acd00000, 0x00000000acd00000| Untracked 
| 718|0x00000000ace00000, 0x00000000ace00000, 0x00000000acf00000|  0%| F|  |TAMS 0x00000000ace00000, 0x00000000ace00000| Untracked 
| 719|0x00000000acf00000, 0x00000000acf00000, 0x00000000ad000000|  0%| F|  |TAMS 0x00000000acf00000, 0x00000000acf00000| Untracked 
| 720|0x00000000ad000000, 0x00000000ad000000, 0x00000000ad100000|  0%| F|  |TAMS 0x00000000ad000000, 0x00000000ad000000| Untracked 
| 721|0x00000000ad100000, 0x00000000ad100000, 0x00000000ad200000|  0%| F|  |TAMS 0x00000000ad100000, 0x00000000ad100000| Untracked 
| 722|0x00000000ad200000, 0x00000000ad200000, 0x00000000ad300000|  0%| F|  |TAMS 0x00000000ad200000, 0x00000000ad200000| Untracked 
| 723|0x00000000ad300000, 0x00000000ad300000, 0x00000000ad400000|  0%| F|  |TAMS 0x00000000ad300000, 0x00000000ad300000| Untracked 
| 724|0x00000000ad400000, 0x00000000ad400000, 0x00000000ad500000|  0%| F|  |TAMS 0x00000000ad400000, 0x00000000ad400000| Untracked 
| 725|0x00000000ad500000, 0x00000000ad500000, 0x00000000ad600000|  0%| F|  |TAMS 0x00000000ad500000, 0x00000000ad500000| Untracked 
| 726|0x00000000ad600000, 0x00000000ad600000, 0x00000000ad700000|  0%| F|  |TAMS 0x00000000ad600000, 0x00000000ad600000| Untracked 
| 727|0x00000000ad700000, 0x00000000ad700000, 0x00000000ad800000|  0%| F|  |TAMS 0x00000000ad700000, 0x00000000ad700000| Untracked 
| 728|0x00000000ad800000, 0x00000000ad800000, 0x00000000ad900000|  0%| F|  |TAMS 0x00000000ad800000, 0x00000000ad800000| Untracked 
| 729|0x00000000ad900000, 0x00000000ad900000, 0x00000000ada00000|  0%| F|  |TAMS 0x00000000ad900000, 0x00000000ad900000| Untracked 
| 730|0x00000000ada00000, 0x00000000ada00000, 0x00000000adb00000|  0%| F|  |TAMS 0x00000000ada00000, 0x00000000ada00000| Untracked 
| 731|0x00000000adb00000, 0x00000000adb00000, 0x00000000adc00000|  0%| F|  |TAMS 0x00000000adb00000, 0x00000000adb00000| Untracked 
| 732|0x00000000adc00000, 0x00000000adc00000, 0x00000000add00000|  0%| F|  |TAMS 0x00000000adc00000, 0x00000000adc00000| Untracked 
| 733|0x00000000add00000, 0x00000000add00000, 0x00000000ade00000|  0%| F|  |TAMS 0x00000000add00000, 0x00000000add00000| Untracked 
| 734|0x00000000ade00000, 0x00000000ade00000, 0x00000000adf00000|  0%| F|  |TAMS 0x00000000ade00000, 0x00000000ade00000| Untracked 
| 735|0x00000000adf00000, 0x00000000adf00000, 0x00000000ae000000|  0%| F|  |TAMS 0x00000000adf00000, 0x00000000adf00000| Untracked 
| 736|0x00000000ae000000, 0x00000000ae000000, 0x00000000ae100000|  0%| F|  |TAMS 0x00000000ae000000, 0x00000000ae000000| Untracked 
| 737|0x00000000ae100000, 0x00000000ae100000, 0x00000000ae200000|  0%| F|  |TAMS 0x00000000ae100000, 0x00000000ae100000| Untracked 
| 738|0x00000000ae200000, 0x00000000ae200000, 0x00000000ae300000|  0%| F|  |TAMS 0x00000000ae200000, 0x00000000ae200000| Untracked 
| 739|0x00000000ae300000, 0x00000000ae300000, 0x00000000ae400000|  0%| F|  |TAMS 0x00000000ae300000, 0x00000000ae300000| Untracked 
| 740|0x00000000ae400000, 0x00000000ae400000, 0x00000000ae500000|  0%| F|  |TAMS 0x00000000ae400000, 0x00000000ae400000| Untracked 
| 741|0x00000000ae500000, 0x00000000ae500000, 0x00000000ae600000|  0%| F|  |TAMS 0x00000000ae500000, 0x00000000ae500000| Untracked 
| 742|0x00000000ae600000, 0x00000000ae600000, 0x00000000ae700000|  0%| F|  |TAMS 0x00000000ae600000, 0x00000000ae600000| Untracked 
| 743|0x00000000ae700000, 0x00000000ae700000, 0x00000000ae800000|  0%| F|  |TAMS 0x00000000ae700000, 0x00000000ae700000| Untracked 
| 744|0x00000000ae800000, 0x00000000ae800000, 0x00000000ae900000|  0%| F|  |TAMS 0x00000000ae800000, 0x00000000ae800000| Untracked 
| 745|0x00000000ae900000, 0x00000000ae900000, 0x00000000aea00000|  0%| F|  |TAMS 0x00000000ae900000, 0x00000000ae900000| Untracked 
| 746|0x00000000aea00000, 0x00000000aea00000, 0x00000000aeb00000|  0%| F|  |TAMS 0x00000000aea00000, 0x00000000aea00000| Untracked 
| 747|0x00000000aeb00000, 0x00000000aeb00000, 0x00000000aec00000|  0%| F|  |TAMS 0x00000000aeb00000, 0x00000000aeb00000| Untracked 
| 748|0x00000000aec00000, 0x00000000aec00000, 0x00000000aed00000|  0%| F|  |TAMS 0x00000000aec00000, 0x00000000aec00000| Untracked 
| 749|0x00000000aed00000, 0x00000000aed00000, 0x00000000aee00000|  0%| F|  |TAMS 0x00000000aed00000, 0x00000000aed00000| Untracked 
| 750|0x00000000aee00000, 0x00000000aee00000, 0x00000000aef00000|  0%| F|  |TAMS 0x00000000aee00000, 0x00000000aee00000| Untracked 
| 751|0x00000000aef00000, 0x00000000aef00000, 0x00000000af000000|  0%| F|  |TAMS 0x00000000aef00000, 0x00000000aef00000| Untracked 
| 752|0x00000000af000000, 0x00000000af000000, 0x00000000af100000|  0%| F|  |TAMS 0x00000000af000000, 0x00000000af000000| Untracked 
| 753|0x00000000af100000, 0x00000000af100000, 0x00000000af200000|  0%| F|  |TAMS 0x00000000af100000, 0x00000000af100000| Untracked 
| 754|0x00000000af200000, 0x00000000af200000, 0x00000000af300000|  0%| F|  |TAMS 0x00000000af200000, 0x00000000af200000| Untracked 
| 755|0x00000000af300000, 0x00000000af300000, 0x00000000af400000|  0%| F|  |TAMS 0x00000000af300000, 0x00000000af300000| Untracked 
| 756|0x00000000af400000, 0x00000000af400000, 0x00000000af500000|  0%| F|  |TAMS 0x00000000af400000, 0x00000000af400000| Untracked 
| 757|0x00000000af500000, 0x00000000af500000, 0x00000000af600000|  0%| F|  |TAMS 0x00000000af500000, 0x00000000af500000| Untracked 
| 758|0x00000000af600000, 0x00000000af600000, 0x00000000af700000|  0%| F|  |TAMS 0x00000000af600000, 0x00000000af600000| Untracked 
| 759|0x00000000af700000, 0x00000000af700000, 0x00000000af800000|  0%| F|  |TAMS 0x00000000af700000, 0x00000000af700000| Untracked 
| 760|0x00000000af800000, 0x00000000af800000, 0x00000000af900000|  0%| F|  |TAMS 0x00000000af800000, 0x00000000af800000| Untracked 
| 761|0x00000000af900000, 0x00000000af900000, 0x00000000afa00000|  0%| F|  |TAMS 0x00000000af900000, 0x00000000af900000| Untracked 
| 762|0x00000000afa00000, 0x00000000afa00000, 0x00000000afb00000|  0%| F|  |TAMS 0x00000000afa00000, 0x00000000afa00000| Untracked 
| 763|0x00000000afb00000, 0x00000000afb00000, 0x00000000afc00000|  0%| F|  |TAMS 0x00000000afb00000, 0x00000000afb00000| Untracked 
| 764|0x00000000afc00000, 0x00000000afc00000, 0x00000000afd00000|  0%| F|  |TAMS 0x00000000afc00000, 0x00000000afc00000| Untracked 
| 765|0x00000000afd00000, 0x00000000afd00000, 0x00000000afe00000|  0%| F|  |TAMS 0x00000000afd00000, 0x00000000afd00000| Untracked 
| 766|0x00000000afe00000, 0x00000000afe00000, 0x00000000aff00000|  0%| F|  |TAMS 0x00000000afe00000, 0x00000000afe00000| Untracked 
| 767|0x00000000aff00000, 0x00000000aff00000, 0x00000000b0000000|  0%| F|  |TAMS 0x00000000aff00000, 0x00000000aff00000| Untracked 
| 768|0x00000000b0000000, 0x00000000b0000000, 0x00000000b0100000|  0%| F|  |TAMS 0x00000000b0000000, 0x00000000b0000000| Untracked 
| 769|0x00000000b0100000, 0x00000000b0100000, 0x00000000b0200000|  0%| F|  |TAMS 0x00000000b0100000, 0x00000000b0100000| Untracked 
| 770|0x00000000b0200000, 0x00000000b0200000, 0x00000000b0300000|  0%| F|  |TAMS 0x00000000b0200000, 0x00000000b0200000| Untracked 
| 771|0x00000000b0300000, 0x00000000b0300000, 0x00000000b0400000|  0%| F|  |TAMS 0x00000000b0300000, 0x00000000b0300000| Untracked 
| 772|0x00000000b0400000, 0x00000000b0400000, 0x00000000b0500000|  0%| F|  |TAMS 0x00000000b0400000, 0x00000000b0400000| Untracked 
| 773|0x00000000b0500000, 0x00000000b0500000, 0x00000000b0600000|  0%| F|  |TAMS 0x00000000b0500000, 0x00000000b0500000| Untracked 
| 774|0x00000000b0600000, 0x00000000b0600000, 0x00000000b0700000|  0%| F|  |TAMS 0x00000000b0600000, 0x00000000b0600000| Untracked 
| 775|0x00000000b0700000, 0x00000000b0700000, 0x00000000b0800000|  0%| F|  |TAMS 0x00000000b0700000, 0x00000000b0700000| Untracked 
| 776|0x00000000b0800000, 0x00000000b0800000, 0x00000000b0900000|  0%| F|  |TAMS 0x00000000b0800000, 0x00000000b0800000| Untracked 
| 777|0x00000000b0900000, 0x00000000b0900000, 0x00000000b0a00000|  0%| F|  |TAMS 0x00000000b0900000, 0x00000000b0900000| Untracked 
| 778|0x00000000b0a00000, 0x00000000b0a00000, 0x00000000b0b00000|  0%| F|  |TAMS 0x00000000b0a00000, 0x00000000b0a00000| Untracked 
| 779|0x00000000b0b00000, 0x00000000b0b00000, 0x00000000b0c00000|  0%| F|  |TAMS 0x00000000b0b00000, 0x00000000b0b00000| Untracked 
| 780|0x00000000b0c00000, 0x00000000b0c00000, 0x00000000b0d00000|  0%| F|  |TAMS 0x00000000b0c00000, 0x00000000b0c00000| Untracked 
| 781|0x00000000b0d00000, 0x00000000b0d00000, 0x00000000b0e00000|  0%| F|  |TAMS 0x00000000b0d00000, 0x00000000b0d00000| Untracked 
| 782|0x00000000b0e00000, 0x00000000b0e00000, 0x00000000b0f00000|  0%| F|  |TAMS 0x00000000b0e00000, 0x00000000b0e00000| Untracked 
| 783|0x00000000b0f00000, 0x00000000b0f00000, 0x00000000b1000000|  0%| F|  |TAMS 0x00000000b0f00000, 0x00000000b0f00000| Untracked 
| 784|0x00000000b1000000, 0x00000000b1000000, 0x00000000b1100000|  0%| F|  |TAMS 0x00000000b1000000, 0x00000000b1000000| Untracked 
| 785|0x00000000b1100000, 0x00000000b1100000, 0x00000000b1200000|  0%| F|  |TAMS 0x00000000b1100000, 0x00000000b1100000| Untracked 
| 786|0x00000000b1200000, 0x00000000b1200000, 0x00000000b1300000|  0%| F|  |TAMS 0x00000000b1200000, 0x00000000b1200000| Untracked 
| 787|0x00000000b1300000, 0x00000000b1300000, 0x00000000b1400000|  0%| F|  |TAMS 0x00000000b1300000, 0x00000000b1300000| Untracked 
| 788|0x00000000b1400000, 0x00000000b1400000, 0x00000000b1500000|  0%| F|  |TAMS 0x00000000b1400000, 0x00000000b1400000| Untracked 
| 789|0x00000000b1500000, 0x00000000b1500000, 0x00000000b1600000|  0%| F|  |TAMS 0x00000000b1500000, 0x00000000b1500000| Untracked 
| 790|0x00000000b1600000, 0x00000000b1600000, 0x00000000b1700000|  0%| F|  |TAMS 0x00000000b1600000, 0x00000000b1600000| Untracked 
| 791|0x00000000b1700000, 0x00000000b1700000, 0x00000000b1800000|  0%| F|  |TAMS 0x00000000b1700000, 0x00000000b1700000| Untracked 
| 792|0x00000000b1800000, 0x00000000b1800000, 0x00000000b1900000|  0%| F|  |TAMS 0x00000000b1800000, 0x00000000b1800000| Untracked 
| 793|0x00000000b1900000, 0x00000000b1900000, 0x00000000b1a00000|  0%| F|  |TAMS 0x00000000b1900000, 0x00000000b1900000| Untracked 
| 794|0x00000000b1a00000, 0x00000000b1a00000, 0x00000000b1b00000|  0%| F|  |TAMS 0x00000000b1a00000, 0x00000000b1a00000| Untracked 
| 795|0x00000000b1b00000, 0x00000000b1b00000, 0x00000000b1c00000|  0%| F|  |TAMS 0x00000000b1b00000, 0x00000000b1b00000| Untracked 
| 796|0x00000000b1c00000, 0x00000000b1c00000, 0x00000000b1d00000|  0%| F|  |TAMS 0x00000000b1c00000, 0x00000000b1c00000| Untracked 
| 797|0x00000000b1d00000, 0x00000000b1d00000, 0x00000000b1e00000|  0%| F|  |TAMS 0x00000000b1d00000, 0x00000000b1d00000| Untracked 
| 798|0x00000000b1e00000, 0x00000000b1e00000, 0x00000000b1f00000|  0%| F|  |TAMS 0x00000000b1e00000, 0x00000000b1e00000| Untracked 
| 799|0x00000000b1f00000, 0x00000000b1f00000, 0x00000000b2000000|  0%| F|  |TAMS 0x00000000b1f00000, 0x00000000b1f00000| Untracked 
| 800|0x00000000b2000000, 0x00000000b2000000, 0x00000000b2100000|  0%| F|  |TAMS 0x00000000b2000000, 0x00000000b2000000| Untracked 
| 801|0x00000000b2100000, 0x00000000b2100000, 0x00000000b2200000|  0%| F|  |TAMS 0x00000000b2100000, 0x00000000b2100000| Untracked 
| 802|0x00000000b2200000, 0x00000000b2200000, 0x00000000b2300000|  0%| F|  |TAMS 0x00000000b2200000, 0x00000000b2200000| Untracked 
| 803|0x00000000b2300000, 0x00000000b2300000, 0x00000000b2400000|  0%| F|  |TAMS 0x00000000b2300000, 0x00000000b2300000| Untracked 
| 804|0x00000000b2400000, 0x00000000b2400000, 0x00000000b2500000|  0%| F|  |TAMS 0x00000000b2400000, 0x00000000b2400000| Untracked 
| 805|0x00000000b2500000, 0x00000000b2500000, 0x00000000b2600000|  0%| F|  |TAMS 0x00000000b2500000, 0x00000000b2500000| Untracked 
| 806|0x00000000b2600000, 0x00000000b2600000, 0x00000000b2700000|  0%| F|  |TAMS 0x00000000b2600000, 0x00000000b2600000| Untracked 
| 807|0x00000000b2700000, 0x00000000b2700000, 0x00000000b2800000|  0%| F|  |TAMS 0x00000000b2700000, 0x00000000b2700000| Untracked 
| 808|0x00000000b2800000, 0x00000000b2800000, 0x00000000b2900000|  0%| F|  |TAMS 0x00000000b2800000, 0x00000000b2800000| Untracked 
| 809|0x00000000b2900000, 0x00000000b2900000, 0x00000000b2a00000|  0%| F|  |TAMS 0x00000000b2900000, 0x00000000b2900000| Untracked 
| 810|0x00000000b2a00000, 0x00000000b2a00000, 0x00000000b2b00000|  0%| F|  |TAMS 0x00000000b2a00000, 0x00000000b2a00000| Untracked 
| 811|0x00000000b2b00000, 0x00000000b2b00000, 0x00000000b2c00000|  0%| F|  |TAMS 0x00000000b2b00000, 0x00000000b2b00000| Untracked 
| 812|0x00000000b2c00000, 0x00000000b2c00000, 0x00000000b2d00000|  0%| F|  |TAMS 0x00000000b2c00000, 0x00000000b2c00000| Untracked 
| 813|0x00000000b2d00000, 0x00000000b2d00000, 0x00000000b2e00000|  0%| F|  |TAMS 0x00000000b2d00000, 0x00000000b2d00000| Untracked 
| 814|0x00000000b2e00000, 0x00000000b2e00000, 0x00000000b2f00000|  0%| F|  |TAMS 0x00000000b2e00000, 0x00000000b2e00000| Untracked 
| 815|0x00000000b2f00000, 0x00000000b2f00000, 0x00000000b3000000|  0%| F|  |TAMS 0x00000000b2f00000, 0x00000000b2f00000| Untracked 
| 816|0x00000000b3000000, 0x00000000b3000000, 0x00000000b3100000|  0%| F|  |TAMS 0x00000000b3000000, 0x00000000b3000000| Untracked 
| 817|0x00000000b3100000, 0x00000000b3100000, 0x00000000b3200000|  0%| F|  |TAMS 0x00000000b3100000, 0x00000000b3100000| Untracked 
| 818|0x00000000b3200000, 0x00000000b3218680, 0x00000000b3300000|  9%| E|  |TAMS 0x00000000b3200000, 0x00000000b3200000| Complete 
| 819|0x00000000b3300000, 0x00000000b3400000, 0x00000000b3400000|100%| E|CS|TAMS 0x00000000b3300000, 0x00000000b3300000| Complete 
| 820|0x00000000b3400000, 0x00000000b3500000, 0x00000000b3500000|100%| E|CS|TAMS 0x00000000b3400000, 0x00000000b3400000| Complete 
| 821|0x00000000b3500000, 0x00000000b3600000, 0x00000000b3600000|100%| E|CS|TAMS 0x00000000b3500000, 0x00000000b3500000| Complete 
| 822|0x00000000b3600000, 0x00000000b36ffe28, 0x00000000b3700000| 99%| E|  |TAMS 0x00000000b3600000, 0x00000000b3600000| Complete 
| 823|0x00000000b3700000, 0x00000000b3800000, 0x00000000b3800000|100%| E|CS|TAMS 0x00000000b3700000, 0x00000000b3700000| Complete 
| 824|0x00000000b3800000, 0x00000000b3900000, 0x00000000b3900000|100%| E|CS|TAMS 0x00000000b3800000, 0x00000000b3800000| Complete 
| 825|0x00000000b3900000, 0x00000000b3a00000, 0x00000000b3a00000|100%| E|CS|TAMS 0x00000000b3900000, 0x00000000b3900000| Complete 
| 826|0x00000000b3a00000, 0x00000000b3b00000, 0x00000000b3b00000|100%| E|CS|TAMS 0x00000000b3a00000, 0x00000000b3a00000| Complete 
| 827|0x00000000b3b00000, 0x00000000b3c00000, 0x00000000b3c00000|100%| E|CS|TAMS 0x00000000b3b00000, 0x00000000b3b00000| Complete 
| 828|0x00000000b3c00000, 0x00000000b3d00000, 0x00000000b3d00000|100%| E|CS|TAMS 0x00000000b3c00000, 0x00000000b3c00000| Complete 
| 829|0x00000000b3d00000, 0x00000000b3e00000, 0x00000000b3e00000|100%| E|CS|TAMS 0x00000000b3d00000, 0x00000000b3d00000| Complete 
| 830|0x00000000b3e00000, 0x00000000b3f00000, 0x00000000b3f00000|100%| E|CS|TAMS 0x00000000b3e00000, 0x00000000b3e00000| Complete 
| 831|0x00000000b3f00000, 0x00000000b4000000, 0x00000000b4000000|100%| E|CS|TAMS 0x00000000b3f00000, 0x00000000b3f00000| Complete 
| 832|0x00000000b4000000, 0x00000000b4100000, 0x00000000b4100000|100%| E|CS|TAMS 0x00000000b4000000, 0x00000000b4000000| Complete 
| 833|0x00000000b4100000, 0x00000000b4200000, 0x00000000b4200000|100%| E|CS|TAMS 0x00000000b4100000, 0x00000000b4100000| Complete 
| 834|0x00000000b4200000, 0x00000000b4300000, 0x00000000b4300000|100%| E|CS|TAMS 0x00000000b4200000, 0x00000000b4200000| Complete 
| 835|0x00000000b4300000, 0x00000000b4400000, 0x00000000b4400000|100%| E|CS|TAMS 0x00000000b4300000, 0x00000000b4300000| Complete 
| 836|0x00000000b4400000, 0x00000000b4500000, 0x00000000b4500000|100%| E|CS|TAMS 0x00000000b4400000, 0x00000000b4400000| Complete 
| 837|0x00000000b4500000, 0x00000000b4600000, 0x00000000b4600000|100%| E|CS|TAMS 0x00000000b4500000, 0x00000000b4500000| Complete 
| 838|0x00000000b4600000, 0x00000000b4700000, 0x00000000b4700000|100%| E|CS|TAMS 0x00000000b4600000, 0x00000000b4600000| Complete 
| 839|0x00000000b4700000, 0x00000000b4800000, 0x00000000b4800000|100%| E|CS|TAMS 0x00000000b4700000, 0x00000000b4700000| Complete 
| 840|0x00000000b4800000, 0x00000000b4900000, 0x00000000b4900000|100%| E|CS|TAMS 0x00000000b4800000, 0x00000000b4800000| Complete 
| 841|0x00000000b4900000, 0x00000000b4a00000, 0x00000000b4a00000|100%| E|CS|TAMS 0x00000000b4900000, 0x00000000b4900000| Complete 
| 842|0x00000000b4a00000, 0x00000000b4b00000, 0x00000000b4b00000|100%| E|CS|TAMS 0x00000000b4a00000, 0x00000000b4a00000| Complete 
| 843|0x00000000b4b00000, 0x00000000b4c00000, 0x00000000b4c00000|100%| E|CS|TAMS 0x00000000b4b00000, 0x00000000b4b00000| Complete 
| 844|0x00000000b4c00000, 0x00000000b4d00000, 0x00000000b4d00000|100%| E|CS|TAMS 0x00000000b4c00000, 0x00000000b4c00000| Complete 
| 845|0x00000000b4d00000, 0x00000000b4e00000, 0x00000000b4e00000|100%| E|CS|TAMS 0x00000000b4d00000, 0x00000000b4d00000| Complete 
| 846|0x00000000b4e00000, 0x00000000b4f00000, 0x00000000b4f00000|100%| E|CS|TAMS 0x00000000b4e00000, 0x00000000b4e00000| Complete 
| 847|0x00000000b4f00000, 0x00000000b5000000, 0x00000000b5000000|100%| E|CS|TAMS 0x00000000b4f00000, 0x00000000b4f00000| Complete 
| 848|0x00000000b5000000, 0x00000000b5100000, 0x00000000b5100000|100%| E|CS|TAMS 0x00000000b5000000, 0x00000000b5000000| Complete 
| 849|0x00000000b5100000, 0x00000000b5200000, 0x00000000b5200000|100%| E|CS|TAMS 0x00000000b5100000, 0x00000000b5100000| Complete 
| 850|0x00000000b5200000, 0x00000000b5300000, 0x00000000b5300000|100%| E|CS|TAMS 0x00000000b5200000, 0x00000000b5200000| Complete 
| 851|0x00000000b5300000, 0x00000000b5400000, 0x00000000b5400000|100%| E|CS|TAMS 0x00000000b5300000, 0x00000000b5300000| Complete 
| 852|0x00000000b5400000, 0x00000000b5500000, 0x00000000b5500000|100%| E|CS|TAMS 0x00000000b5400000, 0x00000000b5400000| Complete 

Card table byte_map: [0x0000017431d40000,0x0000017432140000] _byte_map_base: 0x0000017431940000

Marking Bits (Prev, Next): (CMBitMap*) 0x0000017418e69a90, (CMBitMap*) 0x0000017418e69ad0
 Prev Bits: [0x0000017432540000, 0x0000017434540000)
 Next Bits: [0x0000017434540000, 0x0000017436540000)

Polling page: 0x0000017418ee0000

Metaspace:

Usage:
  Non-class:    144.23 MB used.
      Class:     22.01 MB used.
       Both:    166.24 MB used.

Virtual space:
  Non-class space:      192.00 MB reserved,     145.44 MB ( 76%) committed,  3 nodes.
      Class space:      416.00 MB reserved,      23.00 MB (  6%) committed,  1 nodes.
             Both:      608.00 MB reserved,     168.44 MB ( 28%) committed. 

Chunk freelists:
   Non-Class:  14.52 MB
       Class:  8.94 MB
        Both:  23.46 MB

MaxMetaspaceSize: 512.00 MB
CompressedClassSpaceSize: 416.00 MB
Initial GC threshold: 21.00 MB
Current GC threshold: 247.94 MB
CDS: on
MetaspaceReclaimPolicy: balanced
 - commit_granule_bytes: 65536.
 - commit_granule_words: 8192.
 - virtual_space_node_default_size: 8388608.
 - enlarge_chunks_in_place: 1.
 - new_chunks_are_fully_committed: 0.
 - uncommit_free_chunks: 1.
 - use_allocation_guard: 0.
 - handle_deallocations: 1.


Internal statistics:

num_allocs_failed_limit: 9.
num_arena_births: 3404.
num_arena_deaths: 18.
num_vsnodes_births: 4.
num_vsnodes_deaths: 0.
num_space_committed: 2723.
num_space_uncommitted: 30.
num_chunks_returned_to_freelist: 181.
num_chunks_taken_from_freelist: 11679.
num_chunk_merges: 58.
num_chunk_splits: 7257.
num_chunks_enlarged: 4214.
num_inconsistent_stats: 0.

CodeHeap 'non-profiled nmethods': size=120000Kb used=26485Kb max_used=26489Kb free=93514Kb
 bounds [0x00000174299b0000, 0x000001742b3b0000, 0x0000017430ee0000]
CodeHeap 'profiled nmethods': size=120000Kb used=64866Kb max_used=65185Kb free=55133Kb
 bounds [0x0000017421ee0000, 0x0000017425e90000, 0x0000017429410000]
CodeHeap 'non-nmethods': size=5760Kb used=2585Kb max_used=2654Kb free=3174Kb
 bounds [0x0000017429410000, 0x00000174296c0000, 0x00000174299b0000]
 total_blobs=32195 nmethods=31084 adapters=1016
 compilation: enabled
              stopped_count=0, restarted_count=0
 full_count=0

Compilation events (20 events):
Event: 151.030 Thread 0x0000017439047cb0 41197       3       com.android.tools.r8.internal.Wp0::a (67 bytes)
Event: 151.031 Thread 0x0000017439047cb0 nmethod 41197 0x0000017424858a10 code [0x0000017424858c40, 0x0000017424859628]
Event: 151.036 Thread 0x000001743903f2e0 nmethod 41191 0x000001742afb0d10 code [0x000001742afb0ee0, 0x000001742afb1468]
Event: 151.036 Thread 0x000001743903f2e0 38846       4       com.android.tools.r8.graph.B1::a (189 bytes)
Event: 151.046 Thread 0x0000017439047cb0 41198 %     2       java.util.IdentityHashMap::resize @ 58 (153 bytes)
Event: 151.047 Thread 0x0000017439047cb0 nmethod 41198% 0x000001742578b090 code [0x000001742578b2a0, 0x000001742578bb58]
Event: 151.051 Thread 0x0000017439047cb0 41199       1       com.android.tools.r8.graph.J0::x0 (2 bytes)
Event: 151.051 Thread 0x0000017439047cb0 nmethod 41199 0x000001742afb0a10 code [0x000001742afb0ba0, 0x000001742afb0c78]
Event: 151.058 Thread 0x0000017439047cb0 41200 %     3       com.android.tools.r8.internal.c60::a @ 41 (138 bytes)
Event: 151.061 Thread 0x0000017439047cb0 nmethod 41200% 0x0000017425360690 code [0x0000017425360aa0, 0x0000017425362df8]
Event: 151.061 Thread 0x0000017439047cb0 41201       3       com.android.tools.r8.internal.ic$$Lambda$4062/0x000001743c5a5a78::accept (16 bytes)
Event: 151.061 Thread 0x0000017439047cb0 nmethod 41201 0x0000017425744710 code [0x00000174257448c0, 0x0000017425744b88]
Event: 151.061 Thread 0x0000017439047cb0 41202       3       com.android.tools.r8.internal.c60$$Lambda$4063/0x000001743c5a5ea8::forEach (9 bytes)
Event: 151.063 Thread 0x0000017439047cb0 nmethod 41202 0x0000017425242810 code [0x0000017425242b00, 0x0000017425243d58]
Event: 151.063 Thread 0x0000017439047cb0 41203       3       com.android.tools.r8.internal.gc::a (22 bytes)
Event: 151.063 Thread 0x0000017439047cb0 nmethod 41203 0x00000174258ee090 code [0x00000174258ee240, 0x00000174258ee3a8]
Event: 151.066 Thread 0x0000017439047cb0 41204       3       java.util.concurrent.ForkJoinPool::scan (235 bytes)
Event: 151.068 Thread 0x0000017439047cb0 nmethod 41204 0x000001742535e890 code [0x000001742535eba0, 0x000001742535fed8]
Event: 151.076 Thread 0x0000017439047cb0 41205       3       com.android.tools.r8.internal.c60::a (138 bytes)
Event: 151.078 Thread 0x0000017439047cb0 nmethod 41205 0x000001742535b710 code [0x000001742535bb20, 0x000001742535dd88]

GC Heap History (20 events):
Event: 143.936 GC heap before
{Heap before GC invocations=110 (full 0):
 garbage-first heap   total 773120K, used 658238K [0x0000000080000000, 0x0000000100000000)
  region size 1024K, 320 young (327680K), 31 survivors (31744K)
 Metaspace       used 168495K, committed 170688K, reserved 622592K
  class space    used 22392K, committed 23424K, reserved 425984K
}
Event: 144.026 GC heap after
{Heap after GC invocations=111 (full 0):
 garbage-first heap   total 773120K, used 368148K [0x0000000080000000, 0x0000000100000000)
  region size 1024K, 8 young (8192K), 8 survivors (8192K)
 Metaspace       used 168495K, committed 170688K, reserved 622592K
  class space    used 22392K, committed 23424K, reserved 425984K
}
Event: 146.206 GC heap before
{Heap before GC invocations=111 (full 0):
 garbage-first heap   total 773120K, used 688660K [0x0000000080000000, 0x0000000100000000)
  region size 1024K, 287 young (293888K), 8 survivors (8192K)
 Metaspace       used 168989K, committed 171200K, reserved 622592K
  class space    used 22455K, committed 23488K, reserved 425984K
}
Event: 146.254 GC heap after
{Heap after GC invocations=112 (full 0):
 garbage-first heap   total 773120K, used 395284K [0x0000000080000000, 0x0000000100000000)
  region size 1024K, 18 young (18432K), 18 survivors (18432K)
 Metaspace       used 168989K, committed 171200K, reserved 622592K
  class space    used 22455K, committed 23488K, reserved 425984K
}
Event: 147.189 GC heap before
{Heap before GC invocations=112 (full 0):
 garbage-first heap   total 773120K, used 685076K [0x0000000080000000, 0x0000000100000000)
  region size 1024K, 270 young (276480K), 18 survivors (18432K)
 Metaspace       used 169167K, committed 171392K, reserved 622592K
  class space    used 22472K, committed 23488K, reserved 425984K
}
Event: 147.205 GC heap after
{Heap after GC invocations=113 (full 0):
 garbage-first heap   total 773120K, used 419740K [0x0000000080000000, 0x0000000100000000)
  region size 1024K, 32 young (32768K), 32 survivors (32768K)
 Metaspace       used 169167K, committed 171392K, reserved 622592K
  class space    used 22472K, committed 23488K, reserved 425984K
}
Event: 147.783 GC heap before
{Heap before GC invocations=113 (full 0):
 garbage-first heap   total 773120K, used 653212K [0x0000000080000000, 0x0000000100000000)
  region size 1024K, 258 young (264192K), 32 survivors (32768K)
 Metaspace       used 169259K, committed 171520K, reserved 622592K
  class space    used 22472K, committed 23488K, reserved 425984K
}
Event: 147.808 GC heap after
{Heap after GC invocations=114 (full 0):
 garbage-first heap   total 773120K, used 429080K [0x0000000080000000, 0x0000000100000000)
  region size 1024K, 25 young (25600K), 25 survivors (25600K)
 Metaspace       used 169259K, committed 171520K, reserved 622592K
  class space    used 22472K, committed 23488K, reserved 425984K
}
Event: 148.332 GC heap before
{Heap before GC invocations=114 (full 0):
 garbage-first heap   total 773120K, used 657432K [0x0000000080000000, 0x0000000100000000)
  region size 1024K, 244 young (249856K), 25 survivors (25600K)
 Metaspace       used 169442K, committed 171712K, reserved 622592K
  class space    used 22492K, committed 23552K, reserved 425984K
}
Event: 148.361 GC heap after
{Heap after GC invocations=115 (full 0):
 garbage-first heap   total 773120K, used 449721K [0x0000000080000000, 0x0000000100000000)
  region size 1024K, 29 young (29696K), 29 survivors (29696K)
 Metaspace       used 169442K, committed 171712K, reserved 622592K
  class space    used 22492K, committed 23552K, reserved 425984K
}
Event: 148.960 GC heap before
{Heap before GC invocations=115 (full 0):
 garbage-first heap   total 773120K, used 655545K [0x0000000080000000, 0x0000000100000000)
  region size 1024K, 225 young (230400K), 29 survivors (29696K)
 Metaspace       used 169784K, committed 172032K, reserved 622592K
  class space    used 22512K, committed 23552K, reserved 425984K
}
Event: 149.005 GC heap after
{Heap after GC invocations=116 (full 0):
 garbage-first heap   total 773120K, used 475726K [0x0000000080000000, 0x0000000100000000)
  region size 1024K, 25 young (25600K), 25 survivors (25600K)
 Metaspace       used 169784K, committed 172032K, reserved 622592K
  class space    used 22512K, committed 23552K, reserved 425984K
}
Event: 149.703 GC heap before
{Heap before GC invocations=116 (full 0):
 garbage-first heap   total 773120K, used 645710K [0x0000000080000000, 0x0000000100000000)
  region size 1024K, 192 young (196608K), 25 survivors (25600K)
 Metaspace       used 170130K, committed 172352K, reserved 622592K
  class space    used 22539K, committed 23552K, reserved 425984K
}
Event: 149.749 GC heap after
{Heap after GC invocations=117 (full 0):
 garbage-first heap   total 773120K, used 517120K [0x0000000080000000, 0x0000000100000000)
  region size 1024K, 24 young (24576K), 24 survivors (24576K)
 Metaspace       used 170130K, committed 172352K, reserved 622592K
  class space    used 22539K, committed 23552K, reserved 425984K
}
Event: 150.182 GC heap before
{Heap before GC invocations=117 (full 0):
 garbage-first heap   total 773120K, used 628736K [0x0000000080000000, 0x0000000100000000)
  region size 1024K, 133 young (136192K), 24 survivors (24576K)
 Metaspace       used 170138K, committed 172352K, reserved 622592K
  class space    used 22539K, committed 23552K, reserved 425984K
}
Event: 150.233 GC heap after
{Heap after GC invocations=118 (full 0):
 garbage-first heap   total 773120K, used 566272K [0x0000000080000000, 0x0000000100000000)
  region size 1024K, 17 young (17408K), 17 survivors (17408K)
 Metaspace       used 170138K, committed 172352K, reserved 622592K
  class space    used 22539K, committed 23552K, reserved 425984K
}
Event: 150.491 GC heap before
{Heap before GC invocations=118 (full 0):
 garbage-first heap   total 773120K, used 634880K [0x0000000080000000, 0x0000000100000000)
  region size 1024K, 85 young (87040K), 17 survivors (17408K)
 Metaspace       used 170146K, committed 172352K, reserved 622592K
  class space    used 22539K, committed 23552K, reserved 425984K
}
Event: 150.522 GC heap after
{Heap after GC invocations=119 (full 0):
 garbage-first heap   total 773120K, used 593408K [0x0000000080000000, 0x0000000100000000)
  region size 1024K, 11 young (11264K), 11 survivors (11264K)
 Metaspace       used 170146K, committed 172352K, reserved 622592K
  class space    used 22539K, committed 23552K, reserved 425984K
}
Event: 150.977 GC heap before
{Heap before GC invocations=119 (full 0):
 garbage-first heap   total 773120K, used 645632K [0x0000000080000000, 0x0000000100000000)
  region size 1024K, 63 young (64512K), 11 survivors (11264K)
 Metaspace       used 170228K, committed 172480K, reserved 622592K
  class space    used 22541K, committed 23552K, reserved 425984K
}
Event: 150.995 GC heap after
{Heap after GC invocations=120 (full 0):
 garbage-first heap   total 873472K, used 604160K [0x0000000080000000, 0x0000000100000000)
  region size 1024K, 8 young (8192K), 8 survivors (8192K)
 Metaspace       used 170228K, committed 172480K, reserved 622592K
  class space    used 22541K, committed 23552K, reserved 425984K
}

Deoptimization events (20 events):
Event: 150.944 Thread 0x000001745f33df70 Uncommon trap: trap_request=0xffffff45 fr.pc=0x0000017429d589bc relative=0x000000000000009c
Event: 150.944 Thread 0x000001745f33df70 Uncommon trap: reason=unstable_if action=reinterpret pc=0x0000017429d589bc method=com.android.tools.r8.utils.w$g.b()Z @ 4 c2
Event: 150.944 Thread 0x000001745f33df70 DEOPT PACKING pc=0x0000017429d589bc sp=0x00000045a0cfdf90
Event: 150.944 Thread 0x000001745f33df70 DEOPT UNPACKING pc=0x00000174294623a3 sp=0x00000045a0cfdec8 mode 2
Event: 151.014 Thread 0x000001745f33df70 DEOPT PACKING pc=0x00000174250d1d8d sp=0x00000045a0cfd9d0
Event: 151.014 Thread 0x000001745f33df70 DEOPT UNPACKING pc=0x0000017429462b43 sp=0x00000045a0cfce88 mode 0
Event: 151.027 Thread 0x0000017467329850 Uncommon trap: trap_request=0xffffff45 fr.pc=0x000001742b066f98 relative=0x0000000000000918
Event: 151.027 Thread 0x0000017467329850 Uncommon trap: reason=unstable_if action=reinterpret pc=0x000001742b066f98 method=java.util.concurrent.ForkJoinTask.signalWaiters()V @ 6 c2
Event: 151.027 Thread 0x000001746660ab50 Uncommon trap: trap_request=0xffffff45 fr.pc=0x000001742b066f98 relative=0x0000000000000918
Event: 151.027 Thread 0x0000017467329850 DEOPT PACKING pc=0x000001742b066f98 sp=0x00000045a2eff1c0
Event: 151.027 Thread 0x000001746660ab50 Uncommon trap: reason=unstable_if action=reinterpret pc=0x000001742b066f98 method=java.util.concurrent.ForkJoinTask.signalWaiters()V @ 6 c2
Event: 151.027 Thread 0x000001746660ab50 DEOPT PACKING pc=0x000001742b066f98 sp=0x00000045a07ff160
Event: 151.027 Thread 0x0000017467329850 DEOPT UNPACKING pc=0x00000174294623a3 sp=0x00000045a2efef88 mode 2
Event: 151.027 Thread 0x000001746660ab50 DEOPT UNPACKING pc=0x00000174294623a3 sp=0x00000045a07fef28 mode 2
Event: 151.030 Thread 0x000001745f33df70 DEOPT PACKING pc=0x0000017425b8ac67 sp=0x00000045a0cfda30
Event: 151.030 Thread 0x000001745f33df70 DEOPT UNPACKING pc=0x0000017429462b43 sp=0x00000045a0cfcf20 mode 0
Event: 151.046 Thread 0x000001745f33df70 DEOPT PACKING pc=0x000001742563a8a6 sp=0x00000045a0cfdcd0
Event: 151.046 Thread 0x000001745f33df70 DEOPT UNPACKING pc=0x0000017429462b43 sp=0x00000045a0cfd188 mode 0
Event: 151.077 Thread 0x000001746660ab50 DEOPT PACKING pc=0x000001742569edb3 sp=0x00000045a07febb0
Event: 151.077 Thread 0x000001746660ab50 DEOPT UNPACKING pc=0x0000017429462b43 sp=0x00000045a07fe0f8 mode 0

Classes unloaded (20 events):
Event: 124.822 Thread 0x0000017439013890 Unloading class 0x000001743c2ff800 'jdk/internal/jimage/ImageHeader'
Event: 124.822 Thread 0x0000017439013890 Unloading class 0x000001743c2fedc8 'jdk/internal/jimage/BasicImageReader$2'
Event: 124.822 Thread 0x0000017439013890 Unloading class 0x000001743c2feb98 'jdk/internal/jimage/BasicImageReader$1'
Event: 124.822 Thread 0x0000017439013890 Unloading class 0x000001743c2fe930 'jdk/internal/jimage/ImageReader$Resource'
Event: 124.822 Thread 0x0000017439013890 Unloading class 0x000001743c2fe6c8 'jdk/internal/jimage/ImageReader$LinkNode'
Event: 124.822 Thread 0x0000017439013890 Unloading class 0x000001743c2fe460 'jdk/internal/jimage/ImageReader$Directory'
Event: 124.822 Thread 0x0000017439013890 Unloading class 0x000001743c2fe1f8 'jdk/internal/jimage/ImageReader$Node'
Event: 124.822 Thread 0x0000017439013890 Unloading class 0x000001743c2fe000 'jdk/internal/jimage/ImageStrings'
Event: 124.822 Thread 0x0000017439013890 Unloading class 0x000001743c2fdb50 'jdk/internal/jimage/ImageReader$SharedImageReader'
Event: 124.822 Thread 0x0000017439013890 Unloading class 0x000001743c2fd890 'jdk/internal/jimage/BasicImageReader'
Event: 124.822 Thread 0x0000017439013890 Unloading class 0x000001743c2fd670 'jdk/internal/jimage/ImageReader'
Event: 124.822 Thread 0x0000017439013890 Unloading class 0x000001743c2fd448 'jdk/internal/jrtfs/SystemImage$2'
Event: 124.822 Thread 0x0000017439013890 Unloading class 0x000001743c2fd230 'jdk/internal/jrtfs/SystemImage$$Lambda$2787+0x000001743c2fd230'
Event: 124.822 Thread 0x0000017439013890 Unloading class 0x000001743c2fd000 'jdk/internal/jrtfs/ExplodedImage'
Event: 124.822 Thread 0x0000017439013890 Unloading class 0x000001743c2fcdc8 'jdk/internal/jrtfs/SystemImage$1'
Event: 124.822 Thread 0x0000017439013890 Unloading class 0x000001743c2fcbb0 'jdk/internal/jrtfs/SystemImage'
Event: 124.822 Thread 0x0000017439013890 Unloading class 0x000001743c2fc950 'jdk/internal/jrtfs/JrtFileStore'
Event: 124.822 Thread 0x0000017439013890 Unloading class 0x000001743c2fc5d8 'jdk/internal/jrtfs/JrtPath'
Event: 124.822 Thread 0x0000017439013890 Unloading class 0x000001743c2fc2e0 'jdk/internal/jrtfs/JrtFileSystem'
Event: 124.822 Thread 0x0000017439013890 Unloading class 0x000001743c2fc000 'jdk/internal/jrtfs/JrtFileSystemProvider'

Classes redefined (0 events):
No events

Internal exceptions (20 events):
Event: 151.016 Thread 0x000001745c3cf320 Exception <a 'sun/nio/fs/WindowsException'{0x00000000b53b72e0}> (0x00000000b53b72e0) 
thrown [s\open\src\hotspot\share\prims\jni.cpp, line 516]
Event: 151.030 Thread 0x000001745c3cf320 Exception <a 'sun/nio/fs/WindowsException'{0x00000000b53be338}> (0x00000000b53be338) 
thrown [s\open\src\hotspot\share\prims\jni.cpp, line 516]
Event: 151.031 Thread 0x000001745c3cf320 Exception <a 'sun/nio/fs/WindowsException'{0x00000000b53c71f0}> (0x00000000b53c71f0) 
thrown [s\open\src\hotspot\share\prims\jni.cpp, line 516]
Event: 151.033 Thread 0x000001745c3cf320 Exception <a 'sun/nio/fs/WindowsException'{0x00000000b53d0008}> (0x00000000b53d0008) 
thrown [s\open\src\hotspot\share\prims\jni.cpp, line 516]
Event: 151.034 Thread 0x000001745c3cf320 Exception <a 'sun/nio/fs/WindowsException'{0x00000000b50d7490}> (0x00000000b50d7490) 
thrown [s\open\src\hotspot\share\prims\jni.cpp, line 516]
Event: 151.036 Thread 0x000001745c3cf320 Exception <a 'sun/nio/fs/WindowsException'{0x00000000b50dda88}> (0x00000000b50dda88) 
thrown [s\open\src\hotspot\share\prims\jni.cpp, line 516]
Event: 151.038 Thread 0x000001745c3cf320 Exception <a 'sun/nio/fs/WindowsException'{0x00000000b50e68b8}> (0x00000000b50e68b8) 
thrown [s\open\src\hotspot\share\prims\jni.cpp, line 516]
Event: 151.039 Thread 0x000001745c3cf320 Exception <a 'sun/nio/fs/WindowsException'{0x00000000b50ec258}> (0x00000000b50ec258) 
thrown [s\open\src\hotspot\share\prims\jni.cpp, line 516]
Event: 151.041 Thread 0x000001745c3cf320 Exception <a 'sun/nio/fs/WindowsException'{0x00000000b50f6f98}> (0x00000000b50f6f98) 
thrown [s\open\src\hotspot\share\prims\jni.cpp, line 516]
Event: 151.042 Thread 0x000001745c3cf320 Exception <a 'sun/nio/fs/WindowsException'{0x00000000b50fde10}> (0x00000000b50fde10) 
thrown [s\open\src\hotspot\share\prims\jni.cpp, line 516]
Event: 151.043 Thread 0x000001745c3cf320 Exception <a 'sun/nio/fs/WindowsException'{0x00000000b4edd6c8}> (0x00000000b4edd6c8) 
thrown [s\open\src\hotspot\share\prims\jni.cpp, line 516]
Event: 151.044 Thread 0x000001745c3cf320 Exception <a 'sun/nio/fs/WindowsException'{0x00000000b4ee40b0}> (0x00000000b4ee40b0) 
thrown [s\open\src\hotspot\share\prims\jni.cpp, line 516]
Event: 151.045 Thread 0x000001745c3cf320 Exception <a 'sun/nio/fs/WindowsException'{0x00000000b4eeb358}> (0x00000000b4eeb358) 
thrown [s\open\src\hotspot\share\prims\jni.cpp, line 516]
Event: 151.047 Thread 0x000001745c3cf320 Exception <a 'sun/nio/fs/WindowsException'{0x00000000b4efc4b0}> (0x00000000b4efc4b0) 
thrown [s\open\src\hotspot\share\prims\jni.cpp, line 516]
Event: 151.049 Thread 0x000001745c3cf320 Exception <a 'sun/nio/fs/WindowsException'{0x00000000b4cc81d0}> (0x00000000b4cc81d0) 
thrown [s\open\src\hotspot\share\prims\jni.cpp, line 516]
Event: 151.050 Thread 0x000001745c3cf320 Exception <a 'sun/nio/fs/WindowsException'{0x00000000b4cce4d0}> (0x00000000b4cce4d0) 
thrown [s\open\src\hotspot\share\prims\jni.cpp, line 516]
Event: 151.052 Thread 0x000001745c3cf320 Exception <a 'sun/nio/fs/WindowsException'{0x00000000b4cd4938}> (0x00000000b4cd4938) 
thrown [s\open\src\hotspot\share\prims\jni.cpp, line 516]
Event: 151.053 Thread 0x000001745c3cf320 Exception <a 'sun/nio/fs/WindowsException'{0x00000000b4cdafa0}> (0x00000000b4cdafa0) 
thrown [s\open\src\hotspot\share\prims\jni.cpp, line 516]
Event: 151.055 Thread 0x000001745c3cf320 Exception <a 'sun/nio/fs/WindowsException'{0x00000000b4ce82a8}> (0x00000000b4ce82a8) 
thrown [s\open\src\hotspot\share\prims\jni.cpp, line 516]
Event: 151.070 Thread 0x000001745c3cf320 Exception <a 'sun/nio/fs/WindowsException'{0x00000000b4cf2f48}> (0x00000000b4cf2f48) 
thrown [s\open\src\hotspot\share\prims\jni.cpp, line 516]

VM Operations (20 events):
Event: 149.068 Executing VM operation: HandshakeAllThreads
Event: 149.093 Executing VM operation: HandshakeAllThreads done
Event: 149.096 Executing VM operation: HandshakeAllThreads
Event: 149.135 Executing VM operation: HandshakeAllThreads done
Event: 149.241 Executing VM operation: HandshakeAllThreads
Event: 149.268 Executing VM operation: HandshakeAllThreads done
Event: 149.276 Executing VM operation: HandshakeAllThreads
Event: 149.317 Executing VM operation: HandshakeAllThreads done
Event: 149.447 Executing VM operation: HandshakeAllThreads
Event: 149.453 Executing VM operation: HandshakeAllThreads done
Event: 149.680 Executing VM operation: G1CollectForAllocation
Event: 149.755 Executing VM operation: G1CollectForAllocation done
Event: 150.163 Executing VM operation: G1CollectForAllocation
Event: 150.260 Executing VM operation: G1CollectForAllocation done
Event: 150.491 Executing VM operation: G1CollectForAllocation
Event: 150.526 Executing VM operation: G1CollectForAllocation done
Event: 150.714 Executing VM operation: HandshakeAllThreads
Event: 150.715 Executing VM operation: HandshakeAllThreads done
Event: 150.964 Executing VM operation: G1CollectForAllocation
Event: 151.010 Executing VM operation: G1CollectForAllocation done

Events (20 events):
Event: 150.781 Thread 0x00000174390485c0 flushing nmethod 0x0000017425c68790
Event: 150.781 Thread 0x00000174390485c0 flushing nmethod 0x0000017425c69690
Event: 150.781 Thread 0x00000174390485c0 flushing nmethod 0x0000017425c7a590
Event: 150.781 Thread 0x00000174390485c0 flushing nmethod 0x0000017425c7ac90
Event: 150.781 Thread 0x00000174390485c0 flushing nmethod 0x0000017425c7b010
Event: 150.781 Thread 0x00000174390485c0 flushing nmethod 0x0000017425c7ba90
Event: 150.781 Thread 0x00000174390485c0 flushing nmethod 0x0000017425c7c610
Event: 150.781 Thread 0x00000174390485c0 flushing nmethod 0x0000017425c7c990
Event: 150.781 Thread 0x00000174390485c0 flushing nmethod 0x0000017425c7d090
Event: 150.781 Thread 0x00000174390485c0 flushing nmethod 0x0000017425c7dc90
Event: 150.781 Thread 0x00000174390485c0 flushing nmethod 0x0000017425c81710
Event: 150.781 Thread 0x00000174390485c0 flushing nmethod 0x0000017425c82390
Event: 150.781 Thread 0x00000174390485c0 flushing nmethod 0x0000017425c82810
Event: 150.781 Thread 0x00000174390485c0 flushing nmethod 0x0000017425c96c10
Event: 150.781 Thread 0x00000174390485c0 flushing nmethod 0x0000017425c97290
Event: 150.781 Thread 0x00000174390485c0 flushing nmethod 0x0000017425c97610
Event: 150.781 Thread 0x00000174390485c0 flushing nmethod 0x0000017425c97990
Event: 150.782 Thread 0x00000174390485c0 flushing nmethod 0x0000017425cbc790
Event: 150.782 Thread 0x00000174390485c0 flushing nmethod 0x0000017425d2be10
Event: 150.782 Thread 0x00000174390485c0 flushing nmethod 0x0000017425d2ed10


Dynamic libraries:
0x00007ff741a30000 - 0x00007ff741a40000 	C:\Program Files\Java\jdk-17\bin\java.exe
0x00007ff85e9f0000 - 0x00007ff85ebe8000 	C:\Windows\SYSTEM32\ntdll.dll
0x00007ff85d9e0000 - 0x00007ff85daa2000 	C:\Windows\System32\KERNEL32.DLL
0x00007ff85c1e0000 - 0x00007ff85c4d6000 	C:\Windows\System32\KERNELBASE.dll
0x00007ff85c750000 - 0x00007ff85c850000 	C:\Windows\System32\ucrtbase.dll
0x00007ff83c860000 - 0x00007ff83c87b000 	C:\Program Files\Java\jdk-17\bin\VCRUNTIME140.dll
0x00007ff83c6f0000 - 0x00007ff83c709000 	C:\Program Files\Java\jdk-17\bin\jli.dll
0x00007ff85cc30000 - 0x00007ff85cce1000 	C:\Windows\System32\ADVAPI32.dll
0x00007ff85ccf0000 - 0x00007ff85cd8e000 	C:\Windows\System32\msvcrt.dll
0x00007ff85cb90000 - 0x00007ff85cc2f000 	C:\Windows\System32\sechost.dll
0x00007ff85d780000 - 0x00007ff85d8a0000 	C:\Windows\System32\RPCRT4.dll
0x00007ff85c6f0000 - 0x00007ff85c717000 	C:\Windows\System32\bcrypt.dll
0x00007ff85cdc0000 - 0x00007ff85cf61000 	C:\Windows\System32\USER32.dll
0x00007ff85c720000 - 0x00007ff85c742000 	C:\Windows\System32\win32u.dll
0x00007ff84eea0000 - 0x00007ff84f13b000 	C:\Windows\WinSxS\amd64_microsoft.windows.common-controls_6595b64144ccf1df_6.0.19041.6456_none_60b8a6cb71f64256\COMCTL32.dll
0x00007ff85cd90000 - 0x00007ff85cdbb000 	C:\Windows\System32\GDI32.dll
0x00007ff85c850000 - 0x00007ff85c969000 	C:\Windows\System32\gdi32full.dll
0x00007ff85c970000 - 0x00007ff85ca0d000 	C:\Windows\System32\msvcp_win.dll
0x00007ff854bf0000 - 0x00007ff854bfa000 	C:\Windows\SYSTEM32\VERSION.dll
0x00007ff85d750000 - 0x00007ff85d77f000 	C:\Windows\System32\IMM32.DLL
0x00007ff851a90000 - 0x00007ff851a9c000 	C:\Program Files\Java\jdk-17\bin\vcruntime140_1.dll
0x00007ff82f6b0000 - 0x00007ff82f73e000 	C:\Program Files\Java\jdk-17\bin\msvcp140.dll
0x00007ff822900000 - 0x00007ff8234e0000 	C:\Program Files\Java\jdk-17\bin\server\jvm.dll
0x00007ff85d900000 - 0x00007ff85d908000 	C:\Windows\System32\PSAPI.DLL
0x00007ff853460000 - 0x00007ff853487000 	C:\Windows\SYSTEM32\WINMM.dll
0x00007ff851cf0000 - 0x00007ff851cf9000 	C:\Windows\SYSTEM32\WSOCK32.dll
0x00007ff85d970000 - 0x00007ff85d9db000 	C:\Windows\System32\WS2_32.dll
0x00007ff859ed0000 - 0x00007ff859ee2000 	C:\Windows\SYSTEM32\kernel.appcore.dll
0x00007ff8492c0000 - 0x00007ff8492ca000 	C:\Program Files\Java\jdk-17\bin\jimage.dll
0x00007ff84f980000 - 0x00007ff84fb81000 	C:\Windows\SYSTEM32\DBGHELP.DLL
0x00007ff84ed80000 - 0x00007ff84edb4000 	C:\Windows\SYSTEM32\dbgcore.DLL
0x00007ff85c4e0000 - 0x00007ff85c562000 	C:\Windows\System32\bcryptPrimitives.dll
0x00007ff847240000 - 0x00007ff84724e000 	C:\Program Files\Java\jdk-17\bin\instrument.dll
0x00007ff82f7b0000 - 0x00007ff82f7d5000 	C:\Program Files\Java\jdk-17\bin\java.dll
0x00007ff82ba80000 - 0x00007ff82bb57000 	C:\Program Files\Java\jdk-17\bin\jsvml.dll
0x00007ff85dab0000 - 0x00007ff85e220000 	C:\Windows\System32\SHELL32.dll
0x00007ff85a0d0000 - 0x00007ff85a875000 	C:\Windows\SYSTEM32\windows.storage.dll
0x00007ff85d3e0000 - 0x00007ff85d734000 	C:\Windows\System32\combase.dll
0x00007ff85b8f0000 - 0x00007ff85b91b000 	C:\Windows\SYSTEM32\Wldp.dll
0x00007ff85cac0000 - 0x00007ff85cb8d000 	C:\Windows\System32\OLEAUT32.dll
0x00007ff85e850000 - 0x00007ff85e8fd000 	C:\Windows\System32\SHCORE.dll
0x00007ff85e220000 - 0x00007ff85e27b000 	C:\Windows\System32\shlwapi.dll
0x00007ff85bfb0000 - 0x00007ff85bfd4000 	C:\Windows\SYSTEM32\profapi.dll
0x00007ff838330000 - 0x00007ff838348000 	C:\Program Files\Java\jdk-17\bin\zip.dll
0x00007ff8397d0000 - 0x00007ff8397e9000 	C:\Program Files\Java\jdk-17\bin\net.dll
0x00007ff855f80000 - 0x00007ff85608a000 	C:\Windows\SYSTEM32\WINHTTP.dll
0x00007ff85b6d0000 - 0x00007ff85b73a000 	C:\Windows\system32\mswsock.dll
0x00007ff8385e0000 - 0x00007ff8385f6000 	C:\Program Files\Java\jdk-17\bin\nio.dll
0x00007ff8491a0000 - 0x00007ff8491b0000 	C:\Program Files\Java\jdk-17\bin\verify.dll
0x00007ff830640000 - 0x00007ff830667000 	C:\Users\Hamza tabani\.gradle\native\1def1411415f61bf3af743bc5b6707747c0891f09f0c88961ee8f79bc544acac\windows-amd64\native-platform.dll
0x00007ff82f280000 - 0x00007ff82f2f8000 	C:\Users\Hamza tabani\.gradle\native\0.2.7\x86_64-windows-gnu\gradle-fileevents.dll
0x00007ff847c30000 - 0x00007ff847c3a000 	C:\Program Files\Java\jdk-17\bin\management.dll
0x00007ff847c10000 - 0x00007ff847c1b000 	C:\Program Files\Java\jdk-17\bin\management_ext.dll
0x00007ff85b3d0000 - 0x00007ff85b40b000 	C:\Windows\SYSTEM32\IPHLPAPI.DLL
0x00007ff85e840000 - 0x00007ff85e848000 	C:\Windows\System32\NSI.dll
0x00007ff856820000 - 0x00007ff856837000 	C:\Windows\SYSTEM32\dhcpcsvc6.DLL
0x00007ff856800000 - 0x00007ff85681d000 	C:\Windows\SYSTEM32\dhcpcsvc.DLL
0x00007ff85b410000 - 0x00007ff85b4da000 	C:\Windows\SYSTEM32\DNSAPI.dll
0x00007ff85b930000 - 0x00007ff85b948000 	C:\Windows\SYSTEM32\CRYPTSP.dll
0x00007ff85b010000 - 0x00007ff85b048000 	C:\Windows\system32\rsaenh.dll
0x00007ff85bf30000 - 0x00007ff85bf5e000 	C:\Windows\SYSTEM32\USERENV.dll
0x00007ff85b860000 - 0x00007ff85b86c000 	C:\Windows\SYSTEM32\CRYPTBASE.dll
0x00007ff845b50000 - 0x00007ff845b5e000 	C:\Program Files\Java\jdk-17\bin\sunmscapi.dll
0x00007ff85c080000 - 0x00007ff85c1dd000 	C:\Windows\System32\CRYPT32.dll
0x00007ff85ba40000 - 0x00007ff85ba67000 	C:\Windows\SYSTEM32\ncrypt.dll
0x00007ff85ba00000 - 0x00007ff85ba3b000 	C:\Windows\SYSTEM32\NTASN1.dll
0x00007ff83a880000 - 0x00007ff83a887000 	C:\Windows\system32\wshunix.dll
0x00007ff84d6e0000 - 0x00007ff84d6f7000 	C:\Windows\system32\napinsp.dll
0x00007ff84cea0000 - 0x00007ff84cebb000 	C:\Windows\system32\pnrpnsp.dll
0x00007ff84ca50000 - 0x00007ff84ca6d000 	C:\Windows\system32\wshbth.dll
0x00007ff859210000 - 0x00007ff85922d000 	C:\Windows\system32\NLAapi.dll
0x00007ff84ca30000 - 0x00007ff84ca42000 	C:\Windows\System32\winrnr.dll
0x00007ff851750000 - 0x00007ff85175a000 	C:\Windows\System32\rasadhlp.dll
0x00007ff855af0000 - 0x00007ff855b70000 	C:\Windows\System32\fwpuclnt.dll
0x00007ff85b260000 - 0x00007ff85b293000 	C:\Windows\SYSTEM32\ntmarta.dll
0x00007ff846b60000 - 0x00007ff846b67000 	C:\Program Files\Java\jdk-17\bin\rmi.dll

dbghelp: loaded successfully - version: 4.0.5 - missing functions: none
symbol engine: initialized successfully - sym options: 0x614 - pdb path: .;C:\Program Files\Java\jdk-17\bin;C:\Windows\SYSTEM32;C:\Windows\WinSxS\amd64_microsoft.windows.common-controls_6595b64144ccf1df_6.0.19041.6456_none_60b8a6cb71f64256;C:\Program Files\Java\jdk-17\bin\server;C:\Users\Hamza tabani\.gradle\native\1def1411415f61bf3af743bc5b6707747c0891f09f0c88961ee8f79bc544acac\windows-amd64;C:\Users\Hamza tabani\.gradle\native\0.2.7\x86_64-windows-gnu

VM Arguments:
jvm_args: --add-opens=java.base/java.lang=ALL-UNNAMED --add-opens=java.base/java.lang.invoke=ALL-UNNAMED --add-opens=java.base/java.util=ALL-UNNAMED --add-opens=java.prefs/java.util.prefs=ALL-UNNAMED --add-exports=jdk.compiler/com.sun.tools.javac.api=ALL-UNNAMED --add-exports=jdk.compiler/com.sun.tools.javac.util=ALL-UNNAMED --add-opens=java.base/java.util=ALL-UNNAMED --add-opens=java.prefs/java.util.prefs=ALL-UNNAMED --add-opens=java.base/java.nio.charset=ALL-UNNAMED --add-opens=java.base/java.net=ALL-UNNAMED --add-opens=java.base/java.util.concurrent.atomic=ALL-UNNAMED --add-opens=java.xml/javax.xml.namespace=ALL-UNNAMED -XX:MaxMetaspaceSize=512m -Xmx2048m -Dfile.encoding=windows-1252 -Duser.country=US -Duser.language=en -Duser.variant -javaagent:C:\Users\Hamza tabani\.gradle\wrapper\dists\gradle-8.13-bin\5xuhj0ry160q40clulazy9h7d\gradle-8.13\lib\agents\gradle-instrumentation-agent-8.13.jar 
java_command: org.gradle.launcher.daemon.bootstrap.GradleDaemon 8.13
java_class_path (initial): C:\Users\Hamza tabani\.gradle\wrapper\dists\gradle-8.13-bin\5xuhj0ry160q40clulazy9h7d\gradle-8.13\lib\gradle-daemon-main-8.13.jar
Launcher Type: SUN_STANDARD

[Global flags]
     intx CICompilerCount                          = 4                                         {product} {ergonomic}
   size_t CompressedClassSpaceSize                 = 436207616                                 {product} {ergonomic}
     uint ConcGCThreads                            = 2                                         {product} {ergonomic}
     uint G1ConcRefinementThreads                  = 8                                         {product} {ergonomic}
   size_t G1HeapRegionSize                         = 1048576                                   {product} {ergonomic}
    uintx GCDrainStackTargetSize                   = 64                                        {product} {ergonomic}
   size_t InitialHeapSize                          = 268435456                                 {product} {ergonomic}
   size_t MarkStackSize                            = 4194304                                   {product} {ergonomic}
   size_t MaxHeapSize                              = 2147483648                                {product} {command line}
   size_t MaxMetaspaceSize                         = 536870912                                 {product} {command line}
   size_t MaxNewSize                               = 1287651328                                {product} {ergonomic}
   size_t MinHeapDeltaBytes                        = 1048576                                   {product} {ergonomic}
   size_t MinHeapSize                              = 8388608                                   {product} {ergonomic}
    uintx NonNMethodCodeHeapSize                   = 5839372                                {pd product} {ergonomic}
    uintx NonProfiledCodeHeapSize                  = 122909434                              {pd product} {ergonomic}
    uintx ProfiledCodeHeapSize                     = 122909434                              {pd product} {ergonomic}
    uintx ReservedCodeCacheSize                    = 251658240                              {pd product} {ergonomic}
     bool SegmentedCodeCache                       = true                                      {product} {ergonomic}
   size_t SoftMaxHeapSize                          = 2147483648                             {manageable} {ergonomic}
     bool UseCompressedClassPointers               = true                           {product lp64_product} {ergonomic}
     bool UseCompressedOops                        = true                           {product lp64_product} {ergonomic}
     bool UseG1GC                                  = true                                      {product} {ergonomic}
     bool UseLargePagesIndividualAllocation        = false                                  {pd product} {ergonomic}

Logging:
Log output configuration:
 #0: stdout all=warning uptime,level,tags
 #1: stderr all=off uptime,level,tags

Environment Variables:
JAVA_HOME=C:\Program Files\Java\jdk-17
CLASSPATH=D:\PostUp\android\\gradle\wrapper\gradle-wrapper.jar
PATH=c:\Users\Hamza tabani\AppData\Roaming\Code\User\globalStorage\github.copilot-chat\debugCommand;c:\Users\Hamza tabani\AppData\Roaming\Code\User\globalStorage\github.copilot-chat\copilotCli;C:\Program Files\Common Files\Oracle\Java\javapath;C:\Windows\system32;C:\Windows;C:\Windows\System32\Wbem;C:\Windows\System32\WindowsPowerShell\v1.0\;C:\Windows\System32\OpenSSH\;C:\ProgramData\chocolatey\bin;C:\Program Files\nodejs\;C:\Users\Hamza tabani\AppData\Local\Android\Sdk\platform-tools;C:\Program Files\OpenJDK\jdk-20.0.2\bin;C:\Program Files (x86)\ATI Technologies\ATI.ACE\Core-Static;C:\Program Files\MongoDB\mongosh-2.3.1-win32-x64\bin;C:\Program Files\dotnet\;C:\Program Files\Microsoft SQL Server\150\Tools\Binn\;C:\Program Files\Microsoft SQL Server\Client SDK\ODBC\170\Tools\Binn\;C:\Users\Hamza tabani\AppData\Local\Android\Sdk\tools;C:\Users\Hamza tabani\AppData\Local\Microsoft\WindowsApps;C:\Users\Hamza tabani\AppData\Local\Programs\Git\cmd;C:\Users\Hamza tabani\AppData\Roaming\npm;C:\Users\Hamza tabani\AppData\Local\Programs\Microsoft VS Code\bin;c:\Users\Hamza tabani\.vscode\extensions\vscjava.vscode-java-debug-0.58.3\bundled\scripts\noConfigScripts
USERNAME=Hamza tabani
LANG=en_US.UTF-8
OS=Windows_NT
PROCESSOR_IDENTIFIER=Intel64 Family 6 Model 60 Stepping 3, GenuineIntel



---------------  S Y S T E M  ---------------

OS:
 Windows 10 , 64 bit Build 19041 (10.0.19041.5915)
OS uptime: 1 days 1:53 hours
Hyper-V role detected

CPU: total 8 (initial active 8) (4 cores per cpu, 2 threads per core) family 6 model 60 stepping 3 microcode 0x27, cx8, cmov, fxsr, ht, mmx, sse, sse2, sse3, ssse3, sse4.1, sse4.2, popcnt, lzcnt, tsc, tscinvbit, avx, avx2, erms, clmul, bmi1, bmi2, fma, vzeroupper, clflush, hv

Memory: 4k page, system-wide physical 16321M (466M free)
TotalPageFile size 27889M (AvailPageFile size 3667M)
current process WorkingSet (physical memory assigned to process): 1019M, peak: 1074M
current process commit charge ("private bytes"): 1478M, peak: 1481M

vm_info: Java HotSpot(TM) 64-Bit Server VM (17.0.12+8-LTS-286) for windows-amd64 JRE (17.0.12+8-LTS-286), built on Jun  5 2024 06:46:59 by "mach5one" with MS VC++ 17.6 (VS2022)

END.
