#
# A fatal error has been detected by the Java Runtime Environment:
#
#  EXCEPTION_ACCESS_VIOLATION (0xc0000005) at pc=0x00007ffa6b664687, pid=676, tid=8080
#
# JRE version: Java(TM) SE Runtime Environment (17.0.12+8) (build 17.0.12+8-LTS-286)
# Java VM: Java HotSpot(TM) 64-Bit Server VM (17.0.12+8-LTS-286, mixed mode, sharing, tiered, compressed oops, compressed class ptrs, g1 gc, windows-amd64)
# Problematic frame:
# V  [jvm.dll+0x304687]
#
# No core dump will be written. Minidumps are not enabled by default on client versions of Windows
#
# If you would like to submit a bug report, please visit:
#   https://bugreport.java.com/bugreport/crash.jsp
#

---------------  S U M M A R Y ------------

Command Line: --add-opens=java.base/java.lang=ALL-UNNAMED --add-opens=java.base/java.lang.invoke=ALL-UNNAMED --add-opens=java.base/java.util=ALL-UNNAMED --add-opens=java.prefs/java.util.prefs=ALL-UNNAMED --add-exports=jdk.compiler/com.sun.tools.javac.api=ALL-UNNAMED --add-exports=jdk.compiler/com.sun.tools.javac.util=ALL-UNNAMED --add-opens=java.base/java.util=ALL-UNNAMED --add-opens=java.prefs/java.util.prefs=ALL-UNNAMED --add-opens=java.base/java.nio.charset=ALL-UNNAMED --add-opens=java.base/java.net=ALL-UNNAMED --add-opens=java.base/java.util.concurrent.atomic=ALL-UNNAMED --add-opens=java.xml/javax.xml.namespace=ALL-UNNAMED -XX:MaxMetaspaceSize=512m -Xmx2048m -Dfile.encoding=windows-1252 -Duser.country=US -Duser.language=en -Duser.variant -javaagent:C:\Users\Hamza tabani\.gradle\wrapper\dists\gradle-8.13-bin\5xuhj0ry160q40clulazy9h7d\gradle-8.13\lib\agents\gradle-instrumentation-agent-8.13.jar org.gradle.launcher.daemon.bootstrap.GradleDaemon 8.13

Host: Intel(R) Core(TM) i7-4790 CPU @ 3.60GHz, 8 cores, 15G,  Windows 10 , 64 bit Build 19041 (10.0.19041.5915)
Time: Sat Nov 15 02:42:34 2025 Pakistan Standard Time elapsed time: 176.633046 seconds (0d 0h 2m 56s)

---------------  T H R E A D  ---------------

Current thread (0x0000025120d54e90):  GCTaskThread "GC Thread#7" [stack: 0x000000addcb00000,0x000000addcc00000] [id=8080]

Stack: [0x000000addcb00000,0x000000addcc00000],  sp=0x000000addcbff490,  free space=1021k
Native frames: (J=compiled Java code, j=interpreted, Vv=VM code, C=native code)
V  [jvm.dll+0x304687]
V  [jvm.dll+0x303e71]
V  [jvm.dll+0x304c42]
V  [jvm.dll+0x30190e]
V  [jvm.dll+0x310113]
V  [jvm.dll+0x311f2b]
V  [jvm.dll+0x31070d]
V  [jvm.dll+0x311ada]
V  [jvm.dll+0x2dc663]
V  [jvm.dll+0x2ddf0b]
V  [jvm.dll+0x80832b]
V  [jvm.dll+0x808376]
V  [jvm.dll+0x78abea]
V  [jvm.dll+0x678f35]
C  [ucrtbase.dll+0x21bb2]
C  [KERNEL32.DLL+0x17374]
C  [ntdll.dll+0x4cc91]


siginfo: EXCEPTION_ACCESS_VIOLATION (0xc0000005), reading address 0xffffffffffffffff


Registers:
RAX=0x0000000000007ffa, RBX=0x0000000000000009, RCX=0x000002512d03b500, RDX=0x00000000a5c82fc8
RSP=0x000000addcbff490, RBP=0x000002512d03b380, RSI=0x00000000a5c82fc8, RDI=0x00000000a5c82fc8
R8 =0x0000025102654650, R9 =0x00007ffa6be01f88, R10=0x0000000000000002, R11=0x000000addcbff280
R12=0x000000000d789525, R13=0x0000000000000000, R14=0x000002512d03b380, R15=0x0000025102654650
RIP=0x00007ffa6b664687, EFLAGS=0x0000000000010206


Register to memory mapping:

RIP=0x00007ffa6b664687 jvm.dll
RAX=0x0000000000007ffa is an unknown value
RBX=0x0000000000000009 is an unknown value
RCX=0x000002512d03b500 points into unknown readable memory: 0x00007ffa6bc5ef60 | 60 ef c5 6b fa 7f 00 00
RDX=0x00000000a5c82fc8 points into unknown readable memory: 0x00000000a5c82fcb | cb 2f c8 a5 00 00 00 00
RSP=0x000000addcbff490 points into unknown readable memory: 0x0000000000000009 | 09 00 00 00 00 00 00 00
RBP=0x000002512d03b380 points into unknown readable memory: 0x00007ffa6bc5efa8 | a8 ef c5 6b fa 7f 00 00
RSI=0x00000000a5c82fc8 points into unknown readable memory: 0x00000000a5c82fcb | cb 2f c8 a5 00 00 00 00
RDI=0x00000000a5c82fc8 points into unknown readable memory: 0x00000000a5c82fcb | cb 2f c8 a5 00 00 00 00
R8 =0x0000025102654650 is pointing into metadata
R9 =0x00007ffa6be01f88 jvm.dll
R10=0x0000000000000002 is an unknown value
R11=0x000000addcbff280 points into unknown readable memory: 0x00007ffa6b664687 | 87 46 66 6b fa 7f 00 00
R12=0x000000000d789525 is an unknown value
R13=0x0 is NULL
R14=0x000002512d03b380 points into unknown readable memory: 0x00007ffa6bc5efa8 | a8 ef c5 6b fa 7f 00 00
R15=0x0000025102654650 is pointing into metadata


Top of Stack: (sp=0x000000addcbff490)
0x000000addcbff490:   0000000000000009 000002512d03b380
0x000000addcbff4a0:   00000000a5c82fc8 0000000096723a20
0x000000addcbff4b0:   0000025102654650 0000000000000000
0x000000addcbff4c0:   0000000000000000 0000000000000001
0x000000addcbff4d0:   0000000000000001 00007ffa6b663e71
0x000000addcbff4e0:   0000000000000001 0000000000000000
0x000000addcbff4f0:   000002512d03b380 0000000000000001
0x000000addcbff500:   0000000000000001 00007ffa00000000
0x000000addcbff510:   0000000000000009 000002512f0b74f0
0x000000addcbff520:   000000009ff7e760 00007ffa6b66a129
0x000000addcbff530:   000002512d03b500 0000000000000000
0x000000addcbff540:   0000000000000040 00000251616c8570
0x000000addcbff550:   000000addcbff7e0 000002512d03b380
0x000000addcbff560:   0000000096723a78 00000000000027ad
0x000000addcbff570:   0000000096723a79 00007ffa6b664c42
0x000000addcbff580:   00000000a5c80000 0000000000000100 

Instructions: (pc=0x00007ffa6b664687)
0x00007ffa6b664587:   83 e0 fc 0f 85 fe 00 00 00 4c 8b 45 08 4c 89 74
0x00007ffa6b664597:   24 60 41 8b 88 c0 01 00 00 49 8b 80 b0 01 00 00
0x00007ffa6b6645a7:   48 d3 ea 4c 8b 34 d0 41 8b 8e 90 00 00 00 49 03
0x00007ffa6b6645b7:   88 f0 04 00 00 0f b6 01 84 c0 75 60 ba 01 00 00
0x00007ffa6b6645c7:   00 33 c0 f0 0f b0 11 75 53 f0 41 ff 80 e8 04 00
0x00007ffa6b6645d7:   00 48 83 3d c0 36 80 00 00 74 41 48 89 7c 24 50
0x00007ffa6b6645e7:   49 8d 8e 94 00 00 00 49 8b 7e 10 e8 69 8c 05 00
0x00007ffa6b6645f7:   49 8b 4e 08 48 8d 15 8e a9 5f 00 4d 8b 0e 4c 8b
0x00007ffa6b664607:   c0 48 89 4c 24 28 48 8d 0d 44 32 5f 00 48 89 7c
0x00007ffa6b664617:   24 20 e8 62 4c fc ff 48 8b 7c 24 50 8b 95 a8 01
0x00007ffa6b664627:   00 00 4c 8b cb 48 8b 4d 08 4c 8b c6 e8 98 71 fd
0x00007ffa6b664637:   ff 41 8b 86 94 00 00 00 4c 8b 74 24 60 d1 e8 83
0x00007ffa6b664647:   e0 01 89 85 a0 01 00 00 80 3d 02 49 80 00 00 74
0x00007ffa6b664657:   16 44 8b 46 08 8b 0d 66 cc 79 00 49 d3 e0 4c 03
0x00007ffa6b664667:   05 54 cc 79 00 eb 04 4c 8b 46 08 49 63 40 0c 4c
0x00007ffa6b664677:   8d 0d 0b d9 79 00 48 8d 8d 80 01 00 00 48 8b d6
0x00007ffa6b664687:   41 ff 14 c1 48 8b c6 48 83 c4 30 5e 5d 5b c3 cc
0x00007ffa6b664697:   cc cc cc cc cc cc cc cc cc 48 89 5c 24 10 48 89
0x00007ffa6b6646a7:   6c 24 18 56 48 83 ec 30 33 db 48 8b ea 48 8b f1
0x00007ffa6b6646b7:   39 59 30 76 5d 48 89 7c 24 40 48 8b 46 10 4c 8b
0x00007ffa6b6646c7:   04 d8 4d 85 c0 74 3f 8b 85 a0 00 00 00 48 8d 0c
0x00007ffa6b6646d7:   80 49 8b 80 20 02 00 00 48 8b 3c c8 48 8b 0e 48
0x00007ffa6b6646e7:   8b 89 10 04 00 00 e8 1e 1d 00 00 48 8b c8 c7 44
0x00007ffa6b6646f7:   24 20 04 00 00 00 4c 8b cf 44 8b c3 ba 10 00 00
0x00007ffa6b664707:   00 e8 a3 4a ff ff ff c3 3b 5e 30 72 ad 48 8b 7c
0x00007ffa6b664717:   24 40 48 8b 5c 24 48 48 8b 6c 24 50 48 83 c4 30
0x00007ffa6b664727:   5e c3 cc cc cc cc cc cc cc 48 89 5c 24 08 48 89
0x00007ffa6b664737:   74 24 10 57 48 83 ec 40 48 8b 41 10 48 8b d9 8b
0x00007ffa6b664747:   f2 48 8d 3c f5 00 00 00 00 48 83 3c 07 00 75 4d
0x00007ffa6b664757:   45 33 c0 b9 38 02 00 00 41 8d 50 05 e8 38 16 da
0x00007ffa6b664767:   ff 48 8b c8 48 85 c0 74 28 48 8b 43 28 44 8b ce
0x00007ffa6b664777:   4c 8b 43 08 48 8b 13 48 89 44 24 30 48 8b 43 20 


Stack slot to memory mapping:
stack at sp + 0 slots: 0x0000000000000009 is an unknown value
stack at sp + 1 slots: 0x000002512d03b380 points into unknown readable memory: 0x00007ffa6bc5efa8 | a8 ef c5 6b fa 7f 00 00
stack at sp + 2 slots: 0x00000000a5c82fc8 points into unknown readable memory: 0x00000000a5c82fcb | cb 2f c8 a5 00 00 00 00
stack at sp + 3 slots: 0x0000000096723a20 is an oop: [Lcom.android.tools.r8.internal.hp; 
{0x0000000096723a20} - klass: 'com/android/tools/r8/internal/hp'[]
 - length: 20
stack at sp + 4 slots: 0x0000025102654650 is pointing into metadata
stack at sp + 5 slots: 0x0 is NULL
stack at sp + 6 slots: 0x0 is NULL
stack at sp + 7 slots: 0x0000000000000001 is an unknown value


---------------  P R O C E S S  ---------------

Threads class SMR info:
_java_thread_list=0x00000251246516f0, length=184, elements={
0x00000251616c9ca0, 0x000002517f902840, 0x000002517f9036c0, 0x000002517f91c230,
0x000002517f91ec00, 0x000002517f9205d0, 0x000002517f920f90, 0x000002517f927190,
0x000002517f927c40, 0x000002517f92aa50, 0x000002517fb29870, 0x000002517fc2fce0,
0x00000251203f2e20, 0x00000251205b2490, 0x00000251208bf420, 0x0000025120783e10,
0x00000251208344e0, 0x00000251208335b0, 0x0000025120aeb030, 0x0000025120ae6440,
0x0000025120ae91d0, 0x0000025120ae4af0, 0x0000025120aebf60, 0x0000025120ae8cc0,
0x0000025124043320, 0x0000025123c7d500, 0x0000025123c7e430, 0x0000025123c7cae0,
0x0000025123c816d0, 0x0000025123c7b190, 0x0000025123c7b6a0, 0x000002512339ff00,
0x00000251233a31a0, 0x00000251213a4660, 0x00000251213a09a0, 0x00000251213a4b70,
0x00000251213a7900, 0x00000251213a7e10, 0x000002512b4f0790, 0x00000251224fdca0,
0x0000025122500010, 0x00000251224ff5f0, 0x0000025122500520, 0x0000025122501960,
0x00000251224fcd70, 0x0000025122500a30, 0x00000251224fd790, 0x00000251224fd280,
0x00000251225037c0, 0x00000251224ffb00, 0x0000025122500f40, 0x0000025122502890,
0x00000251224fe1b0, 0x0000025122501450, 0x0000025122502da0, 0x00000251225032b0,
0x00000251224fe6c0, 0x0000025122503cd0, 0x0000025122501e70, 0x0000025122502380,
0x00000251224febd0, 0x00000251225041e0, 0x00000251224ff0e0, 0x0000025124045ba0,
0x00000251240460b0, 0x0000025124044250, 0x0000025124046ad0, 0x0000025124046fe0,
0x00000251240423f0, 0x0000025124040fb0, 0x00000251240419d0, 0x0000025124048930,
0x0000025124042900, 0x00000251240414c0, 0x0000025124042e10, 0x0000025124041ee0,
0x0000025124043d40, 0x0000025124044760, 0x00000251233a7880, 0x00000251233a6950,
0x00000251233a2270, 0x00000251233a0920, 0x00000251233a6440, 0x00000251233a3bc0,
0x00000251233a5f30, 0x00000251233a1340, 0x00000251233a7370, 0x00000251233a4af0,
0x00000251233a0410, 0x00000251233a1d60, 0x00000251233a40d0, 0x00000251233a45e0,
0x00000251233a2780, 0x00000251233a5a20, 0x00000251233a0e30, 0x00000251233a1850,
0x00000251233a5000, 0x00000251233a5510, 0x0000025120ae7370, 0x0000025120ae96e0,
0x0000025120ae5000, 0x0000025120ae6950, 0x0000025120aea100, 0x0000025120ae82a0,
0x0000025120ae9bf0, 0x0000025120aeab20, 0x0000025120ae87b0, 0x0000025120aeba50,
0x0000025120ae5510, 0x0000025120ae6e60, 0x0000025120ae5f30, 0x0000025120ae7880,
0x0000025123c7fd80, 0x0000025123c7bbb0, 0x0000025123c7cff0, 0x0000025123c7c0c0,
0x0000025123c7f870, 0x0000025123c81be0, 0x0000025123c7c5d0, 0x0000025123c7df20,
0x0000025123c7e940, 0x0000025123c820f0, 0x0000025123c807a0, 0x0000025123c82600,
0x0000025123c82b10, 0x0000025123c80cb0, 0x0000025123c7ee50, 0x0000025123c7f360,
0x00000251213a64c0, 0x00000251213a13c0, 0x00000251213a0eb0, 0x00000251213a73f0,
0x00000251213a5590, 0x00000251213a5aa0, 0x00000251213a69d0, 0x0000025120833ac0,
0x00000251208330a0, 0x0000025120833fd0, 0x00000251208349f0, 0x000002512b4efd70,
0x00000251240465c0, 0x00000251235cf7b0, 0x00000251235ccf30, 0x000002512b4f11b0,
0x000002512b4f1bd0, 0x000002512b4ecfe0, 0x000002512b4edf10, 0x0000025123c7da10,
0x000002512d33fc40, 0x000002512d33ba70, 0x000002512d33bf80, 0x000002512d33b560,
0x000002512d33d8d0, 0x000002512d340b70, 0x000002512d33c9a0, 0x000002512d341590,
0x000002512b4f3f40, 0x000002512b4f16c0, 0x00000251233a36b0, 0x00000251213a18d0,
0x000002512b11e100, 0x000002512b11ff60, 0x000002512b11fa50, 0x000002512b11f030,
0x000002512b1218b0, 0x000002512b120470, 0x000002512d5b3a20, 0x000002512e8a1ab0,
0x000002512fa98a80, 0x000002512e8a0160, 0x000002512e784af0, 0x000002512c8b3eb0,
0x000002512bb69440, 0x000002512347fb30, 0x000002512e8a0b80, 0x000002512d5d28c0,
0x000002512fe1ba90, 0x000002512c8b39a0, 0x000002512cd919b0, 0x000002512b11eb20,
0x000002512fa994a0, 0x000002512cd90570, 0x000002512e785510, 0x000002512bb6a880
}

Java Threads: ( => current thread )
  0x00000251616c9ca0 JavaThread "main" [_thread_blocked, id=2416, stack(0x000000adda100000,0x000000adda200000)]
  0x000002517f902840 JavaThread "Reference Handler" daemon [_thread_blocked, id=14560, stack(0x000000adda800000,0x000000adda900000)]
  0x000002517f9036c0 JavaThread "Finalizer" daemon [_thread_blocked, id=10064, stack(0x000000adda900000,0x000000addaa00000)]
  0x000002517f91c230 JavaThread "Signal Dispatcher" daemon [_thread_blocked, id=3020, stack(0x000000addaa00000,0x000000addab00000)]
  0x000002517f91ec00 JavaThread "Attach Listener" daemon [_thread_blocked, id=1544, stack(0x000000addab00000,0x000000addac00000)]
  0x000002517f9205d0 JavaThread "Service Thread" daemon [_thread_blocked, id=3656, stack(0x000000addac00000,0x000000addad00000)]
  0x000002517f920f90 JavaThread "Monitor Deflation Thread" daemon [_thread_blocked, id=5604, stack(0x000000addad00000,0x000000addae00000)]
  0x000002517f927190 JavaThread "C2 CompilerThread0" daemon [_thread_blocked, id=6092, stack(0x000000addae00000,0x000000addaf00000)]
  0x000002517f927c40 JavaThread "C1 CompilerThread0" daemon [_thread_blocked, id=3480, stack(0x000000addaf00000,0x000000addb000000)]
  0x000002517f92aa50 JavaThread "Sweeper thread" daemon [_thread_blocked, id=5480, stack(0x000000addb000000,0x000000addb100000)]
  0x000002517fb29870 JavaThread "Common-Cleaner" daemon [_thread_blocked, id=5600, stack(0x000000addb100000,0x000000addb200000)]
  0x000002517fc2fce0 JavaThread "Notification Thread" daemon [_thread_blocked, id=4800, stack(0x000000addb200000,0x000000addb300000)]
  0x00000251203f2e20 JavaThread "Daemon health stats" [_thread_blocked, id=7324, stack(0x000000addb500000,0x000000addb600000)]
  0x00000251205b2490 JavaThread "Incoming local TCP Connector on port 53769" [_thread_in_native, id=4940, stack(0x000000addbb00000,0x000000addbc00000)]
  0x00000251208bf420 JavaThread "Daemon periodic checks" [_thread_blocked, id=8412, stack(0x000000addbc00000,0x000000addbd00000)]
  0x0000025120783e10 JavaThread "Daemon" [_thread_blocked, id=7372, stack(0x000000addbd00000,0x000000addbe00000)]
  0x00000251208344e0 JavaThread "Daemon worker" [_thread_blocked, id=8220, stack(0x000000addc000000,0x000000addc100000)]
  0x00000251208335b0 JavaThread "Cache worker for journal cache (C:\Users\Hamza tabani\.gradle\caches\journal-1)" [_thread_blocked, id=8144, stack(0x000000addc400000,0x000000addc500000)]
  0x0000025120aeb030 JavaThread "File lock request listener" [_thread_in_native, id=4752, stack(0x000000addc500000,0x000000addc600000)]
  0x0000025120ae6440 JavaThread "Cache worker for file hash cache (C:\Users\Hamza tabani\.gradle\caches\8.13\fileHashes)" [_thread_blocked, id=7284, stack(0x000000addc600000,0x000000addc700000)]
  0x0000025120ae91d0 JavaThread "File watcher server" daemon [_thread_blocked, id=14880, stack(0x000000addcd00000,0x000000addce00000)]
  0x0000025120ae4af0 JavaThread "File watcher consumer" daemon [_thread_blocked, id=14516, stack(0x000000addce00000,0x000000addcf00000)]
  0x0000025120aebf60 JavaThread "jar transforms" [_thread_blocked, id=4148, stack(0x000000addd000000,0x000000addd100000)]
  0x0000025120ae8cc0 JavaThread "Cache worker for file content cache (C:\Users\Hamza tabani\.gradle\caches\8.13\fileContent)" [_thread_blocked, id=12656, stack(0x000000addd200000,0x000000addd300000)]
  0x0000025124043320 JavaThread "Memory manager" [_thread_blocked, id=12080, stack(0x000000addd700000,0x000000addd800000)]
  0x0000025123c7d500 JavaThread "ForkJoinPool.commonPool-worker-1" daemon [_thread_blocked, id=8644, stack(0x000000addf300000,0x000000addf400000)]
  0x0000025123c7e430 JavaThread "ForkJoinPool.commonPool-worker-2" daemon [_thread_blocked, id=7248, stack(0x000000addf400000,0x000000addf500000)]
  0x0000025123c7cae0 JavaThread "ForkJoinPool.commonPool-worker-3" daemon [_thread_blocked, id=2532, stack(0x000000addf500000,0x000000addf600000)]
  0x0000025123c816d0 JavaThread "ForkJoinPool.commonPool-worker-4" daemon [_thread_blocked, id=16180, stack(0x000000addf600000,0x000000addf700000)]
  0x0000025123c7b190 JavaThread "ForkJoinPool.commonPool-worker-5" daemon [_thread_blocked, id=16008, stack(0x000000addf700000,0x000000addf800000)]
  0x0000025123c7b6a0 JavaThread "ForkJoinPool.commonPool-worker-7" daemon [_thread_blocked, id=14648, stack(0x000000addf900000,0x000000addfa00000)]
  0x000002512339ff00 JavaThread "jar transforms Thread 2" [_thread_blocked, id=3868, stack(0x000000ade3500000,0x000000ade3600000)]
  0x00000251233a31a0 JavaThread "jar transforms Thread 3" [_thread_blocked, id=7312, stack(0x000000ade3600000,0x000000ade3700000)]
  0x00000251213a4660 JavaThread "jar transforms Thread 4" [_thread_blocked, id=3116, stack(0x000000ade3a00000,0x000000ade3b00000)]
  0x00000251213a09a0 JavaThread "jar transforms Thread 5" [_thread_blocked, id=16108, stack(0x000000addf100000,0x000000addf200000)]
  0x00000251213a4b70 JavaThread "jar transforms Thread 6" [_thread_blocked, id=16112, stack(0x000000ade3900000,0x000000ade3a00000)]
  0x00000251213a7900 JavaThread "jar transforms Thread 7" [_thread_blocked, id=15308, stack(0x000000ade3e00000,0x000000ade3f00000)]
  0x00000251213a7e10 JavaThread "jar transforms Thread 8" [_thread_blocked, id=2412, stack(0x000000ade3f00000,0x000000ade4000000)]
  0x000002512b4f0790 JavaThread "Handler for socket connection from /127.0.0.1:53769 to /127.0.0.1:53857" [_thread_in_native, id=5876, stack(0x000000add9e00000,0x000000add9f00000)]
  0x00000251224fdca0 JavaThread "Cancel handler" [_thread_blocked, id=15192, stack(0x000000add9f00000,0x000000adda000000)]
  0x0000025122500010 JavaThread "Asynchronous log dispatcher for DefaultDaemonConnection: socket connection from /127.0.0.1:53769 to /127.0.0.1:53857" [_thread_blocked, id=6908, stack(0x000000addbe00000,0x000000addbf00000)]
  0x00000251224ff5f0 JavaThread "Stdin handler" [_thread_blocked, id=15392, stack(0x000000addbf00000,0x000000addc000000)]
  0x0000025122500520 JavaThread "Daemon client event forwarder" [_thread_blocked, id=16096, stack(0x000000addc100000,0x000000addc200000)]
  0x0000025122501960 JavaThread "Cache worker for file hash cache (D:\PostUp\android\.gradle\8.13\fileHashes)" [_thread_blocked, id=16324, stack(0x000000addc200000,0x000000addc300000)]
  0x00000251224fcd70 JavaThread "Cache worker for Build Output Cleanup Cache (D:\PostUp\android\.gradle\buildOutputCleanup)" [_thread_blocked, id=1600, stack(0x000000addc300000,0x000000addc400000)]
  0x0000025122500a30 JavaThread "Cache worker for checksums cache (D:\PostUp\android\.gradle\8.13\checksums)" [_thread_blocked, id=14548, stack(0x000000addc900000,0x000000addca00000)]
  0x00000251224fd790 JavaThread "Cache worker for cache directory md-supplier (C:\Users\Hamza tabani\.gradle\caches\8.13\md-supplier)" [_thread_blocked, id=14656, stack(0x000000addd100000,0x000000addd200000)]
  0x00000251224fd280 JavaThread "Cache worker for cache directory md-rule (C:\Users\Hamza tabani\.gradle\caches\8.13\md-rule)" [_thread_blocked, id=5984, stack(0x000000addd300000,0x000000addd400000)]
  0x00000251225037c0 JavaThread "Cache worker for Build Output Cleanup Cache (D:\PostUp\node_modules\@react-native\gradle-plugin\.gradle\buildOutputCleanup)" [_thread_blocked, id=16248, stack(0x000000addd400000,0x000000addd500000)]
  0x00000251224ffb00 JavaThread "Unconstrained build operations" [_thread_blocked, id=15292, stack(0x000000addd500000,0x000000addd600000)]
  0x0000025122500f40 JavaThread "Unconstrained build operations Thread 2" [_thread_blocked, id=5832, stack(0x000000addd600000,0x000000addd700000)]
  0x0000025122502890 JavaThread "Unconstrained build operations Thread 3" [_thread_blocked, id=9148, stack(0x000000addd800000,0x000000addd900000)]
  0x00000251224fe1b0 JavaThread "Unconstrained build operations Thread 4" [_thread_blocked, id=15564, stack(0x000000addd900000,0x000000addda00000)]
  0x0000025122501450 JavaThread "Unconstrained build operations Thread 5" [_thread_blocked, id=16276, stack(0x000000addda00000,0x000000adddb00000)]
  0x0000025122502da0 JavaThread "Unconstrained build operations Thread 6" [_thread_blocked, id=14020, stack(0x000000adddb00000,0x000000adddc00000)]
  0x00000251225032b0 JavaThread "Unconstrained build operations Thread 7" [_thread_blocked, id=6564, stack(0x000000adddc00000,0x000000adddd00000)]
  0x00000251224fe6c0 JavaThread "Unconstrained build operations Thread 8" [_thread_blocked, id=14012, stack(0x000000adddd00000,0x000000addde00000)]
  0x0000025122503cd0 JavaThread "Unconstrained build operations Thread 9" [_thread_blocked, id=7380, stack(0x000000addde00000,0x000000adddf00000)]
  0x0000025122501e70 JavaThread "Unconstrained build operations Thread 10" [_thread_blocked, id=884, stack(0x000000adddf00000,0x000000adde000000)]
  0x0000025122502380 JavaThread "Unconstrained build operations Thread 11" [_thread_blocked, id=6820, stack(0x000000adde000000,0x000000adde100000)]
  0x00000251224febd0 JavaThread "Unconstrained build operations Thread 12" [_thread_blocked, id=7332, stack(0x000000adde100000,0x000000adde200000)]
  0x00000251225041e0 JavaThread "Unconstrained build operations Thread 13" [_thread_blocked, id=5864, stack(0x000000adde200000,0x000000adde300000)]
  0x00000251224ff0e0 JavaThread "Unconstrained build operations Thread 14" [_thread_blocked, id=5844, stack(0x000000adde300000,0x000000adde400000)]
  0x0000025124045ba0 JavaThread "Unconstrained build operations Thread 15" [_thread_blocked, id=5280, stack(0x000000adde400000,0x000000adde500000)]
  0x00000251240460b0 JavaThread "Unconstrained build operations Thread 16" [_thread_blocked, id=10392, stack(0x000000adde500000,0x000000adde600000)]
  0x0000025124044250 JavaThread "Unconstrained build operations Thread 17" [_thread_blocked, id=4848, stack(0x000000adde600000,0x000000adde700000)]
  0x0000025124046ad0 JavaThread "Unconstrained build operations Thread 18" [_thread_blocked, id=14296, stack(0x000000adde700000,0x000000adde800000)]
  0x0000025124046fe0 JavaThread "build event listener" [_thread_blocked, id=5216, stack(0x000000adde800000,0x000000adde900000)]
  0x00000251240423f0 JavaThread "included builds" [_thread_blocked, id=6700, stack(0x000000addc800000,0x000000addc900000)]
  0x0000025124040fb0 JavaThread "Execution worker" [_thread_blocked, id=8716, stack(0x000000adde900000,0x000000addea00000)]
  0x00000251240419d0 JavaThread "Execution worker Thread 2" [_thread_blocked, id=3996, stack(0x000000addea00000,0x000000addeb00000)]
  0x0000025124048930 JavaThread "Execution worker Thread 3" [_thread_blocked, id=5660, stack(0x000000addeb00000,0x000000addec00000)]
  0x0000025124042900 JavaThread "Execution worker Thread 4" [_thread_blocked, id=7160, stack(0x000000addec00000,0x000000added00000)]
  0x00000251240414c0 JavaThread "Execution worker Thread 5" [_thread_blocked, id=16184, stack(0x000000added00000,0x000000addee00000)]
  0x0000025124042e10 JavaThread "Execution worker Thread 6" [_thread_blocked, id=2772, stack(0x000000addee00000,0x000000addef00000)]
  0x0000025124041ee0 JavaThread "Execution worker Thread 7" [_thread_blocked, id=8008, stack(0x000000addef00000,0x000000addf000000)]
  0x0000025124043d40 JavaThread "Cache worker for execution history cache (D:\PostUp\node_modules\@react-native\gradle-plugin\.gradle\8.13\executionHistory)" [_thread_blocked, id=4968, stack(0x000000addf000000,0x000000addf100000)]
  0x0000025124044760 JavaThread "Unconstrained build operations Thread 19" [_thread_blocked, id=16380, stack(0x000000addf200000,0x000000addf300000)]
  0x00000251233a7880 JavaThread "Unconstrained build operations Thread 20" [_thread_blocked, id=16220, stack(0x000000addf800000,0x000000addf900000)]
  0x00000251233a6950 JavaThread "Unconstrained build operations Thread 21" [_thread_blocked, id=4808, stack(0x000000addfb00000,0x000000addfc00000)]
  0x00000251233a2270 JavaThread "Unconstrained build operations Thread 22" [_thread_blocked, id=5276, stack(0x000000addfc00000,0x000000addfd00000)]
  0x00000251233a0920 JavaThread "Unconstrained build operations Thread 23" [_thread_blocked, id=5672, stack(0x000000addfd00000,0x000000addfe00000)]
  0x00000251233a6440 JavaThread "Unconstrained build operations Thread 24" [_thread_blocked, id=6404, stack(0x000000addfe00000,0x000000addff00000)]
  0x00000251233a3bc0 JavaThread "Unconstrained build operations Thread 25" [_thread_blocked, id=11640, stack(0x000000addff00000,0x000000ade0000000)]
  0x00000251233a5f30 JavaThread "Unconstrained build operations Thread 26" [_thread_blocked, id=2892, stack(0x000000ade0000000,0x000000ade0100000)]
  0x00000251233a1340 JavaThread "Unconstrained build operations Thread 27" [_thread_blocked, id=11644, stack(0x000000ade0100000,0x000000ade0200000)]
  0x00000251233a7370 JavaThread "Unconstrained build operations Thread 28" [_thread_blocked, id=9684, stack(0x000000ade0200000,0x000000ade0300000)]
  0x00000251233a4af0 JavaThread "Unconstrained build operations Thread 29" [_thread_blocked, id=2456, stack(0x000000ade0300000,0x000000ade0400000)]
  0x00000251233a0410 JavaThread "Unconstrained build operations Thread 30" [_thread_blocked, id=15464, stack(0x000000ade0400000,0x000000ade0500000)]
  0x00000251233a1d60 JavaThread "Unconstrained build operations Thread 31" [_thread_blocked, id=12168, stack(0x000000ade0500000,0x000000ade0600000)]
  0x00000251233a40d0 JavaThread "Unconstrained build operations Thread 32" [_thread_blocked, id=9264, stack(0x000000ade0600000,0x000000ade0700000)]
  0x00000251233a45e0 JavaThread "Unconstrained build operations Thread 33" [_thread_blocked, id=8796, stack(0x000000ade0800000,0x000000ade0900000)]
  0x00000251233a2780 JavaThread "Unconstrained build operations Thread 34" [_thread_blocked, id=9460, stack(0x000000ade0900000,0x000000ade0a00000)]
  0x00000251233a5a20 JavaThread "Unconstrained build operations Thread 35" [_thread_blocked, id=6032, stack(0x000000ade0a00000,0x000000ade0b00000)]
  0x00000251233a0e30 JavaThread "Unconstrained build operations Thread 36" [_thread_blocked, id=4508, stack(0x000000ade0b00000,0x000000ade0c00000)]
  0x00000251233a1850 JavaThread "Unconstrained build operations Thread 37" [_thread_blocked, id=4944, stack(0x000000ade0c00000,0x000000ade0d00000)]
  0x00000251233a5000 JavaThread "Unconstrained build operations Thread 38" [_thread_blocked, id=13264, stack(0x000000ade0d00000,0x000000ade0e00000)]
  0x00000251233a5510 JavaThread "Unconstrained build operations Thread 39" [_thread_blocked, id=14836, stack(0x000000ade0e00000,0x000000ade0f00000)]
  0x0000025120ae7370 JavaThread "Unconstrained build operations Thread 40" [_thread_blocked, id=4840, stack(0x000000ade0f00000,0x000000ade1000000)]
  0x0000025120ae96e0 JavaThread "Unconstrained build operations Thread 41" [_thread_blocked, id=4984, stack(0x000000ade1000000,0x000000ade1100000)]
  0x0000025120ae5000 JavaThread "Unconstrained build operations Thread 42" [_thread_blocked, id=6540, stack(0x000000ade1100000,0x000000ade1200000)]
  0x0000025120ae6950 JavaThread "Unconstrained build operations Thread 43" [_thread_blocked, id=7460, stack(0x000000ade1200000,0x000000ade1300000)]
  0x0000025120aea100 JavaThread "Unconstrained build operations Thread 44" [_thread_blocked, id=6940, stack(0x000000ade1300000,0x000000ade1400000)]
  0x0000025120ae82a0 JavaThread "Unconstrained build operations Thread 45" [_thread_blocked, id=1300, stack(0x000000ade1400000,0x000000ade1500000)]
  0x0000025120ae9bf0 JavaThread "Unconstrained build operations Thread 46" [_thread_blocked, id=13812, stack(0x000000ade1500000,0x000000ade1600000)]
  0x0000025120aeab20 JavaThread "Unconstrained build operations Thread 47" [_thread_blocked, id=15232, stack(0x000000ade1600000,0x000000ade1700000)]
  0x0000025120ae87b0 JavaThread "Unconstrained build operations Thread 48" [_thread_blocked, id=3968, stack(0x000000ade1800000,0x000000ade1900000)]
  0x0000025120aeba50 JavaThread "Unconstrained build operations Thread 49" [_thread_blocked, id=15796, stack(0x000000ade1900000,0x000000ade1a00000)]
  0x0000025120ae5510 JavaThread "Unconstrained build operations Thread 50" [_thread_blocked, id=8620, stack(0x000000ade1a00000,0x000000ade1b00000)]
  0x0000025120ae6e60 JavaThread "Unconstrained build operations Thread 51" [_thread_blocked, id=7300, stack(0x000000ade1b00000,0x000000ade1c00000)]
  0x0000025120ae5f30 JavaThread "Unconstrained build operations Thread 52" [_thread_blocked, id=15920, stack(0x000000ade1c00000,0x000000ade1d00000)]
  0x0000025120ae7880 JavaThread "Unconstrained build operations Thread 53" [_thread_blocked, id=12912, stack(0x000000ade1d00000,0x000000ade1e00000)]
  0x0000025123c7fd80 JavaThread "Unconstrained build operations Thread 54" [_thread_blocked, id=1752, stack(0x000000ade1e00000,0x000000ade1f00000)]
  0x0000025123c7bbb0 JavaThread "Unconstrained build operations Thread 55" [_thread_blocked, id=14328, stack(0x000000ade1f00000,0x000000ade2000000)]
  0x0000025123c7cff0 JavaThread "Unconstrained build operations Thread 56" [_thread_blocked, id=9556, stack(0x000000ade2000000,0x000000ade2100000)]
  0x0000025123c7c0c0 JavaThread "Unconstrained build operations Thread 57" [_thread_blocked, id=11824, stack(0x000000ade2100000,0x000000ade2200000)]
  0x0000025123c7f870 JavaThread "Unconstrained build operations Thread 58" [_thread_blocked, id=15968, stack(0x000000ade2200000,0x000000ade2300000)]
  0x0000025123c81be0 JavaThread "Unconstrained build operations Thread 59" [_thread_blocked, id=14436, stack(0x000000ade2300000,0x000000ade2400000)]
  0x0000025123c7c5d0 JavaThread "Unconstrained build operations Thread 60" [_thread_blocked, id=14844, stack(0x000000ade2400000,0x000000ade2500000)]
  0x0000025123c7df20 JavaThread "Unconstrained build operations Thread 61" [_thread_blocked, id=9668, stack(0x000000ade2500000,0x000000ade2600000)]
  0x0000025123c7e940 JavaThread "Unconstrained build operations Thread 62" [_thread_blocked, id=9064, stack(0x000000ade2600000,0x000000ade2700000)]
  0x0000025123c820f0 JavaThread "Unconstrained build operations Thread 63" [_thread_blocked, id=8104, stack(0x000000ade2700000,0x000000ade2800000)]
  0x0000025123c807a0 JavaThread "Unconstrained build operations Thread 64" [_thread_blocked, id=9076, stack(0x000000ade2800000,0x000000ade2900000)]
  0x0000025123c82600 JavaThread "Unconstrained build operations Thread 65" [_thread_blocked, id=6964, stack(0x000000ade2900000,0x000000ade2a00000)]
  0x0000025123c82b10 JavaThread "Unconstrained build operations Thread 66" [_thread_blocked, id=3924, stack(0x000000ade2a00000,0x000000ade2b00000)]
  0x0000025123c80cb0 JavaThread "Unconstrained build operations Thread 67" [_thread_blocked, id=14284, stack(0x000000ade2b00000,0x000000ade2c00000)]
  0x0000025123c7ee50 JavaThread "Unconstrained build operations Thread 68" [_thread_blocked, id=14568, stack(0x000000ade2c00000,0x000000ade2d00000)]
  0x0000025123c7f360 JavaThread "build event listener" [_thread_blocked, id=4220, stack(0x000000ade2d00000,0x000000ade2e00000)]
  0x00000251213a64c0 JavaThread "Problems report writer" [_thread_blocked, id=14872, stack(0x000000ade2e00000,0x000000ade2f00000)]
  0x00000251213a13c0 JavaThread "Unconstrained build operations Thread 69" [_thread_blocked, id=14040, stack(0x000000ade2f00000,0x000000ade3000000)]
  0x00000251213a0eb0 JavaThread "Unconstrained build operations Thread 70" [_thread_blocked, id=13996, stack(0x000000ade3000000,0x000000ade3100000)]
  0x00000251213a73f0 JavaThread "Unconstrained build operations Thread 71" [_thread_blocked, id=5176, stack(0x000000ade3100000,0x000000ade3200000)]
  0x00000251213a5590 JavaThread "Unconstrained build operations Thread 72" [_thread_blocked, id=6840, stack(0x000000ade3200000,0x000000ade3300000)]
  0x00000251213a5aa0 JavaThread "Unconstrained build operations Thread 73" [_thread_blocked, id=2736, stack(0x000000ade3300000,0x000000ade3400000)]
  0x00000251213a69d0 JavaThread "Unconstrained build operations Thread 74" [_thread_blocked, id=8880, stack(0x000000ade3400000,0x000000ade3500000)]
  0x0000025120833ac0 JavaThread "Unconstrained build operations Thread 75" [_thread_blocked, id=2968, stack(0x000000ade3700000,0x000000ade3800000)]
  0x00000251208330a0 JavaThread "Unconstrained build operations Thread 76" [_thread_blocked, id=8936, stack(0x000000ade3800000,0x000000ade3900000)]
  0x0000025120833fd0 JavaThread "Unconstrained build operations Thread 77" [_thread_blocked, id=12696, stack(0x000000ade3c00000,0x000000ade3d00000)]
  0x00000251208349f0 JavaThread "Unconstrained build operations Thread 78" [_thread_blocked, id=3156, stack(0x000000ade3d00000,0x000000ade3e00000)]
  0x000002512b4efd70 JavaThread "Unconstrained build operations Thread 79" [_thread_blocked, id=1388, stack(0x000000ade4700000,0x000000ade4800000)]
  0x00000251240465c0 JavaThread "Unconstrained build operations Thread 80" [_thread_blocked, id=8896, stack(0x000000ade4800000,0x000000ade4900000)]
  0x00000251235cf7b0 JavaThread "Cache worker for execution history cache (D:\PostUp\android\.gradle\8.13\executionHistory)" [_thread_blocked, id=14048, stack(0x000000ade1700000,0x000000ade1800000)]
  0x00000251235ccf30 JavaThread "WorkerExecutor Queue" [_thread_in_native, id=17224, stack(0x000000addb400000,0x000000addb500000)]
  0x000002512b4f11b0 JavaThread "WorkerExecutor Queue Thread 2" [_thread_blocked, id=16960, stack(0x000000ade0700000,0x000000ade0800000)]
  0x000002512b4f1bd0 JavaThread "WorkerExecutor Queue Thread 3" [_thread_in_native, id=16964, stack(0x000000ade4400000,0x000000ade4500000)]
  0x000002512b4ecfe0 JavaThread "WorkerExecutor Queue Thread 5" [_thread_blocked, id=16852, stack(0x000000ade4500000,0x000000ade4600000)]
  0x000002512b4edf10 JavaThread "WorkerExecutor Queue Thread 6" [_thread_in_native, id=13844, stack(0x000000ade4b00000,0x000000ade4c00000)]
  0x0000025123c7da10 JavaThread "WorkerExecutor Queue Thread 7" [_thread_blocked, id=15792, stack(0x000000ade4c00000,0x000000ade4d00000)]
  0x000002512d33fc40 JavaThread "Cache worker for Java compile cache (C:\Users\Hamza tabani\.gradle\caches\8.13\javaCompile)" [_thread_blocked, id=17876, stack(0x000000ade5100000,0x000000ade5200000)]
  0x000002512d33ba70 JavaThread "Build operations" [_thread_blocked, id=17016, stack(0x000000ade4f00000,0x000000ade5000000)]
  0x000002512d33bf80 JavaThread "Build operations Thread 2" [_thread_blocked, id=17008, stack(0x000000ade5200000,0x000000ade5300000)]
  0x000002512d33b560 JavaThread "Build operations Thread 3" [_thread_blocked, id=17012, stack(0x000000ade5300000,0x000000ade5400000)]
  0x000002512d33d8d0 JavaThread "Build operations Thread 4" [_thread_blocked, id=14964, stack(0x000000ade5400000,0x000000ade5500000)]
  0x000002512d340b70 JavaThread "Build operations Thread 5" [_thread_blocked, id=18252, stack(0x000000ade5500000,0x000000ade5600000)]
  0x000002512d33c9a0 JavaThread "Build operations Thread 6" [_thread_blocked, id=6608, stack(0x000000ade5600000,0x000000ade5700000)]
  0x000002512d341590 JavaThread "Build operations Thread 7" [_thread_blocked, id=17456, stack(0x000000ade5700000,0x000000ade5800000)]
  0x000002512b4f3f40 JavaThread "pool-5-thread-1" [_thread_blocked, id=15488, stack(0x000000ade5800000,0x000000ade5900000)]
  0x000002512b4f16c0 JavaThread "stderr" [_thread_in_native, id=15416, stack(0x000000ade5900000,0x000000ade5a00000)]
  0x00000251233a36b0 JavaThread "stdout" [_thread_in_native, id=16568, stack(0x000000ade5a00000,0x000000ade5b00000)]
  0x00000251213a18d0 JavaThread "RMI Scheduler(0)" daemon [_thread_blocked, id=18216, stack(0x000000ade4e00000,0x000000ade4f00000)]
  0x000002512b11e100 JavaThread "RMI GC Daemon" daemon [_thread_blocked, id=18368, stack(0x000000ade5c00000,0x000000ade5d00000)]
  0x000002512b11ff60 JavaThread "RMI TCP Accept-0" daemon [_thread_in_native, id=18348, stack(0x000000ade5d00000,0x000000ade5e00000)]
  0x000002512b11fa50 JavaThread "RMI Reaper" [_thread_blocked, id=18392, stack(0x000000ade5e00000,0x000000ade5f00000)]
  0x000002512b11f030 JavaThread "RMI TCP Connection(idle)" daemon [_thread_blocked, id=18248, stack(0x000000ade6000000,0x000000ade6100000)]
  0x000002512b1218b0 JavaThread "Build operations Thread 8" [_thread_blocked, id=18364, stack(0x000000ade6100000,0x000000ade6200000)]
  0x000002512b120470 JavaThread "RMI RenewClean-[127.0.0.1:17469,org.jetbrains.kotlin.daemon.common.LoopbackNetworkInterface$ClientLoopbackSocketFactory@2b3c1189]" daemon [_thread_blocked, id=3004, stack(0x000000ade5f00000,0x000000ade6000000)]
  0x000002512d5b3a20 JavaThread "RMI TCP Connection(idle)" daemon [_thread_blocked, id=17404, stack(0x000000ade6200000,0x000000ade6300000)]
  0x000002512e8a1ab0 JavaThread "RMI TCP Connection(7)-127.0.0.1" daemon [_thread_in_native, id=6684, stack(0x000000ade6400000,0x000000ade6500000)]
  0x000002512fa98a80 JavaThread "RMI RenewClean-[127.0.0.1:17469,org.jetbrains.kotlin.daemon.common.LoopbackNetworkInterface$ClientLoopbackSocketFactory@28735771]" daemon [_thread_blocked, id=6648, stack(0x000000ade6500000,0x000000ade6600000)]
  0x000002512e8a0160 JavaThread "RMI TCP Connection(idle)" daemon [_thread_blocked, id=16728, stack(0x000000ade6600000,0x000000ade6700000)]
  0x000002512e784af0 JavaThread "RMI RenewClean-[127.0.0.1:17469,org.jetbrains.kotlin.daemon.common.LoopbackNetworkInterface$ClientLoopbackSocketFactory@7e11c0cc]" daemon [_thread_blocked, id=18088, stack(0x000000ade3b00000,0x000000ade3c00000)]
  0x000002512c8b3eb0 JavaThread "RMI TCP Connection(idle)" daemon [_thread_blocked, id=18124, stack(0x000000ade6700000,0x000000ade6800000)]
  0x000002512bb69440 JavaThread "WorkerExecutor Queue Thread 10" [_thread_blocked, id=18228, stack(0x000000ade6800000,0x000000ade6900000)]
  0x000002512347fb30 JavaThread "C2 CompilerThread1" daemon [_thread_blocked, id=17116, stack(0x000000addc700000,0x000000addc800000)]
  0x000002512e8a0b80 JavaThread "WorkerExecutor Queue Thread 11" [_thread_blocked, id=1400, stack(0x000000ade4d00000,0x000000ade4e00000)]
  0x000002512d5d28c0 JavaThread "C2 CompilerThread2" daemon [_thread_blocked, id=15220, stack(0x000000adda000000,0x000000adda100000)]
  0x000002512fe1ba90 JavaThread "ForkJoinPool-1-worker-1" daemon [_thread_blocked, id=17060, stack(0x000000ade4000000,0x000000ade4100000)]
  0x000002512c8b39a0 JavaThread "ForkJoinPool-1-worker-2" daemon [_thread_blocked, id=18404, stack(0x000000ade4a00000,0x000000ade4b00000)]
  0x000002512cd919b0 JavaThread "ForkJoinPool-1-worker-3" daemon [_thread_blocked, id=16580, stack(0x000000ade5000000,0x000000ade5100000)]
  0x000002512b11eb20 JavaThread "ForkJoinPool-1-worker-4" daemon [_thread_blocked, id=16528, stack(0x000000ade5b00000,0x000000ade5c00000)]
  0x000002512fa994a0 JavaThread "ForkJoinPool-1-worker-5" daemon [_thread_blocked, id=14828, stack(0x000000ade6300000,0x000000ade6400000)]
  0x000002512cd90570 JavaThread "ForkJoinPool-1-worker-6" daemon [_thread_blocked, id=15364, stack(0x000000ade6900000,0x000000ade6a00000)]
  0x000002512e785510 JavaThread "ForkJoinPool-1-worker-7" daemon [_thread_blocked, id=3176, stack(0x000000ade6a00000,0x000000ade6b00000)]
  0x000002512bb6a880 JavaThread "ForkJoinPool-1-worker-8" daemon [_thread_blocked, id=9988, stack(0x000000ade6b00000,0x000000ade6c00000)]

Other Threads:
  0x000002517f8f9820 VMThread "VM Thread" [stack: 0x000000adda700000,0x000000adda800000] [id=2716]
  0x000002516173def0 WatcherThread [stack: 0x000000addb300000,0x000000addb400000] [id=3188]
  0x0000025161723540 GCTaskThread "GC Thread#0" [stack: 0x000000adda200000,0x000000adda300000] [id=2504]
  0x000002511f4d7da0 GCTaskThread "GC Thread#1" [stack: 0x000000addb600000,0x000000addb700000] [id=3196]
  0x000002511f49ebb0 GCTaskThread "GC Thread#2" [stack: 0x000000addb700000,0x000000addb800000] [id=3104]
  0x000002511f49ee70 GCTaskThread "GC Thread#3" [stack: 0x000000addb800000,0x000000addb900000] [id=3092]
  0x000002511f1e1530 GCTaskThread "GC Thread#4" [stack: 0x000000addb900000,0x000000addba00000] [id=3168]
  0x000002511f39a130 GCTaskThread "GC Thread#5" [stack: 0x000000addba00000,0x000000addbb00000] [id=3292]
  0x0000025120d54910 GCTaskThread "GC Thread#6" [stack: 0x000000addca00000,0x000000addcb00000] [id=6132]
=>0x0000025120d54e90 GCTaskThread "GC Thread#7" [stack: 0x000000addcb00000,0x000000addcc00000] [id=8080]
  0x0000025161734490 ConcurrentGCThread "G1 Main Marker" [stack: 0x000000adda300000,0x000000adda400000] [id=9452]
  0x0000025161735640 ConcurrentGCThread "G1 Conc#0" [stack: 0x000000adda400000,0x000000adda500000] [id=12416]
  0x0000025120d55150 ConcurrentGCThread "G1 Conc#1" [stack: 0x000000addcc00000,0x000000addcd00000] [id=15048]
  0x000002516179de30 ConcurrentGCThread "G1 Refine#0" [stack: 0x000000adda500000,0x000000adda600000] [id=12420]
  0x00000251220cd350 ConcurrentGCThread "G1 Refine#1" [stack: 0x000000addcf00000,0x000000addd000000] [id=14384]
  0x0000025124bac730 ConcurrentGCThread "G1 Refine#2" [stack: 0x000000ade4100000,0x000000ade4200000] [id=14660]
  0x0000025124baa3f0 ConcurrentGCThread "G1 Refine#3" [stack: 0x000000ade4200000,0x000000ade4300000] [id=10648]
  0x0000025124bacd10 ConcurrentGCThread "G1 Refine#4" [stack: 0x000000ade4300000,0x000000ade4400000] [id=9192]
  0x0000025123dab930 ConcurrentGCThread "G1 Refine#5" [stack: 0x000000ade4900000,0x000000ade4a00000] [id=16012]
  0x0000025124f6b260 ConcurrentGCThread "G1 Refine#6" [stack: 0x000000addfa00000,0x000000addfb00000] [id=12128]
  0x000002516179e860 ConcurrentGCThread "G1 Service" [stack: 0x000000adda600000,0x000000adda700000] [id=16292]

Threads with active compile tasks:
C2 CompilerThread0   176736 38129 %     4       com.android.tools.r8.dex.C::a @ 143 (836 bytes)
C2 CompilerThread1   176736 38419       4       com.android.tools.r8.dex.C::d (616 bytes)
C2 CompilerThread2   176736 38051 %     4       com.android.tools.r8.dex.C::a @ 292 (997 bytes)

VM state: at safepoint (normal execution)

VM Mutex/Monitor currently owned by a thread:  ([mutex/lock_event])
[0x00000251616c3d30] Threads_lock - owner thread: 0x000002517f8f9820
[0x00000251616c3f70] Heap_lock - owner thread: 0x000002512cd919b0

Heap address: 0x0000000080000000, size: 2048 MB, Compressed Oops mode: 32-bit

CDS archive(s) mapped at: [0x0000025100000000-0x0000025100bd0000-0x0000025100bd0000), size 12386304, SharedBaseAddress: 0x0000025100000000, ArchiveRelocationMode: 1.
Compressed class space mapped at: 0x0000025101000000-0x000002511b000000, reserved size: 436207616
Narrow klass base: 0x0000025100000000, Narrow klass shift: 0, Narrow klass range: 0x100000000

GC Precious Log:
 CPUs: 8 total, 8 available
 Memory: 16321M
 Large Page Support: Disabled
 NUMA Support: Disabled
 Compressed Oops: Enabled (32-bit)
 Heap Region Size: 1M
 Heap Min Capacity: 8M
 Heap Initial Capacity: 256M
 Heap Max Capacity: 2G
 Pre-touch: Disabled
 Parallel Workers: 8
 Concurrent Workers: 2
 Concurrent Refinement Workers: 8
 Periodic GC: Disabled

Heap:
 garbage-first heap   total 823296K, used 647514K [0x0000000080000000, 0x0000000100000000)
  region size 1024K, 206 young (210944K), 26 survivors (26624K)
 Metaspace       used 167734K, committed 171008K, reserved 622592K
  class space    used 22374K, committed 23680K, reserved 425984K

Heap Regions: E=young(eden), S=young(survivor), O=old, HS=humongous(starts), HC=humongous(continues), CS=collection set, F=free, OA=open archive, CA=closed archive, TAMS=top-at-mark-start (previous, next)
|   0|0x0000000080000000, 0x0000000080100000, 0x0000000080100000|100%|HS|  |TAMS 0x0000000080100000, 0x0000000080000000| Complete 
|   1|0x0000000080100000, 0x0000000080200000, 0x0000000080200000|100%|HC|  |TAMS 0x0000000080200000, 0x0000000080100000| Complete 
|   2|0x0000000080200000, 0x0000000080300000, 0x0000000080300000|100%|HC|  |TAMS 0x0000000080300000, 0x0000000080200000| Complete 
|   3|0x0000000080300000, 0x0000000080400000, 0x0000000080400000|100%| O|  |TAMS 0x0000000080400000, 0x0000000080300000| Untracked 
|   4|0x0000000080400000, 0x0000000080500000, 0x0000000080500000|100%| O|  |TAMS 0x0000000080500000, 0x0000000080400000| Untracked 
|   5|0x0000000080500000, 0x0000000080600000, 0x0000000080600000|100%| O|  |TAMS 0x0000000080600000, 0x0000000080500000| Untracked 
|   6|0x0000000080600000, 0x0000000080700000, 0x0000000080700000|100%|HS|  |TAMS 0x0000000080700000, 0x0000000080600000| Complete 
|   7|0x0000000080700000, 0x0000000080800000, 0x0000000080800000|100%| O|  |TAMS 0x0000000080800000, 0x0000000080700000| Untracked 
|   8|0x0000000080800000, 0x0000000080900000, 0x0000000080900000|100%| O|  |TAMS 0x0000000080900000, 0x0000000080800000| Untracked 
|   9|0x0000000080900000, 0x0000000080a00000, 0x0000000080a00000|100%| O|  |TAMS 0x0000000080a00000, 0x0000000080900000| Untracked 
|  10|0x0000000080a00000, 0x0000000080b00000, 0x0000000080b00000|100%| O|  |TAMS 0x0000000080b00000, 0x0000000080a00000| Untracked 
|  11|0x0000000080b00000, 0x0000000080c00000, 0x0000000080c00000|100%| O|  |TAMS 0x0000000080c00000, 0x0000000080b00000| Untracked 
|  12|0x0000000080c00000, 0x0000000080d00000, 0x0000000080d00000|100%| O|  |TAMS 0x0000000080d00000, 0x0000000080c00000| Untracked 
|  13|0x0000000080d00000, 0x0000000080e00000, 0x0000000080e00000|100%| O|  |TAMS 0x0000000080e00000, 0x0000000080d00000| Untracked 
|  14|0x0000000080e00000, 0x0000000080f00000, 0x0000000080f00000|100%| O|  |TAMS 0x0000000080f00000, 0x0000000080e00000| Untracked 
|  15|0x0000000080f00000, 0x0000000081000000, 0x0000000081000000|100%| O|  |TAMS 0x0000000081000000, 0x0000000080f00000| Untracked 
|  16|0x0000000081000000, 0x0000000081100000, 0x0000000081100000|100%| O|  |TAMS 0x0000000081100000, 0x0000000081000000| Untracked 
|  17|0x0000000081100000, 0x0000000081200000, 0x0000000081200000|100%| O|  |TAMS 0x0000000081200000, 0x0000000081100000| Untracked 
|  18|0x0000000081200000, 0x0000000081300000, 0x0000000081300000|100%| O|  |TAMS 0x0000000081300000, 0x0000000081200000| Untracked 
|  19|0x0000000081300000, 0x0000000081400000, 0x0000000081400000|100%| O|  |TAMS 0x0000000081400000, 0x0000000081300000| Untracked 
|  20|0x0000000081400000, 0x0000000081500000, 0x0000000081500000|100%| O|  |TAMS 0x0000000081500000, 0x0000000081400000| Untracked 
|  21|0x0000000081500000, 0x0000000081600000, 0x0000000081600000|100%| O|  |TAMS 0x0000000081600000, 0x0000000081500000| Untracked 
|  22|0x0000000081600000, 0x0000000081700000, 0x0000000081700000|100%| O|  |TAMS 0x0000000081700000, 0x0000000081600000| Untracked 
|  23|0x0000000081700000, 0x0000000081800000, 0x0000000081800000|100%| O|  |TAMS 0x0000000081800000, 0x0000000081700000| Untracked 
|  24|0x0000000081800000, 0x0000000081900000, 0x0000000081900000|100%| O|  |TAMS 0x0000000081900000, 0x0000000081800000| Untracked 
|  25|0x0000000081900000, 0x0000000081a00000, 0x0000000081a00000|100%| O|  |TAMS 0x0000000081a00000, 0x0000000081900000| Untracked 
|  26|0x0000000081a00000, 0x0000000081b00000, 0x0000000081b00000|100%| O|  |TAMS 0x0000000081b00000, 0x0000000081a00000| Untracked 
|  27|0x0000000081b00000, 0x0000000081c00000, 0x0000000081c00000|100%| O|  |TAMS 0x0000000081c00000, 0x0000000081b00000| Untracked 
|  28|0x0000000081c00000, 0x0000000081d00000, 0x0000000081d00000|100%| O|  |TAMS 0x0000000081d00000, 0x0000000081c00000| Untracked 
|  29|0x0000000081d00000, 0x0000000081e00000, 0x0000000081e00000|100%| O|  |TAMS 0x0000000081e00000, 0x0000000081d00000| Untracked 
|  30|0x0000000081e00000, 0x0000000081f00000, 0x0000000081f00000|100%| O|  |TAMS 0x0000000081f00000, 0x0000000081e00000| Untracked 
|  31|0x0000000081f00000, 0x0000000082000000, 0x0000000082000000|100%| O|  |TAMS 0x0000000082000000, 0x0000000081f00000| Untracked 
|  32|0x0000000082000000, 0x0000000082100000, 0x0000000082100000|100%| O|  |TAMS 0x0000000082100000, 0x0000000082000000| Untracked 
|  33|0x0000000082100000, 0x0000000082200000, 0x0000000082200000|100%| O|  |TAMS 0x0000000082200000, 0x0000000082100000| Untracked 
|  34|0x0000000082200000, 0x0000000082300000, 0x0000000082300000|100%| O|  |TAMS 0x0000000082300000, 0x0000000082200000| Untracked 
|  35|0x0000000082300000, 0x0000000082400000, 0x0000000082400000|100%| O|  |TAMS 0x0000000082400000, 0x0000000082300000| Untracked 
|  36|0x0000000082400000, 0x0000000082500000, 0x0000000082500000|100%| O|  |TAMS 0x0000000082500000, 0x0000000082400000| Untracked 
|  37|0x0000000082500000, 0x0000000082600000, 0x0000000082600000|100%| O|  |TAMS 0x0000000082600000, 0x0000000082500000| Untracked 
|  38|0x0000000082600000, 0x0000000082700000, 0x0000000082700000|100%| O|  |TAMS 0x0000000082700000, 0x0000000082600000| Untracked 
|  39|0x0000000082700000, 0x0000000082800000, 0x0000000082800000|100%| O|  |TAMS 0x0000000082800000, 0x0000000082700000| Untracked 
|  40|0x0000000082800000, 0x0000000082900000, 0x0000000082900000|100%|HS|  |TAMS 0x0000000082900000, 0x0000000082800000| Complete 
|  41|0x0000000082900000, 0x0000000082a00000, 0x0000000082a00000|100%|HS|  |TAMS 0x0000000082900000, 0x0000000082900000| Complete 
|  42|0x0000000082a00000, 0x0000000082b00000, 0x0000000082b00000|100%|HS|  |TAMS 0x0000000082b00000, 0x0000000082a00000| Complete 
|  43|0x0000000082b00000, 0x0000000082c00000, 0x0000000082c00000|100%|HC|  |TAMS 0x0000000082c00000, 0x0000000082b00000| Complete 
|  44|0x0000000082c00000, 0x0000000082d00000, 0x0000000082d00000|100%| O|  |TAMS 0x0000000082c00000, 0x0000000082c00000| Untracked 
|  45|0x0000000082d00000, 0x0000000082e00000, 0x0000000082e00000|100%| O|  |TAMS 0x0000000082d00000, 0x0000000082d00000| Untracked 
|  46|0x0000000082e00000, 0x0000000082f00000, 0x0000000082f00000|100%|HS|  |TAMS 0x0000000082f00000, 0x0000000082e00000| Complete 
|  47|0x0000000082f00000, 0x0000000083000000, 0x0000000083000000|100%| O|  |TAMS 0x0000000083000000, 0x0000000082f00000| Untracked 
|  48|0x0000000083000000, 0x0000000083100000, 0x0000000083100000|100%|HS|  |TAMS 0x0000000083100000, 0x0000000083000000| Complete 
|  49|0x0000000083100000, 0x0000000083200000, 0x0000000083200000|100%|HC|  |TAMS 0x0000000083200000, 0x0000000083100000| Complete 
|  50|0x0000000083200000, 0x0000000083300000, 0x0000000083300000|100%|HC|  |TAMS 0x0000000083300000, 0x0000000083200000| Complete 
|  51|0x0000000083300000, 0x0000000083400000, 0x0000000083400000|100%|HS|  |TAMS 0x0000000083400000, 0x0000000083300000| Complete 
|  52|0x0000000083400000, 0x0000000083500000, 0x0000000083500000|100%|HC|  |TAMS 0x0000000083500000, 0x0000000083400000| Complete 
|  53|0x0000000083500000, 0x0000000083600000, 0x0000000083600000|100%| O|  |TAMS 0x0000000083600000, 0x0000000083500000| Untracked 
|  54|0x0000000083600000, 0x0000000083700000, 0x0000000083700000|100%| O|  |TAMS 0x0000000083700000, 0x0000000083600000| Untracked 
|  55|0x0000000083700000, 0x0000000083800000, 0x0000000083800000|100%| O|  |TAMS 0x0000000083800000, 0x0000000083700000| Untracked 
|  56|0x0000000083800000, 0x0000000083900000, 0x0000000083900000|100%| O|  |TAMS 0x0000000083900000, 0x0000000083800000| Untracked 
|  57|0x0000000083900000, 0x0000000083a00000, 0x0000000083a00000|100%|HS|  |TAMS 0x0000000083a00000, 0x0000000083900000| Complete 
|  58|0x0000000083a00000, 0x0000000083b00000, 0x0000000083b00000|100%|HC|  |TAMS 0x0000000083b00000, 0x0000000083a00000| Complete 
|  59|0x0000000083b00000, 0x0000000083c00000, 0x0000000083c00000|100%|HC|  |TAMS 0x0000000083c00000, 0x0000000083b00000| Complete 
|  60|0x0000000083c00000, 0x0000000083d00000, 0x0000000083d00000|100%| O|  |TAMS 0x0000000083d00000, 0x0000000083c00000| Untracked 
|  61|0x0000000083d00000, 0x0000000083e00000, 0x0000000083e00000|100%| O|  |TAMS 0x0000000083e00000, 0x0000000083d00000| Untracked 
|  62|0x0000000083e00000, 0x0000000083f00000, 0x0000000083f00000|100%| O|  |TAMS 0x0000000083f00000, 0x0000000083e00000| Untracked 
|  63|0x0000000083f00000, 0x0000000084000000, 0x0000000084000000|100%| O|  |TAMS 0x0000000083f00000, 0x0000000083f00000| Untracked 
|  64|0x0000000084000000, 0x0000000084100000, 0x0000000084100000|100%|HS|  |TAMS 0x0000000084100000, 0x0000000084000000| Complete 
|  65|0x0000000084100000, 0x0000000084200000, 0x0000000084200000|100%| O|  |TAMS 0x0000000084200000, 0x0000000084100000| Untracked 
|  66|0x0000000084200000, 0x0000000084300000, 0x0000000084300000|100%| O|  |TAMS 0x0000000084300000, 0x0000000084200000| Untracked 
|  67|0x0000000084300000, 0x0000000084400000, 0x0000000084400000|100%| O|  |TAMS 0x0000000084400000, 0x0000000084300000| Untracked 
|  68|0x0000000084400000, 0x0000000084500000, 0x0000000084500000|100%| O|  |TAMS 0x0000000084500000, 0x0000000084400000| Untracked 
|  69|0x0000000084500000, 0x0000000084600000, 0x0000000084600000|100%| O|  |TAMS 0x0000000084600000, 0x0000000084500000| Untracked 
|  70|0x0000000084600000, 0x0000000084700000, 0x0000000084700000|100%| O|  |TAMS 0x0000000084700000, 0x0000000084600000| Untracked 
|  71|0x0000000084700000, 0x0000000084800000, 0x0000000084800000|100%| O|  |TAMS 0x0000000084700000, 0x0000000084700000| Untracked 
|  72|0x0000000084800000, 0x0000000084900000, 0x0000000084900000|100%| O|  |TAMS 0x0000000084900000, 0x0000000084800000| Untracked 
|  73|0x0000000084900000, 0x0000000084a00000, 0x0000000084a00000|100%|HS|  |TAMS 0x0000000084a00000, 0x0000000084900000| Complete 
|  74|0x0000000084a00000, 0x0000000084b00000, 0x0000000084b00000|100%| O|  |TAMS 0x0000000084b00000, 0x0000000084a00000| Untracked 
|  75|0x0000000084b00000, 0x0000000084c00000, 0x0000000084c00000|100%| O|  |TAMS 0x0000000084c00000, 0x0000000084b00000| Untracked 
|  76|0x0000000084c00000, 0x0000000084d00000, 0x0000000084d00000|100%| O|  |TAMS 0x0000000084d00000, 0x0000000084c00000| Untracked 
|  77|0x0000000084d00000, 0x0000000084e00000, 0x0000000084e00000|100%| O|  |TAMS 0x0000000084e00000, 0x0000000084d00000| Untracked 
|  78|0x0000000084e00000, 0x0000000084f00000, 0x0000000084f00000|100%| O|  |TAMS 0x0000000084e00000, 0x0000000084e00000| Untracked 
|  79|0x0000000084f00000, 0x0000000085000000, 0x0000000085000000|100%| O|  |TAMS 0x0000000084f00000, 0x0000000084f00000| Untracked 
|  80|0x0000000085000000, 0x0000000085100000, 0x0000000085100000|100%| O|  |TAMS 0x0000000085000000, 0x0000000085000000| Untracked 
|  81|0x0000000085100000, 0x0000000085200000, 0x0000000085200000|100%| O|  |TAMS 0x0000000085100000, 0x0000000085100000| Untracked 
|  82|0x0000000085200000, 0x0000000085300000, 0x0000000085300000|100%| O|  |TAMS 0x0000000085200000, 0x0000000085200000| Untracked 
|  83|0x0000000085300000, 0x0000000085400000, 0x0000000085400000|100%|HS|  |TAMS 0x0000000085300000, 0x0000000085300000| Complete 
|  84|0x0000000085400000, 0x0000000085500000, 0x0000000085500000|100%| O|  |TAMS 0x0000000085400000, 0x0000000085400000| Untracked 
|  85|0x0000000085500000, 0x0000000085600000, 0x0000000085600000|100%| O|  |TAMS 0x0000000085500000, 0x0000000085500000| Untracked 
|  86|0x0000000085600000, 0x0000000085700000, 0x0000000085700000|100%| O|  |TAMS 0x0000000085600000, 0x0000000085600000| Untracked 
|  87|0x0000000085700000, 0x0000000085800000, 0x0000000085800000|100%| O|  |TAMS 0x0000000085800000, 0x0000000085700000| Untracked 
|  88|0x0000000085800000, 0x0000000085900000, 0x0000000085900000|100%| O|  |TAMS 0x0000000085900000, 0x0000000085800000| Untracked 
|  89|0x0000000085900000, 0x0000000085a00000, 0x0000000085a00000|100%| O|  |TAMS 0x0000000085a00000, 0x0000000085900000| Untracked 
|  90|0x0000000085a00000, 0x0000000085b00000, 0x0000000085b00000|100%|HS|  |TAMS 0x0000000085b00000, 0x0000000085a00000| Complete 
|  91|0x0000000085b00000, 0x0000000085c00000, 0x0000000085c00000|100%|HS|  |TAMS 0x0000000085c00000, 0x0000000085b00000| Complete 
|  92|0x0000000085c00000, 0x0000000085d00000, 0x0000000085d00000|100%|HS|  |TAMS 0x0000000085d00000, 0x0000000085c00000| Complete 
|  93|0x0000000085d00000, 0x0000000085e00000, 0x0000000085e00000|100%|HC|  |TAMS 0x0000000085e00000, 0x0000000085d00000| Complete 
|  94|0x0000000085e00000, 0x0000000085f00000, 0x0000000085f00000|100%| O|  |TAMS 0x0000000085f00000, 0x0000000085e00000| Untracked 
|  95|0x0000000085f00000, 0x0000000086000000, 0x0000000086000000|100%| O|  |TAMS 0x0000000086000000, 0x0000000085f00000| Untracked 
|  96|0x0000000086000000, 0x0000000086100000, 0x0000000086100000|100%|HS|  |TAMS 0x0000000086100000, 0x0000000086000000| Complete 
|  97|0x0000000086100000, 0x0000000086200000, 0x0000000086200000|100%| O|  |TAMS 0x0000000086200000, 0x0000000086100000| Untracked 
|  98|0x0000000086200000, 0x0000000086300000, 0x0000000086300000|100%| O|  |TAMS 0x0000000086300000, 0x0000000086200000| Untracked 
|  99|0x0000000086300000, 0x0000000086400000, 0x0000000086400000|100%| O|  |TAMS 0x0000000086400000, 0x0000000086300000| Untracked 
| 100|0x0000000086400000, 0x0000000086500000, 0x0000000086500000|100%| O|  |TAMS 0x0000000086500000, 0x0000000086400000| Untracked 
| 101|0x0000000086500000, 0x0000000086600000, 0x0000000086600000|100%| O|  |TAMS 0x0000000086600000, 0x0000000086500000| Untracked 
| 102|0x0000000086600000, 0x0000000086700000, 0x0000000086700000|100%| O|  |TAMS 0x0000000086700000, 0x0000000086600000| Untracked 
| 103|0x0000000086700000, 0x0000000086800000, 0x0000000086800000|100%|HS|  |TAMS 0x0000000086700000, 0x0000000086700000| Complete 
| 104|0x0000000086800000, 0x0000000086900000, 0x0000000086900000|100%| O|  |TAMS 0x0000000086800000, 0x0000000086800000| Untracked 
| 105|0x0000000086900000, 0x0000000086a00000, 0x0000000086a00000|100%| O|  |TAMS 0x0000000086900000, 0x0000000086900000| Untracked 
| 106|0x0000000086a00000, 0x0000000086b00000, 0x0000000086b00000|100%| O|  |TAMS 0x0000000086a00000, 0x0000000086a00000| Untracked 
| 107|0x0000000086b00000, 0x0000000086c00000, 0x0000000086c00000|100%| O|  |TAMS 0x0000000086b00000, 0x0000000086b00000| Untracked 
| 108|0x0000000086c00000, 0x0000000086d00000, 0x0000000086d00000|100%| O|  |TAMS 0x0000000086c00000, 0x0000000086c00000| Untracked 
| 109|0x0000000086d00000, 0x0000000086e00000, 0x0000000086e00000|100%| O|  |TAMS 0x0000000086e00000, 0x0000000086d00000| Untracked 
| 110|0x0000000086e00000, 0x0000000086f00000, 0x0000000086f00000|100%| O|  |TAMS 0x0000000086f00000, 0x0000000086e00000| Untracked 
| 111|0x0000000086f00000, 0x0000000087000000, 0x0000000087000000|100%| O|  |TAMS 0x0000000087000000, 0x0000000086f00000| Untracked 
| 112|0x0000000087000000, 0x0000000087100000, 0x0000000087100000|100%| O|  |TAMS 0x0000000087100000, 0x0000000087000000| Untracked 
| 113|0x0000000087100000, 0x0000000087200000, 0x0000000087200000|100%| O|  |TAMS 0x0000000087200000, 0x0000000087100000| Untracked 
| 114|0x0000000087200000, 0x0000000087300000, 0x0000000087300000|100%| O|  |TAMS 0x0000000087300000, 0x0000000087200000| Untracked 
| 115|0x0000000087300000, 0x0000000087400000, 0x0000000087400000|100%| O|  |TAMS 0x0000000087400000, 0x0000000087300000| Untracked 
| 116|0x0000000087400000, 0x0000000087500000, 0x0000000087500000|100%| O|  |TAMS 0x0000000087500000, 0x0000000087400000| Untracked 
| 117|0x0000000087500000, 0x0000000087600000, 0x0000000087600000|100%| O|  |TAMS 0x0000000087600000, 0x0000000087500000| Untracked 
| 118|0x0000000087600000, 0x0000000087700000, 0x0000000087700000|100%| O|  |TAMS 0x0000000087700000, 0x0000000087600000| Untracked 
| 119|0x0000000087700000, 0x0000000087800000, 0x0000000087800000|100%| O|  |TAMS 0x0000000087800000, 0x0000000087700000| Untracked 
| 120|0x0000000087800000, 0x0000000087900000, 0x0000000087900000|100%| O|  |TAMS 0x0000000087900000, 0x0000000087800000| Untracked 
| 121|0x0000000087900000, 0x0000000087a00000, 0x0000000087a00000|100%| O|  |TAMS 0x0000000087900000, 0x0000000087900000| Untracked 
| 122|0x0000000087a00000, 0x0000000087b00000, 0x0000000087b00000|100%| O|  |TAMS 0x0000000087b00000, 0x0000000087a00000| Untracked 
| 123|0x0000000087b00000, 0x0000000087c00000, 0x0000000087c00000|100%| O|  |TAMS 0x0000000087c00000, 0x0000000087b00000| Untracked 
| 124|0x0000000087c00000, 0x0000000087d00000, 0x0000000087d00000|100%| O|  |TAMS 0x0000000087d00000, 0x0000000087c00000| Untracked 
| 125|0x0000000087d00000, 0x0000000087e00000, 0x0000000087e00000|100%| O|  |TAMS 0x0000000087e00000, 0x0000000087d00000| Untracked 
| 126|0x0000000087e00000, 0x0000000087f00000, 0x0000000087f00000|100%| O|  |TAMS 0x0000000087e00000, 0x0000000087e00000| Untracked 
| 127|0x0000000087f00000, 0x0000000088000000, 0x0000000088000000|100%| O|  |TAMS 0x0000000088000000, 0x0000000087f00000| Untracked 
| 128|0x0000000088000000, 0x0000000088100000, 0x0000000088100000|100%| O|  |TAMS 0x0000000088000000, 0x0000000088000000| Untracked 
| 129|0x0000000088100000, 0x0000000088200000, 0x0000000088200000|100%| O|  |TAMS 0x0000000088100000, 0x0000000088100000| Untracked 
| 130|0x0000000088200000, 0x0000000088300000, 0x0000000088300000|100%| O|  |TAMS 0x0000000088300000, 0x0000000088200000| Untracked 
| 131|0x0000000088300000, 0x0000000088400000, 0x0000000088400000|100%| O|  |TAMS 0x0000000088300000, 0x0000000088300000| Untracked 
| 132|0x0000000088400000, 0x0000000088500000, 0x0000000088500000|100%| O|  |TAMS 0x0000000088500000, 0x0000000088400000| Untracked 
| 133|0x0000000088500000, 0x0000000088600000, 0x0000000088600000|100%| O|  |TAMS 0x0000000088600000, 0x0000000088500000| Untracked 
| 134|0x0000000088600000, 0x0000000088700000, 0x0000000088700000|100%| O|  |TAMS 0x0000000088700000, 0x0000000088600000| Untracked 
| 135|0x0000000088700000, 0x0000000088800000, 0x0000000088800000|100%| O|  |TAMS 0x0000000088800000, 0x0000000088700000| Untracked 
| 136|0x0000000088800000, 0x0000000088900000, 0x0000000088900000|100%| O|  |TAMS 0x0000000088900000, 0x0000000088800000| Untracked 
| 137|0x0000000088900000, 0x0000000088a00000, 0x0000000088a00000|100%| O|  |TAMS 0x0000000088a00000, 0x0000000088900000| Untracked 
| 138|0x0000000088a00000, 0x0000000088b00000, 0x0000000088b00000|100%| O|  |TAMS 0x0000000088b00000, 0x0000000088a00000| Untracked 
| 139|0x0000000088b00000, 0x0000000088c00000, 0x0000000088c00000|100%| O|  |TAMS 0x0000000088c00000, 0x0000000088b00000| Untracked 
| 140|0x0000000088c00000, 0x0000000088d00000, 0x0000000088d00000|100%| O|  |TAMS 0x0000000088c00000, 0x0000000088c00000| Untracked 
| 141|0x0000000088d00000, 0x0000000088e00000, 0x0000000088e00000|100%| O|  |TAMS 0x0000000088e00000, 0x0000000088d00000| Untracked 
| 142|0x0000000088e00000, 0x0000000088f00000, 0x0000000088f00000|100%| O|  |TAMS 0x0000000088e00000, 0x0000000088e00000| Untracked 
| 143|0x0000000088f00000, 0x0000000089000000, 0x0000000089000000|100%| O|  |TAMS 0x0000000088f00000, 0x0000000088f00000| Untracked 
| 144|0x0000000089000000, 0x0000000089100000, 0x0000000089100000|100%| O|  |TAMS 0x0000000089000000, 0x0000000089000000| Untracked 
| 145|0x0000000089100000, 0x0000000089200000, 0x0000000089200000|100%|HS|  |TAMS 0x0000000089200000, 0x0000000089100000| Complete 
| 146|0x0000000089200000, 0x0000000089300000, 0x0000000089300000|100%|HS|  |TAMS 0x0000000089300000, 0x0000000089200000| Complete 
| 147|0x0000000089300000, 0x0000000089400000, 0x0000000089400000|100%|HS|  |TAMS 0x0000000089400000, 0x0000000089300000| Complete 
| 148|0x0000000089400000, 0x0000000089500000, 0x0000000089500000|100%|HC|  |TAMS 0x0000000089500000, 0x0000000089400000| Complete 
| 149|0x0000000089500000, 0x0000000089600000, 0x0000000089600000|100%| O|  |TAMS 0x0000000089500000, 0x0000000089500000| Untracked 
| 150|0x0000000089600000, 0x0000000089700000, 0x0000000089700000|100%| O|  |TAMS 0x0000000089700000, 0x0000000089600000| Untracked 
| 151|0x0000000089700000, 0x0000000089800000, 0x0000000089800000|100%| O|  |TAMS 0x0000000089700000, 0x0000000089700000| Untracked 
| 152|0x0000000089800000, 0x0000000089900000, 0x0000000089900000|100%| O|  |TAMS 0x0000000089900000, 0x0000000089800000| Untracked 
| 153|0x0000000089900000, 0x0000000089a00000, 0x0000000089a00000|100%| O|  |TAMS 0x0000000089a00000, 0x0000000089900000| Untracked 
| 154|0x0000000089a00000, 0x0000000089b00000, 0x0000000089b00000|100%| O|  |TAMS 0x0000000089b00000, 0x0000000089a00000| Untracked 
| 155|0x0000000089b00000, 0x0000000089c00000, 0x0000000089c00000|100%| O|  |TAMS 0x0000000089c00000, 0x0000000089b00000| Untracked 
| 156|0x0000000089c00000, 0x0000000089d00000, 0x0000000089d00000|100%| O|  |TAMS 0x0000000089d00000, 0x0000000089c00000| Untracked 
| 157|0x0000000089d00000, 0x0000000089e00000, 0x0000000089e00000|100%|HS|  |TAMS 0x0000000089e00000, 0x0000000089d00000| Complete 
| 158|0x0000000089e00000, 0x0000000089f00000, 0x0000000089f00000|100%|HS|  |TAMS 0x0000000089f00000, 0x0000000089e00000| Complete 
| 159|0x0000000089f00000, 0x000000008a000000, 0x000000008a000000|100%| O|  |TAMS 0x000000008a000000, 0x0000000089f00000| Untracked 
| 160|0x000000008a000000, 0x000000008a100000, 0x000000008a100000|100%| O|  |TAMS 0x000000008a100000, 0x000000008a000000| Untracked 
| 161|0x000000008a100000, 0x000000008a200000, 0x000000008a200000|100%| O|  |TAMS 0x000000008a200000, 0x000000008a100000| Untracked 
| 162|0x000000008a200000, 0x000000008a300000, 0x000000008a300000|100%| O|  |TAMS 0x000000008a300000, 0x000000008a200000| Untracked 
| 163|0x000000008a300000, 0x000000008a400000, 0x000000008a400000|100%| O|  |TAMS 0x000000008a400000, 0x000000008a300000| Untracked 
| 164|0x000000008a400000, 0x000000008a500000, 0x000000008a500000|100%| O|  |TAMS 0x000000008a500000, 0x000000008a400000| Untracked 
| 165|0x000000008a500000, 0x000000008a600000, 0x000000008a600000|100%| O|  |TAMS 0x000000008a500000, 0x000000008a500000| Untracked 
| 166|0x000000008a600000, 0x000000008a700000, 0x000000008a700000|100%| O|  |TAMS 0x000000008a700000, 0x000000008a600000| Untracked 
| 167|0x000000008a700000, 0x000000008a800000, 0x000000008a800000|100%| O|  |TAMS 0x000000008a800000, 0x000000008a700000| Untracked 
| 168|0x000000008a800000, 0x000000008a900000, 0x000000008a900000|100%| O|  |TAMS 0x000000008a800000, 0x000000008a800000| Untracked 
| 169|0x000000008a900000, 0x000000008aa00000, 0x000000008aa00000|100%| O|  |TAMS 0x000000008a900000, 0x000000008a900000| Untracked 
| 170|0x000000008aa00000, 0x000000008ab00000, 0x000000008ab00000|100%| O|  |TAMS 0x000000008aa00000, 0x000000008aa00000| Untracked 
| 171|0x000000008ab00000, 0x000000008ac00000, 0x000000008ac00000|100%| O|  |TAMS 0x000000008ac00000, 0x000000008ab00000| Untracked 
| 172|0x000000008ac00000, 0x000000008ad00000, 0x000000008ad00000|100%| O|  |TAMS 0x000000008ac00000, 0x000000008ac00000| Untracked 
| 173|0x000000008ad00000, 0x000000008ae00000, 0x000000008ae00000|100%| O|  |TAMS 0x000000008ae00000, 0x000000008ad00000| Untracked 
| 174|0x000000008ae00000, 0x000000008af00000, 0x000000008af00000|100%| O|  |TAMS 0x000000008af00000, 0x000000008ae00000| Untracked 
| 175|0x000000008af00000, 0x000000008b000000, 0x000000008b000000|100%| O|  |TAMS 0x000000008b000000, 0x000000008af00000| Untracked 
| 176|0x000000008b000000, 0x000000008b100000, 0x000000008b100000|100%| O|  |TAMS 0x000000008b000000, 0x000000008b000000| Untracked 
| 177|0x000000008b100000, 0x000000008b200000, 0x000000008b200000|100%| O|  |TAMS 0x000000008b100000, 0x000000008b100000| Untracked 
| 178|0x000000008b200000, 0x000000008b300000, 0x000000008b300000|100%| O|  |TAMS 0x000000008b300000, 0x000000008b200000| Untracked 
| 179|0x000000008b300000, 0x000000008b400000, 0x000000008b400000|100%| O|  |TAMS 0x000000008b400000, 0x000000008b300000| Untracked 
| 180|0x000000008b400000, 0x000000008b500000, 0x000000008b500000|100%| O|  |TAMS 0x000000008b400000, 0x000000008b400000| Untracked 
| 181|0x000000008b500000, 0x000000008b600000, 0x000000008b600000|100%| O|  |TAMS 0x000000008b500000, 0x000000008b500000| Untracked 
| 182|0x000000008b600000, 0x000000008b700000, 0x000000008b700000|100%| O|  |TAMS 0x000000008b600000, 0x000000008b600000| Untracked 
| 183|0x000000008b700000, 0x000000008b800000, 0x000000008b800000|100%| O|  |TAMS 0x000000008b700000, 0x000000008b700000| Untracked 
| 184|0x000000008b800000, 0x000000008b900000, 0x000000008b900000|100%| O|  |TAMS 0x000000008b900000, 0x000000008b800000| Untracked 
| 185|0x000000008b900000, 0x000000008ba00000, 0x000000008ba00000|100%|HS|  |TAMS 0x000000008ba00000, 0x000000008b900000| Complete 
| 186|0x000000008ba00000, 0x000000008bb00000, 0x000000008bb00000|100%|HS|  |TAMS 0x000000008bb00000, 0x000000008ba00000| Complete 
| 187|0x000000008bb00000, 0x000000008bc00000, 0x000000008bc00000|100%|HS|  |TAMS 0x000000008bc00000, 0x000000008bb00000| Complete 
| 188|0x000000008bc00000, 0x000000008bd00000, 0x000000008bd00000|100%|HS|  |TAMS 0x000000008bd00000, 0x000000008bc00000| Complete 
| 189|0x000000008bd00000, 0x000000008be00000, 0x000000008be00000|100%| O|  |TAMS 0x000000008be00000, 0x000000008bd00000| Untracked 
| 190|0x000000008be00000, 0x000000008bf00000, 0x000000008bf00000|100%| O|  |TAMS 0x000000008be00000, 0x000000008be00000| Untracked 
| 191|0x000000008bf00000, 0x000000008c000000, 0x000000008c000000|100%| O|  |TAMS 0x000000008bf00000, 0x000000008bf00000| Untracked 
| 192|0x000000008c000000, 0x000000008c100000, 0x000000008c100000|100%| O|  |TAMS 0x000000008c000000, 0x000000008c000000| Untracked 
| 193|0x000000008c100000, 0x000000008c200000, 0x000000008c200000|100%| O|  |TAMS 0x000000008c100000, 0x000000008c100000| Untracked 
| 194|0x000000008c200000, 0x000000008c300000, 0x000000008c300000|100%| O|  |TAMS 0x000000008c200000, 0x000000008c200000| Untracked 
| 195|0x000000008c300000, 0x000000008c400000, 0x000000008c400000|100%| O|  |TAMS 0x000000008c300000, 0x000000008c300000| Untracked 
| 196|0x000000008c400000, 0x000000008c500000, 0x000000008c500000|100%| O|  |TAMS 0x000000008c400000, 0x000000008c400000| Untracked 
| 197|0x000000008c500000, 0x000000008c600000, 0x000000008c600000|100%|HS|  |TAMS 0x000000008c600000, 0x000000008c500000| Complete 
| 198|0x000000008c600000, 0x000000008c700000, 0x000000008c700000|100%| O|  |TAMS 0x000000008c700000, 0x000000008c600000| Untracked 
| 199|0x000000008c700000, 0x000000008c800000, 0x000000008c800000|100%| O|  |TAMS 0x000000008c700000, 0x000000008c700000| Untracked 
| 200|0x000000008c800000, 0x000000008c900000, 0x000000008c900000|100%| O|  |TAMS 0x000000008c900000, 0x000000008c800000| Untracked 
| 201|0x000000008c900000, 0x000000008ca00000, 0x000000008ca00000|100%| O|  |TAMS 0x000000008ca00000, 0x000000008c900000| Untracked 
| 202|0x000000008ca00000, 0x000000008cb00000, 0x000000008cb00000|100%| O|  |TAMS 0x000000008ca00000, 0x000000008ca00000| Untracked 
| 203|0x000000008cb00000, 0x000000008cc00000, 0x000000008cc00000|100%| O|  |TAMS 0x000000008cc00000, 0x000000008cb00000| Untracked 
| 204|0x000000008cc00000, 0x000000008cd00000, 0x000000008cd00000|100%| O|  |TAMS 0x000000008cc00000, 0x000000008cc00000| Untracked 
| 205|0x000000008cd00000, 0x000000008ce00000, 0x000000008ce00000|100%| O|  |TAMS 0x000000008cd00000, 0x000000008cd00000| Untracked 
| 206|0x000000008ce00000, 0x000000008cf00000, 0x000000008cf00000|100%| O|  |TAMS 0x000000008ce00000, 0x000000008ce00000| Untracked 
| 207|0x000000008cf00000, 0x000000008d000000, 0x000000008d000000|100%| O|  |TAMS 0x000000008d000000, 0x000000008cf00000| Untracked 
| 208|0x000000008d000000, 0x000000008d100000, 0x000000008d100000|100%| O|  |TAMS 0x000000008d100000, 0x000000008d000000| Untracked 
| 209|0x000000008d100000, 0x000000008d200000, 0x000000008d200000|100%| O|  |TAMS 0x000000008d200000, 0x000000008d100000| Untracked 
| 210|0x000000008d200000, 0x000000008d300000, 0x000000008d300000|100%| O|  |TAMS 0x000000008d300000, 0x000000008d200000| Untracked 
| 211|0x000000008d300000, 0x000000008d400000, 0x000000008d400000|100%| O|  |TAMS 0x000000008d400000, 0x000000008d300000| Untracked 
| 212|0x000000008d400000, 0x000000008d500000, 0x000000008d500000|100%| O|  |TAMS 0x000000008d500000, 0x000000008d400000| Untracked 
| 213|0x000000008d500000, 0x000000008d600000, 0x000000008d600000|100%| O|  |TAMS 0x000000008d600000, 0x000000008d500000| Untracked 
| 214|0x000000008d600000, 0x000000008d700000, 0x000000008d700000|100%| O|  |TAMS 0x000000008d700000, 0x000000008d600000| Untracked 
| 215|0x000000008d700000, 0x000000008d800000, 0x000000008d800000|100%| O|  |TAMS 0x000000008d800000, 0x000000008d700000| Untracked 
| 216|0x000000008d800000, 0x000000008d900000, 0x000000008d900000|100%| O|  |TAMS 0x000000008d800000, 0x000000008d800000| Untracked 
| 217|0x000000008d900000, 0x000000008da00000, 0x000000008da00000|100%| O|  |TAMS 0x000000008d900000, 0x000000008d900000| Untracked 
| 218|0x000000008da00000, 0x000000008db00000, 0x000000008db00000|100%|HS|  |TAMS 0x000000008db00000, 0x000000008da00000| Complete 
| 219|0x000000008db00000, 0x000000008dc00000, 0x000000008dc00000|100%|HC|  |TAMS 0x000000008dc00000, 0x000000008db00000| Complete 
| 220|0x000000008dc00000, 0x000000008dd00000, 0x000000008dd00000|100%| O|  |TAMS 0x000000008dc00000, 0x000000008dc00000| Untracked 
| 221|0x000000008dd00000, 0x000000008de00000, 0x000000008de00000|100%| O|  |TAMS 0x000000008de00000, 0x000000008dd00000| Untracked 
| 222|0x000000008de00000, 0x000000008df00000, 0x000000008df00000|100%| O|  |TAMS 0x000000008df00000, 0x000000008de00000| Untracked 
| 223|0x000000008df00000, 0x000000008e000000, 0x000000008e000000|100%| O|  |TAMS 0x000000008e000000, 0x000000008df00000| Untracked 
| 224|0x000000008e000000, 0x000000008e100000, 0x000000008e100000|100%| O|  |TAMS 0x000000008e100000, 0x000000008e000000| Untracked 
| 225|0x000000008e100000, 0x000000008e200000, 0x000000008e200000|100%| O|  |TAMS 0x000000008e100000, 0x000000008e100000| Untracked 
| 226|0x000000008e200000, 0x000000008e300000, 0x000000008e300000|100%| O|  |TAMS 0x000000008e300000, 0x000000008e200000| Untracked 
| 227|0x000000008e300000, 0x000000008e400000, 0x000000008e400000|100%| O|  |TAMS 0x000000008e400000, 0x000000008e300000| Untracked 
| 228|0x000000008e400000, 0x000000008e500000, 0x000000008e500000|100%| O|  |TAMS 0x000000008e500000, 0x000000008e400000| Untracked 
| 229|0x000000008e500000, 0x000000008e600000, 0x000000008e600000|100%| O|  |TAMS 0x000000008e600000, 0x000000008e500000| Untracked 
| 230|0x000000008e600000, 0x000000008e700000, 0x000000008e700000|100%| O|  |TAMS 0x000000008e700000, 0x000000008e600000| Untracked 
| 231|0x000000008e700000, 0x000000008e800000, 0x000000008e800000|100%| O|  |TAMS 0x000000008e800000, 0x000000008e700000| Untracked 
| 232|0x000000008e800000, 0x000000008e900000, 0x000000008e900000|100%| O|  |TAMS 0x000000008e900000, 0x000000008e800000| Untracked 
| 233|0x000000008e900000, 0x000000008ea00000, 0x000000008ea00000|100%| O|  |TAMS 0x000000008ea00000, 0x000000008e900000| Untracked 
| 234|0x000000008ea00000, 0x000000008eb00000, 0x000000008eb00000|100%| O|  |TAMS 0x000000008eb00000, 0x000000008ea00000| Untracked 
| 235|0x000000008eb00000, 0x000000008ec00000, 0x000000008ec00000|100%| O|  |TAMS 0x000000008ec00000, 0x000000008eb00000| Untracked 
| 236|0x000000008ec00000, 0x000000008ed00000, 0x000000008ed00000|100%| O|  |TAMS 0x000000008ed00000, 0x000000008ec00000| Untracked 
| 237|0x000000008ed00000, 0x000000008ee00000, 0x000000008ee00000|100%| O|  |TAMS 0x000000008ed00000, 0x000000008ed00000| Untracked 
| 238|0x000000008ee00000, 0x000000008ef00000, 0x000000008ef00000|100%| O|  |TAMS 0x000000008ee00000, 0x000000008ee00000| Untracked 
| 239|0x000000008ef00000, 0x000000008f000000, 0x000000008f000000|100%| O|  |TAMS 0x000000008f000000, 0x000000008ef00000| Untracked 
| 240|0x000000008f000000, 0x000000008f100000, 0x000000008f100000|100%| O|  |TAMS 0x000000008f100000, 0x000000008f000000| Untracked 
| 241|0x000000008f100000, 0x000000008f200000, 0x000000008f200000|100%| O|  |TAMS 0x000000008f200000, 0x000000008f100000| Untracked 
| 242|0x000000008f200000, 0x000000008f300000, 0x000000008f300000|100%| O|  |TAMS 0x000000008f300000, 0x000000008f200000| Untracked 
| 243|0x000000008f300000, 0x000000008f400000, 0x000000008f400000|100%| O|  |TAMS 0x000000008f400000, 0x000000008f300000| Untracked 
| 244|0x000000008f400000, 0x000000008f500000, 0x000000008f500000|100%| O|  |TAMS 0x000000008f500000, 0x000000008f400000| Untracked 
| 245|0x000000008f500000, 0x000000008f600000, 0x000000008f600000|100%| O|  |TAMS 0x000000008f600000, 0x000000008f500000| Untracked 
| 246|0x000000008f600000, 0x000000008f700000, 0x000000008f700000|100%| O|  |TAMS 0x000000008f700000, 0x000000008f600000| Untracked 
| 247|0x000000008f700000, 0x000000008f800000, 0x000000008f800000|100%| O|  |TAMS 0x000000008f800000, 0x000000008f700000| Untracked 
| 248|0x000000008f800000, 0x000000008f900000, 0x000000008f900000|100%| O|  |TAMS 0x000000008f900000, 0x000000008f800000| Untracked 
| 249|0x000000008f900000, 0x000000008fa00000, 0x000000008fa00000|100%| O|  |TAMS 0x000000008fa00000, 0x000000008f900000| Untracked 
| 250|0x000000008fa00000, 0x000000008fb00000, 0x000000008fb00000|100%| O|  |TAMS 0x000000008fb00000, 0x000000008fa00000| Untracked 
| 251|0x000000008fb00000, 0x000000008fc00000, 0x000000008fc00000|100%| O|  |TAMS 0x000000008fc00000, 0x000000008fb00000| Untracked 
| 252|0x000000008fc00000, 0x000000008fd00000, 0x000000008fd00000|100%| O|  |TAMS 0x000000008fd00000, 0x000000008fc00000| Untracked 
| 253|0x000000008fd00000, 0x000000008fe00000, 0x000000008fe00000|100%| O|  |TAMS 0x000000008fe00000, 0x000000008fd00000| Untracked 
| 254|0x000000008fe00000, 0x000000008ff00000, 0x000000008ff00000|100%| O|  |TAMS 0x000000008ff00000, 0x000000008fe00000| Untracked 
| 255|0x000000008ff00000, 0x0000000090000000, 0x0000000090000000|100%| O|  |TAMS 0x0000000090000000, 0x000000008ff00000| Untracked 
| 256|0x0000000090000000, 0x0000000090100000, 0x0000000090100000|100%| O|  |TAMS 0x0000000090100000, 0x0000000090000000| Untracked 
| 257|0x0000000090100000, 0x0000000090200000, 0x0000000090200000|100%| O|  |TAMS 0x0000000090200000, 0x0000000090100000| Untracked 
| 258|0x0000000090200000, 0x0000000090300000, 0x0000000090300000|100%| O|  |TAMS 0x0000000090300000, 0x0000000090200000| Untracked 
| 259|0x0000000090300000, 0x0000000090400000, 0x0000000090400000|100%| O|  |TAMS 0x0000000090400000, 0x0000000090300000| Untracked 
| 260|0x0000000090400000, 0x0000000090500000, 0x0000000090500000|100%| O|  |TAMS 0x0000000090500000, 0x0000000090400000| Untracked 
| 261|0x0000000090500000, 0x0000000090600000, 0x0000000090600000|100%| O|  |TAMS 0x0000000090600000, 0x0000000090500000| Untracked 
| 262|0x0000000090600000, 0x0000000090700000, 0x0000000090700000|100%| O|  |TAMS 0x0000000090700000, 0x0000000090600000| Untracked 
| 263|0x0000000090700000, 0x0000000090800000, 0x0000000090800000|100%| O|  |TAMS 0x0000000090800000, 0x0000000090700000| Untracked 
| 264|0x0000000090800000, 0x0000000090900000, 0x0000000090900000|100%| O|  |TAMS 0x0000000090900000, 0x0000000090800000| Untracked 
| 265|0x0000000090900000, 0x0000000090a00000, 0x0000000090a00000|100%| O|  |TAMS 0x0000000090a00000, 0x0000000090900000| Untracked 
| 266|0x0000000090a00000, 0x0000000090b00000, 0x0000000090b00000|100%| O|  |TAMS 0x0000000090b00000, 0x0000000090a00000| Untracked 
| 267|0x0000000090b00000, 0x0000000090c00000, 0x0000000090c00000|100%| O|  |TAMS 0x0000000090c00000, 0x0000000090b00000| Untracked 
| 268|0x0000000090c00000, 0x0000000090d00000, 0x0000000090d00000|100%| O|  |TAMS 0x0000000090d00000, 0x0000000090c00000| Untracked 
| 269|0x0000000090d00000, 0x0000000090e00000, 0x0000000090e00000|100%| O|  |TAMS 0x0000000090e00000, 0x0000000090d00000| Untracked 
| 270|0x0000000090e00000, 0x0000000090f00000, 0x0000000090f00000|100%| O|  |TAMS 0x0000000090f00000, 0x0000000090e00000| Untracked 
| 271|0x0000000090f00000, 0x0000000091000000, 0x0000000091000000|100%| O|  |TAMS 0x0000000091000000, 0x0000000090f00000| Untracked 
| 272|0x0000000091000000, 0x0000000091100000, 0x0000000091100000|100%| O|  |TAMS 0x0000000091100000, 0x0000000091000000| Untracked 
| 273|0x0000000091100000, 0x0000000091200000, 0x0000000091200000|100%| O|  |TAMS 0x0000000091200000, 0x0000000091100000| Untracked 
| 274|0x0000000091200000, 0x0000000091300000, 0x0000000091300000|100%| O|  |TAMS 0x0000000091300000, 0x0000000091200000| Untracked 
| 275|0x0000000091300000, 0x0000000091400000, 0x0000000091400000|100%| O|  |TAMS 0x0000000091400000, 0x0000000091300000| Untracked 
| 276|0x0000000091400000, 0x0000000091500000, 0x0000000091500000|100%| O|  |TAMS 0x0000000091500000, 0x0000000091400000| Untracked 
| 277|0x0000000091500000, 0x0000000091600000, 0x0000000091600000|100%| O|  |TAMS 0x0000000091600000, 0x0000000091500000| Untracked 
| 278|0x0000000091600000, 0x0000000091700000, 0x0000000091700000|100%| O|  |TAMS 0x0000000091700000, 0x0000000091600000| Untracked 
| 279|0x0000000091700000, 0x0000000091800000, 0x0000000091800000|100%| O|  |TAMS 0x0000000091800000, 0x0000000091700000| Untracked 
| 280|0x0000000091800000, 0x0000000091900000, 0x0000000091900000|100%| O|  |TAMS 0x0000000091900000, 0x0000000091800000| Untracked 
| 281|0x0000000091900000, 0x0000000091a00000, 0x0000000091a00000|100%| O|  |TAMS 0x0000000091a00000, 0x0000000091900000| Untracked 
| 282|0x0000000091a00000, 0x0000000091b00000, 0x0000000091b00000|100%| O|  |TAMS 0x0000000091b00000, 0x0000000091a00000| Untracked 
| 283|0x0000000091b00000, 0x0000000091c00000, 0x0000000091c00000|100%| O|  |TAMS 0x0000000091c00000, 0x0000000091b00000| Untracked 
| 284|0x0000000091c00000, 0x0000000091d00000, 0x0000000091d00000|100%| O|  |TAMS 0x0000000091d00000, 0x0000000091c00000| Untracked 
| 285|0x0000000091d00000, 0x0000000091e00000, 0x0000000091e00000|100%| O|  |TAMS 0x0000000091e00000, 0x0000000091d00000| Untracked 
| 286|0x0000000091e00000, 0x0000000091f00000, 0x0000000091f00000|100%| O|  |TAMS 0x0000000091f00000, 0x0000000091e00000| Untracked 
| 287|0x0000000091f00000, 0x0000000092000000, 0x0000000092000000|100%| O|  |TAMS 0x0000000091f00000, 0x0000000091f00000| Untracked 
| 288|0x0000000092000000, 0x0000000092100000, 0x0000000092100000|100%| O|  |TAMS 0x0000000092100000, 0x0000000092000000| Untracked 
| 289|0x0000000092100000, 0x0000000092200000, 0x0000000092200000|100%| O|  |TAMS 0x0000000092200000, 0x0000000092100000| Untracked 
| 290|0x0000000092200000, 0x0000000092300000, 0x0000000092300000|100%| O|  |TAMS 0x0000000092300000, 0x0000000092200000| Untracked 
| 291|0x0000000092300000, 0x0000000092400000, 0x0000000092400000|100%| O|  |TAMS 0x0000000092400000, 0x0000000092300000| Untracked 
| 292|0x0000000092400000, 0x0000000092500000, 0x0000000092500000|100%| O|  |TAMS 0x0000000092500000, 0x0000000092400000| Untracked 
| 293|0x0000000092500000, 0x0000000092600000, 0x0000000092600000|100%| O|  |TAMS 0x0000000092600000, 0x0000000092500000| Untracked 
| 294|0x0000000092600000, 0x0000000092700000, 0x0000000092700000|100%| O|  |TAMS 0x0000000092700000, 0x0000000092600000| Untracked 
| 295|0x0000000092700000, 0x0000000092800000, 0x0000000092800000|100%| O|  |TAMS 0x0000000092800000, 0x0000000092700000| Untracked 
| 296|0x0000000092800000, 0x0000000092900000, 0x0000000092900000|100%| O|  |TAMS 0x0000000092900000, 0x0000000092800000| Untracked 
| 297|0x0000000092900000, 0x0000000092a00000, 0x0000000092a00000|100%| O|  |TAMS 0x0000000092a00000, 0x0000000092900000| Untracked 
| 298|0x0000000092a00000, 0x0000000092b00000, 0x0000000092b00000|100%| O|  |TAMS 0x0000000092b00000, 0x0000000092a00000| Untracked 
| 299|0x0000000092b00000, 0x0000000092c00000, 0x0000000092c00000|100%| O|  |TAMS 0x0000000092c00000, 0x0000000092b00000| Untracked 
| 300|0x0000000092c00000, 0x0000000092d00000, 0x0000000092d00000|100%| O|  |TAMS 0x0000000092d00000, 0x0000000092c00000| Untracked 
| 301|0x0000000092d00000, 0x0000000092e00000, 0x0000000092e00000|100%| O|  |TAMS 0x0000000092e00000, 0x0000000092d00000| Untracked 
| 302|0x0000000092e00000, 0x0000000092f00000, 0x0000000092f00000|100%| O|  |TAMS 0x0000000092f00000, 0x0000000092e00000| Untracked 
| 303|0x0000000092f00000, 0x0000000093000000, 0x0000000093000000|100%| O|  |TAMS 0x0000000093000000, 0x0000000092f00000| Untracked 
| 304|0x0000000093000000, 0x0000000093100000, 0x0000000093100000|100%| O|  |TAMS 0x0000000093100000, 0x0000000093000000| Untracked 
| 305|0x0000000093100000, 0x0000000093200000, 0x0000000093200000|100%| O|  |TAMS 0x0000000093200000, 0x0000000093100000| Untracked 
| 306|0x0000000093200000, 0x0000000093300000, 0x0000000093300000|100%| O|  |TAMS 0x0000000093300000, 0x0000000093200000| Untracked 
| 307|0x0000000093300000, 0x0000000093400000, 0x0000000093400000|100%| O|  |TAMS 0x0000000093400000, 0x0000000093300000| Untracked 
| 308|0x0000000093400000, 0x0000000093500000, 0x0000000093500000|100%|HS|  |TAMS 0x0000000093400000, 0x0000000093400000| Complete 
| 309|0x0000000093500000, 0x0000000093600000, 0x0000000093600000|100%|HC|  |TAMS 0x0000000093500000, 0x0000000093500000| Complete 
| 310|0x0000000093600000, 0x0000000093700000, 0x0000000093700000|100%|HS|  |TAMS 0x0000000093600000, 0x0000000093600000| Complete 
| 311|0x0000000093700000, 0x0000000093800000, 0x0000000093800000|100%|HC|  |TAMS 0x0000000093700000, 0x0000000093700000| Complete 
| 312|0x0000000093800000, 0x0000000093900000, 0x0000000093900000|100%| O|  |TAMS 0x0000000093800000, 0x0000000093800000| Untracked 
| 313|0x0000000093900000, 0x0000000093a00000, 0x0000000093a00000|100%| O|  |TAMS 0x0000000093a00000, 0x0000000093900000| Untracked 
| 314|0x0000000093a00000, 0x0000000093b00000, 0x0000000093b00000|100%| O|  |TAMS 0x0000000093a00000, 0x0000000093a00000| Untracked 
| 315|0x0000000093b00000, 0x0000000093c00000, 0x0000000093c00000|100%| O|  |TAMS 0x0000000093c00000, 0x0000000093b00000| Untracked 
| 316|0x0000000093c00000, 0x0000000093d00000, 0x0000000093d00000|100%| O|  |TAMS 0x0000000093d00000, 0x0000000093c00000| Untracked 
| 317|0x0000000093d00000, 0x0000000093e00000, 0x0000000093e00000|100%| O|  |TAMS 0x0000000093e00000, 0x0000000093d00000| Untracked 
| 318|0x0000000093e00000, 0x0000000093f00000, 0x0000000093f00000|100%| O|  |TAMS 0x0000000093f00000, 0x0000000093e00000| Untracked 
| 319|0x0000000093f00000, 0x0000000094000000, 0x0000000094000000|100%| O|  |TAMS 0x0000000094000000, 0x0000000093f00000| Untracked 
| 320|0x0000000094000000, 0x0000000094100000, 0x0000000094100000|100%| O|  |TAMS 0x0000000094100000, 0x0000000094000000| Untracked 
| 321|0x0000000094100000, 0x0000000094200000, 0x0000000094200000|100%| O|  |TAMS 0x0000000094200000, 0x0000000094100000| Untracked 
| 322|0x0000000094200000, 0x0000000094300000, 0x0000000094300000|100%| O|  |TAMS 0x0000000094300000, 0x0000000094200000| Untracked 
| 323|0x0000000094300000, 0x0000000094400000, 0x0000000094400000|100%| O|  |TAMS 0x0000000094400000, 0x0000000094300000| Untracked 
| 324|0x0000000094400000, 0x0000000094500000, 0x0000000094500000|100%| O|  |TAMS 0x0000000094400000, 0x0000000094400000| Untracked 
| 325|0x0000000094500000, 0x0000000094600000, 0x0000000094600000|100%| O|  |TAMS 0x0000000094500000, 0x0000000094500000| Untracked 
| 326|0x0000000094600000, 0x0000000094700000, 0x0000000094700000|100%| O|  |TAMS 0x0000000094600000, 0x0000000094600000| Untracked 
| 327|0x0000000094700000, 0x0000000094800000, 0x0000000094800000|100%| O|  |TAMS 0x0000000094800000, 0x0000000094700000| Untracked 
| 328|0x0000000094800000, 0x0000000094900000, 0x0000000094900000|100%| O|  |TAMS 0x0000000094900000, 0x0000000094800000| Untracked 
| 329|0x0000000094900000, 0x0000000094a00000, 0x0000000094a00000|100%| O|  |TAMS 0x0000000094a00000, 0x0000000094900000| Untracked 
| 330|0x0000000094a00000, 0x0000000094b00000, 0x0000000094b00000|100%| O|  |TAMS 0x0000000094a00000, 0x0000000094a00000| Untracked 
| 331|0x0000000094b00000, 0x0000000094c00000, 0x0000000094c00000|100%| O|  |TAMS 0x0000000094b00000, 0x0000000094b00000| Untracked 
| 332|0x0000000094c00000, 0x0000000094d00000, 0x0000000094d00000|100%| O|  |TAMS 0x0000000094c00000, 0x0000000094c00000| Untracked 
| 333|0x0000000094d00000, 0x0000000094e00000, 0x0000000094e00000|100%| O|  |TAMS 0x0000000094e00000, 0x0000000094d00000| Untracked 
| 334|0x0000000094e00000, 0x0000000094f00000, 0x0000000094f00000|100%| O|  |TAMS 0x0000000094f00000, 0x0000000094e00000| Untracked 
| 335|0x0000000094f00000, 0x0000000095000000, 0x0000000095000000|100%| O|  |TAMS 0x0000000094f00000, 0x0000000094f00000| Untracked 
| 336|0x0000000095000000, 0x0000000095100000, 0x0000000095100000|100%| O|  |TAMS 0x0000000095100000, 0x0000000095000000| Untracked 
| 337|0x0000000095100000, 0x0000000095200000, 0x0000000095200000|100%| O|  |TAMS 0x0000000095200000, 0x0000000095100000| Untracked 
| 338|0x0000000095200000, 0x0000000095300000, 0x0000000095300000|100%| O|  |TAMS 0x0000000095300000, 0x0000000095200000| Untracked 
| 339|0x0000000095300000, 0x0000000095400000, 0x0000000095400000|100%| O|  |TAMS 0x0000000095300000, 0x0000000095300000| Untracked 
| 340|0x0000000095400000, 0x0000000095500000, 0x0000000095500000|100%| O|  |TAMS 0x0000000095400000, 0x0000000095400000| Untracked 
| 341|0x0000000095500000, 0x0000000095600000, 0x0000000095600000|100%| O|  |TAMS 0x0000000095500000, 0x0000000095500000| Untracked 
| 342|0x0000000095600000, 0x0000000095700000, 0x0000000095700000|100%| O|  |TAMS 0x0000000095600000, 0x0000000095600000| Untracked 
| 343|0x0000000095700000, 0x0000000095800000, 0x0000000095800000|100%| O|  |TAMS 0x0000000095700000, 0x0000000095700000| Untracked 
| 344|0x0000000095800000, 0x0000000095900000, 0x0000000095900000|100%| O|  |TAMS 0x0000000095800000, 0x0000000095800000| Untracked 
| 345|0x0000000095900000, 0x0000000095a00000, 0x0000000095a00000|100%| O|  |TAMS 0x0000000095900000, 0x0000000095900000| Untracked 
| 346|0x0000000095a00000, 0x0000000095b00000, 0x0000000095b00000|100%| O|  |TAMS 0x0000000095a00000, 0x0000000095a00000| Untracked 
| 347|0x0000000095b00000, 0x0000000095c00000, 0x0000000095c00000|100%| O|  |TAMS 0x0000000095b00000, 0x0000000095b00000| Untracked 
| 348|0x0000000095c00000, 0x0000000095d00000, 0x0000000095d00000|100%| O|  |TAMS 0x0000000095c00000, 0x0000000095c00000| Untracked 
| 349|0x0000000095d00000, 0x0000000095e00000, 0x0000000095e00000|100%| O|  |TAMS 0x0000000095d00000, 0x0000000095d00000| Untracked 
| 350|0x0000000095e00000, 0x0000000095f00000, 0x0000000095f00000|100%| O|  |TAMS 0x0000000095e00000, 0x0000000095e00000| Untracked 
| 351|0x0000000095f00000, 0x0000000096000000, 0x0000000096000000|100%| O|  |TAMS 0x0000000095f00000, 0x0000000095f00000| Untracked 
| 352|0x0000000096000000, 0x0000000096100000, 0x0000000096100000|100%| O|  |TAMS 0x0000000096000000, 0x0000000096000000| Untracked 
| 353|0x0000000096100000, 0x0000000096200000, 0x0000000096200000|100%| O|  |TAMS 0x0000000096100000, 0x0000000096100000| Untracked 
| 354|0x0000000096200000, 0x0000000096300000, 0x0000000096300000|100%| O|  |TAMS 0x0000000096200000, 0x0000000096200000| Untracked 
| 355|0x0000000096300000, 0x0000000096400000, 0x0000000096400000|100%| O|  |TAMS 0x0000000096300000, 0x0000000096300000| Untracked 
| 356|0x0000000096400000, 0x0000000096500000, 0x0000000096500000|100%| O|  |TAMS 0x0000000096400000, 0x0000000096400000| Untracked 
| 357|0x0000000096500000, 0x0000000096600000, 0x0000000096600000|100%| O|  |TAMS 0x0000000096500000, 0x0000000096500000| Untracked 
| 358|0x0000000096600000, 0x0000000096700000, 0x0000000096700000|100%| O|  |TAMS 0x0000000096600000, 0x0000000096600000| Untracked 
| 359|0x0000000096700000, 0x0000000096800000, 0x0000000096800000|100%| O|  |TAMS 0x0000000096700000, 0x0000000096700000| Untracked 
| 360|0x0000000096800000, 0x0000000096900000, 0x0000000096900000|100%| O|  |TAMS 0x0000000096800000, 0x0000000096800000| Untracked 
| 361|0x0000000096900000, 0x0000000096900000, 0x0000000096a00000|  0%| F|  |TAMS 0x0000000096900000, 0x0000000096900000| Untracked 
| 362|0x0000000096a00000, 0x0000000096a00000, 0x0000000096b00000|  0%| F|  |TAMS 0x0000000096a00000, 0x0000000096a00000| Untracked 
| 363|0x0000000096b00000, 0x0000000096b00000, 0x0000000096c00000|  0%| F|  |TAMS 0x0000000096b00000, 0x0000000096b00000| Untracked 
| 364|0x0000000096c00000, 0x0000000096c00000, 0x0000000096d00000|  0%| F|  |TAMS 0x0000000096c00000, 0x0000000096c00000| Untracked 
| 365|0x0000000096d00000, 0x0000000096d00000, 0x0000000096e00000|  0%| F|  |TAMS 0x0000000096d00000, 0x0000000096d00000| Untracked 
| 366|0x0000000096e00000, 0x0000000096e00000, 0x0000000096f00000|  0%| F|  |TAMS 0x0000000096e00000, 0x0000000096e00000| Untracked 
| 367|0x0000000096f00000, 0x0000000096f00000, 0x0000000097000000|  0%| F|  |TAMS 0x0000000096f00000, 0x0000000096f00000| Untracked 
| 368|0x0000000097000000, 0x0000000097000000, 0x0000000097100000|  0%| F|  |TAMS 0x0000000097000000, 0x0000000097000000| Untracked 
| 369|0x0000000097100000, 0x0000000097100000, 0x0000000097200000|  0%| F|  |TAMS 0x0000000097100000, 0x0000000097100000| Untracked 
| 370|0x0000000097200000, 0x0000000097300000, 0x0000000097300000|100%| O|  |TAMS 0x0000000097300000, 0x0000000097200000| Untracked 
| 371|0x0000000097300000, 0x0000000097400000, 0x0000000097400000|100%| O|  |TAMS 0x0000000097400000, 0x0000000097300000| Untracked 
| 372|0x0000000097400000, 0x0000000097400000, 0x0000000097500000|  0%| F|  |TAMS 0x0000000097400000, 0x0000000097400000| Untracked 
| 373|0x0000000097500000, 0x0000000097500000, 0x0000000097600000|  0%| F|  |TAMS 0x0000000097500000, 0x0000000097500000| Untracked 
| 374|0x0000000097600000, 0x0000000097600000, 0x0000000097700000|  0%| F|  |TAMS 0x0000000097600000, 0x0000000097600000| Untracked 
| 375|0x0000000097700000, 0x0000000097700000, 0x0000000097800000|  0%| F|  |TAMS 0x0000000097700000, 0x0000000097700000| Untracked 
| 376|0x0000000097800000, 0x0000000097800000, 0x0000000097900000|  0%| F|  |TAMS 0x0000000097800000, 0x0000000097800000| Untracked 
| 377|0x0000000097900000, 0x0000000097900000, 0x0000000097a00000|  0%| F|  |TAMS 0x0000000097900000, 0x0000000097900000| Untracked 
| 378|0x0000000097a00000, 0x0000000097a00000, 0x0000000097b00000|  0%| F|  |TAMS 0x0000000097a00000, 0x0000000097a00000| Untracked 
| 379|0x0000000097b00000, 0x0000000097b00000, 0x0000000097c00000|  0%| F|  |TAMS 0x0000000097b00000, 0x0000000097b00000| Untracked 
| 380|0x0000000097c00000, 0x0000000097c00000, 0x0000000097d00000|  0%| F|  |TAMS 0x0000000097c00000, 0x0000000097c00000| Untracked 
| 381|0x0000000097d00000, 0x0000000097d00000, 0x0000000097e00000|  0%| F|  |TAMS 0x0000000097d00000, 0x0000000097d00000| Untracked 
| 382|0x0000000097e00000, 0x0000000097e00000, 0x0000000097f00000|  0%| F|  |TAMS 0x0000000097e00000, 0x0000000097e00000| Untracked 
| 383|0x0000000097f00000, 0x0000000097f00000, 0x0000000098000000|  0%| F|  |TAMS 0x0000000097f00000, 0x0000000097f00000| Untracked 
| 384|0x0000000098000000, 0x0000000098000000, 0x0000000098100000|  0%| F|  |TAMS 0x0000000098000000, 0x0000000098000000| Untracked 
| 385|0x0000000098100000, 0x0000000098100000, 0x0000000098200000|  0%| F|  |TAMS 0x0000000098100000, 0x0000000098100000| Untracked 
| 386|0x0000000098200000, 0x0000000098200000, 0x0000000098300000|  0%| F|  |TAMS 0x0000000098200000, 0x0000000098200000| Untracked 
| 387|0x0000000098300000, 0x0000000098300000, 0x0000000098400000|  0%| F|  |TAMS 0x0000000098300000, 0x0000000098300000| Untracked 
| 388|0x0000000098400000, 0x0000000098400000, 0x0000000098500000|  0%| F|  |TAMS 0x0000000098400000, 0x0000000098400000| Untracked 
| 389|0x0000000098500000, 0x0000000098500000, 0x0000000098600000|  0%| F|  |TAMS 0x0000000098500000, 0x0000000098500000| Untracked 
| 390|0x0000000098600000, 0x0000000098600000, 0x0000000098700000|  0%| F|  |TAMS 0x0000000098600000, 0x0000000098600000| Untracked 
| 391|0x0000000098700000, 0x0000000098700000, 0x0000000098800000|  0%| F|  |TAMS 0x0000000098700000, 0x0000000098700000| Untracked 
| 392|0x0000000098800000, 0x0000000098800000, 0x0000000098900000|  0%| F|  |TAMS 0x0000000098800000, 0x0000000098800000| Untracked 
| 393|0x0000000098900000, 0x0000000098900000, 0x0000000098a00000|  0%| F|  |TAMS 0x0000000098900000, 0x0000000098900000| Untracked 
| 394|0x0000000098a00000, 0x0000000098a00000, 0x0000000098b00000|  0%| F|  |TAMS 0x0000000098a00000, 0x0000000098a00000| Untracked 
| 395|0x0000000098b00000, 0x0000000098c00000, 0x0000000098c00000|100%| O|  |TAMS 0x0000000098c00000, 0x0000000098b00000| Untracked 
| 396|0x0000000098c00000, 0x0000000098c00000, 0x0000000098d00000|  0%| F|  |TAMS 0x0000000098c00000, 0x0000000098c00000| Untracked 
| 397|0x0000000098d00000, 0x0000000098d00000, 0x0000000098e00000|  0%| F|  |TAMS 0x0000000098d00000, 0x0000000098d00000| Untracked 
| 398|0x0000000098e00000, 0x0000000098e00000, 0x0000000098f00000|  0%| F|  |TAMS 0x0000000098e00000, 0x0000000098e00000| Untracked 
| 399|0x0000000098f00000, 0x0000000099000000, 0x0000000099000000|100%| O|  |TAMS 0x0000000099000000, 0x0000000098f00000| Untracked 
| 400|0x0000000099000000, 0x0000000099000000, 0x0000000099100000|  0%| F|  |TAMS 0x0000000099000000, 0x0000000099000000| Untracked 
| 401|0x0000000099100000, 0x0000000099100000, 0x0000000099200000|  0%| F|  |TAMS 0x0000000099100000, 0x0000000099100000| Untracked 
| 402|0x0000000099200000, 0x0000000099200000, 0x0000000099300000|  0%| F|  |TAMS 0x0000000099200000, 0x0000000099200000| Untracked 
| 403|0x0000000099300000, 0x0000000099300000, 0x0000000099400000|  0%| F|  |TAMS 0x0000000099300000, 0x0000000099300000| Untracked 
| 404|0x0000000099400000, 0x0000000099400000, 0x0000000099500000|  0%| F|  |TAMS 0x0000000099400000, 0x0000000099400000| Untracked 
| 405|0x0000000099500000, 0x0000000099500000, 0x0000000099600000|  0%| F|  |TAMS 0x0000000099500000, 0x0000000099500000| Untracked 
| 406|0x0000000099600000, 0x0000000099600000, 0x0000000099700000|  0%| F|  |TAMS 0x0000000099600000, 0x0000000099600000| Untracked 
| 407|0x0000000099700000, 0x0000000099700000, 0x0000000099800000|  0%| F|  |TAMS 0x0000000099700000, 0x0000000099700000| Untracked 
| 408|0x0000000099800000, 0x0000000099900000, 0x0000000099900000|100%| O|  |TAMS 0x0000000099900000, 0x0000000099800000| Untracked 
| 409|0x0000000099900000, 0x0000000099a00000, 0x0000000099a00000|100%| O|  |TAMS 0x0000000099a00000, 0x0000000099900000| Untracked 
| 410|0x0000000099a00000, 0x0000000099a00000, 0x0000000099b00000|  0%| F|  |TAMS 0x0000000099a00000, 0x0000000099a00000| Untracked 
| 411|0x0000000099b00000, 0x0000000099b00000, 0x0000000099c00000|  0%| F|  |TAMS 0x0000000099b00000, 0x0000000099b00000| Untracked 
| 412|0x0000000099c00000, 0x0000000099c00000, 0x0000000099d00000|  0%| F|  |TAMS 0x0000000099c00000, 0x0000000099c00000| Untracked 
| 413|0x0000000099d00000, 0x0000000099d00000, 0x0000000099e00000|  0%| F|  |TAMS 0x0000000099d00000, 0x0000000099d00000| Untracked 
| 414|0x0000000099e00000, 0x0000000099e00000, 0x0000000099f00000|  0%| F|  |TAMS 0x0000000099e00000, 0x0000000099e00000| Untracked 
| 415|0x0000000099f00000, 0x0000000099f00000, 0x000000009a000000|  0%| F|  |TAMS 0x0000000099f00000, 0x0000000099f00000| Untracked 
| 416|0x000000009a000000, 0x000000009a000000, 0x000000009a100000|  0%| F|  |TAMS 0x000000009a000000, 0x000000009a000000| Untracked 
| 417|0x000000009a100000, 0x000000009a100000, 0x000000009a200000|  0%| F|  |TAMS 0x000000009a100000, 0x000000009a100000| Untracked 
| 418|0x000000009a200000, 0x000000009a200000, 0x000000009a300000|  0%| F|  |TAMS 0x000000009a200000, 0x000000009a200000| Untracked 
| 419|0x000000009a300000, 0x000000009a300000, 0x000000009a400000|  0%| F|  |TAMS 0x000000009a300000, 0x000000009a300000| Untracked 
| 420|0x000000009a400000, 0x000000009a400000, 0x000000009a500000|  0%| F|  |TAMS 0x000000009a400000, 0x000000009a400000| Untracked 
| 421|0x000000009a500000, 0x000000009a500000, 0x000000009a600000|  0%| F|  |TAMS 0x000000009a500000, 0x000000009a500000| Untracked 
| 422|0x000000009a600000, 0x000000009a600000, 0x000000009a700000|  0%| F|  |TAMS 0x000000009a600000, 0x000000009a600000| Untracked 
| 423|0x000000009a700000, 0x000000009a700000, 0x000000009a800000|  0%| F|  |TAMS 0x000000009a700000, 0x000000009a700000| Untracked 
| 424|0x000000009a800000, 0x000000009a800000, 0x000000009a900000|  0%| F|  |TAMS 0x000000009a800000, 0x000000009a800000| Untracked 
| 425|0x000000009a900000, 0x000000009a900000, 0x000000009aa00000|  0%| F|  |TAMS 0x000000009a900000, 0x000000009a900000| Untracked 
| 426|0x000000009aa00000, 0x000000009aa00000, 0x000000009ab00000|  0%| F|  |TAMS 0x000000009aa00000, 0x000000009aa00000| Untracked 
| 427|0x000000009ab00000, 0x000000009ac00000, 0x000000009ac00000|100%| O|  |TAMS 0x000000009ac00000, 0x000000009ab00000| Untracked 
| 428|0x000000009ac00000, 0x000000009ac00000, 0x000000009ad00000|  0%| F|  |TAMS 0x000000009ac00000, 0x000000009ac00000| Untracked 
| 429|0x000000009ad00000, 0x000000009ae00000, 0x000000009ae00000|100%| O|  |TAMS 0x000000009ae00000, 0x000000009ad00000| Untracked 
| 430|0x000000009ae00000, 0x000000009af00000, 0x000000009af00000|100%|HS|  |TAMS 0x000000009af00000, 0x000000009ae00000| Complete 
| 431|0x000000009af00000, 0x000000009b000000, 0x000000009b000000|100%|HC|  |TAMS 0x000000009b000000, 0x000000009af00000| Complete 
| 432|0x000000009b000000, 0x000000009b100000, 0x000000009b100000|100%|HC|  |TAMS 0x000000009b100000, 0x000000009b000000| Complete 
| 433|0x000000009b100000, 0x000000009b200000, 0x000000009b200000|100%|HS|  |TAMS 0x000000009b200000, 0x000000009b100000| Complete 
| 434|0x000000009b200000, 0x000000009b300000, 0x000000009b300000|100%|HC|  |TAMS 0x000000009b300000, 0x000000009b200000| Complete 
| 435|0x000000009b300000, 0x000000009b400000, 0x000000009b400000|100%|HS|  |TAMS 0x000000009b400000, 0x000000009b300000| Complete 
| 436|0x000000009b400000, 0x000000009b500000, 0x000000009b500000|100%|HS|  |TAMS 0x000000009b500000, 0x000000009b400000| Complete 
| 437|0x000000009b500000, 0x000000009b600000, 0x000000009b600000|100%|HS|  |TAMS 0x000000009b600000, 0x000000009b500000| Complete 
| 438|0x000000009b600000, 0x000000009b700000, 0x000000009b700000|100%|HS|  |TAMS 0x000000009b700000, 0x000000009b600000| Complete 
| 439|0x000000009b700000, 0x000000009b800000, 0x000000009b800000|100%|HS|  |TAMS 0x000000009b800000, 0x000000009b700000| Complete 
| 440|0x000000009b800000, 0x000000009b900000, 0x000000009b900000|100%|HS|  |TAMS 0x000000009b900000, 0x000000009b800000| Complete 
| 441|0x000000009b900000, 0x000000009ba00000, 0x000000009ba00000|100%|HC|  |TAMS 0x000000009ba00000, 0x000000009b900000| Complete 
| 442|0x000000009ba00000, 0x000000009bb00000, 0x000000009bb00000|100%| O|  |TAMS 0x000000009bb00000, 0x000000009ba00000| Untracked 
| 443|0x000000009bb00000, 0x000000009bc00000, 0x000000009bc00000|100%| O|  |TAMS 0x000000009bc00000, 0x000000009bb00000| Untracked 
| 444|0x000000009bc00000, 0x000000009bd00000, 0x000000009bd00000|100%| O|  |TAMS 0x000000009bd00000, 0x000000009bc00000| Untracked 
| 445|0x000000009bd00000, 0x000000009be00000, 0x000000009be00000|100%| O|  |TAMS 0x000000009be00000, 0x000000009bd00000| Untracked 
| 446|0x000000009be00000, 0x000000009bf00000, 0x000000009bf00000|100%| O|  |TAMS 0x000000009bf00000, 0x000000009be00000| Untracked 
| 447|0x000000009bf00000, 0x000000009c000000, 0x000000009c000000|100%| O|  |TAMS 0x000000009c000000, 0x000000009bf00000| Untracked 
| 448|0x000000009c000000, 0x000000009c100000, 0x000000009c100000|100%| O|  |TAMS 0x000000009c100000, 0x000000009c000000| Untracked 
| 449|0x000000009c100000, 0x000000009c100000, 0x000000009c200000|  0%| F|  |TAMS 0x000000009c100000, 0x000000009c100000| Untracked 
| 450|0x000000009c200000, 0x000000009c200000, 0x000000009c300000|  0%| F|  |TAMS 0x000000009c200000, 0x000000009c200000| Untracked 
| 451|0x000000009c300000, 0x000000009c400000, 0x000000009c400000|100%|HS|  |TAMS 0x000000009c400000, 0x000000009c300000| Complete 
| 452|0x000000009c400000, 0x000000009c500000, 0x000000009c500000|100%|HS|  |TAMS 0x000000009c500000, 0x000000009c400000| Complete 
| 453|0x000000009c500000, 0x000000009c600000, 0x000000009c600000|100%|HC|  |TAMS 0x000000009c600000, 0x000000009c500000| Complete 
| 454|0x000000009c600000, 0x000000009c700000, 0x000000009c700000|100%|HS|  |TAMS 0x000000009c700000, 0x000000009c600000| Complete 
| 455|0x000000009c700000, 0x000000009c800000, 0x000000009c800000|100%|HC|  |TAMS 0x000000009c800000, 0x000000009c700000| Complete 
| 456|0x000000009c800000, 0x000000009c900000, 0x000000009c900000|100%|HS|  |TAMS 0x000000009c900000, 0x000000009c800000| Complete 
| 457|0x000000009c900000, 0x000000009ca00000, 0x000000009ca00000|100%|HC|  |TAMS 0x000000009ca00000, 0x000000009c900000| Complete 
| 458|0x000000009ca00000, 0x000000009cb00000, 0x000000009cb00000|100%|HS|  |TAMS 0x000000009cb00000, 0x000000009ca00000| Complete 
| 459|0x000000009cb00000, 0x000000009cc00000, 0x000000009cc00000|100%|HS|  |TAMS 0x000000009cc00000, 0x000000009cb00000| Complete 
| 460|0x000000009cc00000, 0x000000009cd00000, 0x000000009cd00000|100%|HC|  |TAMS 0x000000009cd00000, 0x000000009cc00000| Complete 
| 461|0x000000009cd00000, 0x000000009ce00000, 0x000000009ce00000|100%|HC|  |TAMS 0x000000009ce00000, 0x000000009cd00000| Complete 
| 462|0x000000009ce00000, 0x000000009cf00000, 0x000000009cf00000|100%|HS|  |TAMS 0x000000009cf00000, 0x000000009ce00000| Complete 
| 463|0x000000009cf00000, 0x000000009d000000, 0x000000009d000000|100%|HC|  |TAMS 0x000000009d000000, 0x000000009cf00000| Complete 
| 464|0x000000009d000000, 0x000000009d100000, 0x000000009d100000|100%|HC|  |TAMS 0x000000009d100000, 0x000000009d000000| Complete 
| 465|0x000000009d100000, 0x000000009d200000, 0x000000009d200000|100%|HS|  |TAMS 0x000000009d200000, 0x000000009d100000| Complete 
| 466|0x000000009d200000, 0x000000009d300000, 0x000000009d300000|100%|HC|  |TAMS 0x000000009d300000, 0x000000009d200000| Complete 
| 467|0x000000009d300000, 0x000000009d300000, 0x000000009d400000|  0%| F|  |TAMS 0x000000009d300000, 0x000000009d300000| Untracked 
| 468|0x000000009d400000, 0x000000009d500000, 0x000000009d500000|100%|HS|  |TAMS 0x000000009d500000, 0x000000009d400000| Complete 
| 469|0x000000009d500000, 0x000000009d600000, 0x000000009d600000|100%| O|  |TAMS 0x000000009d600000, 0x000000009d500000| Untracked 
| 470|0x000000009d600000, 0x000000009d700000, 0x000000009d700000|100%| O|  |TAMS 0x000000009d700000, 0x000000009d600000| Untracked 
| 471|0x000000009d700000, 0x000000009d800000, 0x000000009d800000|100%|HS|  |TAMS 0x000000009d800000, 0x000000009d700000| Complete 
| 472|0x000000009d800000, 0x000000009d900000, 0x000000009d900000|100%|HC|  |TAMS 0x000000009d900000, 0x000000009d800000| Complete 
| 473|0x000000009d900000, 0x000000009da00000, 0x000000009da00000|100%|HC|  |TAMS 0x000000009da00000, 0x000000009d900000| Complete 
| 474|0x000000009da00000, 0x000000009db00000, 0x000000009db00000|100%|HS|  |TAMS 0x000000009da00000, 0x000000009da00000| Complete 
| 475|0x000000009db00000, 0x000000009db00000, 0x000000009dc00000|  0%| F|  |TAMS 0x000000009db00000, 0x000000009db00000| Untracked 
| 476|0x000000009dc00000, 0x000000009dd00000, 0x000000009dd00000|100%|HS|  |TAMS 0x000000009dc00000, 0x000000009dc00000| Complete 
| 477|0x000000009dd00000, 0x000000009dd00000, 0x000000009de00000|  0%| F|  |TAMS 0x000000009dd00000, 0x000000009dd00000| Untracked 
| 478|0x000000009de00000, 0x000000009df00000, 0x000000009df00000|100%| O|  |TAMS 0x000000009df00000, 0x000000009de00000| Untracked 
| 479|0x000000009df00000, 0x000000009e000000, 0x000000009e000000|100%| O|  |TAMS 0x000000009df86200, 0x000000009df00000| Untracked 
| 480|0x000000009e000000, 0x000000009e000000, 0x000000009e100000|  0%| F|  |TAMS 0x000000009e000000, 0x000000009e000000| Untracked 
| 481|0x000000009e100000, 0x000000009e200000, 0x000000009e200000|100%|HS|  |TAMS 0x000000009e100000, 0x000000009e100000| Complete 
| 482|0x000000009e200000, 0x000000009e200000, 0x000000009e300000|  0%| F|  |TAMS 0x000000009e200000, 0x000000009e200000| Untracked 
| 483|0x000000009e300000, 0x000000009e400000, 0x000000009e400000|100%|HS|  |TAMS 0x000000009e300000, 0x000000009e300000| Complete 
| 484|0x000000009e400000, 0x000000009e400000, 0x000000009e500000|  0%| F|  |TAMS 0x000000009e400000, 0x000000009e400000| Untracked 
| 485|0x000000009e500000, 0x000000009e500000, 0x000000009e600000|  0%| F|  |TAMS 0x000000009e500000, 0x000000009e500000| Untracked 
| 486|0x000000009e600000, 0x000000009e600000, 0x000000009e700000|  0%| F|  |TAMS 0x000000009e600000, 0x000000009e600000| Untracked 
| 487|0x000000009e700000, 0x000000009e800000, 0x000000009e800000|100%|HS|  |TAMS 0x000000009e700000, 0x000000009e700000| Complete 
| 488|0x000000009e800000, 0x000000009e900000, 0x000000009e900000|100%|HC|  |TAMS 0x000000009e800000, 0x000000009e800000| Complete 
| 489|0x000000009e900000, 0x000000009e900000, 0x000000009ea00000|  0%| F|  |TAMS 0x000000009e900000, 0x000000009e900000| Untracked 
| 490|0x000000009ea00000, 0x000000009eb00000, 0x000000009eb00000|100%|HS|  |TAMS 0x000000009ea00000, 0x000000009ea00000| Complete 
| 491|0x000000009eb00000, 0x000000009eb00000, 0x000000009ec00000|  0%| F|  |TAMS 0x000000009eb00000, 0x000000009eb00000| Untracked 
| 492|0x000000009ec00000, 0x000000009ec00000, 0x000000009ed00000|  0%| F|  |TAMS 0x000000009ec00000, 0x000000009ec00000| Untracked 
| 493|0x000000009ed00000, 0x000000009ed00000, 0x000000009ee00000|  0%| F|  |TAMS 0x000000009ed00000, 0x000000009ed00000| Untracked 
| 494|0x000000009ee00000, 0x000000009ef00000, 0x000000009ef00000|100%|HS|  |TAMS 0x000000009ee00000, 0x000000009ee00000| Complete 
| 495|0x000000009ef00000, 0x000000009f000000, 0x000000009f000000|100%|HC|  |TAMS 0x000000009ef00000, 0x000000009ef00000| Complete 
| 496|0x000000009f000000, 0x000000009f100000, 0x000000009f100000|100%|HS|  |TAMS 0x000000009f000000, 0x000000009f000000| Complete 
| 497|0x000000009f100000, 0x000000009f200000, 0x000000009f200000|100%|HC|  |TAMS 0x000000009f100000, 0x000000009f100000| Complete 
| 498|0x000000009f200000, 0x000000009f300000, 0x000000009f300000|100%|HC|  |TAMS 0x000000009f200000, 0x000000009f200000| Complete 
| 499|0x000000009f300000, 0x000000009f400000, 0x000000009f400000|100%|HS|  |TAMS 0x000000009f300000, 0x000000009f300000| Complete 
| 500|0x000000009f400000, 0x000000009f500000, 0x000000009f500000|100%|HC|  |TAMS 0x000000009f400000, 0x000000009f400000| Complete 
| 501|0x000000009f500000, 0x000000009f500000, 0x000000009f600000|  0%| F|  |TAMS 0x000000009f500000, 0x000000009f500000| Untracked 
| 502|0x000000009f600000, 0x000000009f600000, 0x000000009f700000|  0%| F|  |TAMS 0x000000009f600000, 0x000000009f600000| Untracked 
| 503|0x000000009f700000, 0x000000009f700000, 0x000000009f800000|  0%| F|  |TAMS 0x000000009f700000, 0x000000009f700000| Untracked 
| 504|0x000000009f800000, 0x000000009f900000, 0x000000009f900000|100%|HS|  |TAMS 0x000000009f800000, 0x000000009f800000| Complete 
| 505|0x000000009f900000, 0x000000009fa00000, 0x000000009fa00000|100%|HC|  |TAMS 0x000000009f900000, 0x000000009f900000| Complete 
| 506|0x000000009fa00000, 0x000000009fa00000, 0x000000009fb00000|  0%| F|  |TAMS 0x000000009fa00000, 0x000000009fa00000| Untracked 
| 507|0x000000009fb00000, 0x000000009fc00000, 0x000000009fc00000|100%|HS|  |TAMS 0x000000009fb00000, 0x000000009fb00000| Complete 
| 508|0x000000009fc00000, 0x000000009fc00000, 0x000000009fd00000|  0%| F|  |TAMS 0x000000009fc00000, 0x000000009fc00000| Untracked 
| 509|0x000000009fd00000, 0x000000009fe00000, 0x000000009fe00000|100%| O|  |TAMS 0x000000009fd00000, 0x000000009fd00000| Untracked 
| 510|0x000000009fe00000, 0x000000009ff00000, 0x000000009ff00000|100%| O|  |TAMS 0x000000009fe00000, 0x000000009fe00000| Untracked 
| 511|0x000000009ff00000, 0x00000000a0000000, 0x00000000a0000000|100%| O|  |TAMS 0x000000009ff00000, 0x000000009ff00000| Untracked 
| 512|0x00000000a0000000, 0x00000000a0000000, 0x00000000a0100000|  0%| F|  |TAMS 0x00000000a0000000, 0x00000000a0000000| Untracked 
| 513|0x00000000a0100000, 0x00000000a0100000, 0x00000000a0200000|  0%| F|  |TAMS 0x00000000a0100000, 0x00000000a0100000| Untracked 
| 514|0x00000000a0200000, 0x00000000a0200000, 0x00000000a0300000|  0%| F|  |TAMS 0x00000000a0200000, 0x00000000a0200000| Untracked 
| 515|0x00000000a0300000, 0x00000000a0300000, 0x00000000a0400000|  0%| F|  |TAMS 0x00000000a0300000, 0x00000000a0300000| Untracked 
| 516|0x00000000a0400000, 0x00000000a0400000, 0x00000000a0500000|  0%| F|  |TAMS 0x00000000a0400000, 0x00000000a0400000| Untracked 
| 517|0x00000000a0500000, 0x00000000a0500000, 0x00000000a0600000|  0%| F|  |TAMS 0x00000000a0500000, 0x00000000a0500000| Untracked 
| 518|0x00000000a0600000, 0x00000000a0600000, 0x00000000a0700000|  0%| F|  |TAMS 0x00000000a0600000, 0x00000000a0600000| Untracked 
| 519|0x00000000a0700000, 0x00000000a0800000, 0x00000000a0800000|100%|HS|  |TAMS 0x00000000a0700000, 0x00000000a0700000| Complete 
| 520|0x00000000a0800000, 0x00000000a0900000, 0x00000000a0900000|100%|HC|  |TAMS 0x00000000a0800000, 0x00000000a0800000| Complete 
| 521|0x00000000a0900000, 0x00000000a0a00000, 0x00000000a0a00000|100%|HC|  |TAMS 0x00000000a0900000, 0x00000000a0900000| Complete 
| 522|0x00000000a0a00000, 0x00000000a0a00000, 0x00000000a0b00000|  0%| F|  |TAMS 0x00000000a0a00000, 0x00000000a0a00000| Untracked 
| 523|0x00000000a0b00000, 0x00000000a0b00000, 0x00000000a0c00000|  0%| F|  |TAMS 0x00000000a0b00000, 0x00000000a0b00000| Untracked 
| 524|0x00000000a0c00000, 0x00000000a0c00000, 0x00000000a0d00000|  0%| F|  |TAMS 0x00000000a0c00000, 0x00000000a0c00000| Untracked 
| 525|0x00000000a0d00000, 0x00000000a0d00000, 0x00000000a0e00000|  0%| F|  |TAMS 0x00000000a0d00000, 0x00000000a0d00000| Untracked 
| 526|0x00000000a0e00000, 0x00000000a0e00000, 0x00000000a0f00000|  0%| F|  |TAMS 0x00000000a0e00000, 0x00000000a0e00000| Untracked 
| 527|0x00000000a0f00000, 0x00000000a0f00000, 0x00000000a1000000|  0%| F|  |TAMS 0x00000000a0f00000, 0x00000000a0f00000| Untracked 
| 528|0x00000000a1000000, 0x00000000a1000000, 0x00000000a1100000|  0%| F|  |TAMS 0x00000000a1000000, 0x00000000a1000000| Untracked 
| 529|0x00000000a1100000, 0x00000000a1100000, 0x00000000a1200000|  0%| F|  |TAMS 0x00000000a1100000, 0x00000000a1100000| Untracked 
| 530|0x00000000a1200000, 0x00000000a1200000, 0x00000000a1300000|  0%| F|  |TAMS 0x00000000a1200000, 0x00000000a1200000| Untracked 
| 531|0x00000000a1300000, 0x00000000a1300000, 0x00000000a1400000|  0%| F|  |TAMS 0x00000000a1300000, 0x00000000a1300000| Untracked 
| 532|0x00000000a1400000, 0x00000000a1400000, 0x00000000a1500000|  0%| F|  |TAMS 0x00000000a1400000, 0x00000000a1400000| Untracked 
| 533|0x00000000a1500000, 0x00000000a1500000, 0x00000000a1600000|  0%| F|  |TAMS 0x00000000a1500000, 0x00000000a1500000| Untracked 
| 534|0x00000000a1600000, 0x00000000a1600000, 0x00000000a1700000|  0%| F|  |TAMS 0x00000000a1600000, 0x00000000a1600000| Untracked 
| 535|0x00000000a1700000, 0x00000000a1700000, 0x00000000a1800000|  0%| F|  |TAMS 0x00000000a1700000, 0x00000000a1700000| Untracked 
| 536|0x00000000a1800000, 0x00000000a1800000, 0x00000000a1900000|  0%| F|  |TAMS 0x00000000a1800000, 0x00000000a1800000| Untracked 
| 537|0x00000000a1900000, 0x00000000a1900000, 0x00000000a1a00000|  0%| F|  |TAMS 0x00000000a1900000, 0x00000000a1900000| Untracked 
| 538|0x00000000a1a00000, 0x00000000a1a00000, 0x00000000a1b00000|  0%| F|  |TAMS 0x00000000a1a00000, 0x00000000a1a00000| Untracked 
| 539|0x00000000a1b00000, 0x00000000a1b00000, 0x00000000a1c00000|  0%| F|  |TAMS 0x00000000a1b00000, 0x00000000a1b00000| Untracked 
| 540|0x00000000a1c00000, 0x00000000a1c00000, 0x00000000a1d00000|  0%| F|  |TAMS 0x00000000a1c00000, 0x00000000a1c00000| Untracked 
| 541|0x00000000a1d00000, 0x00000000a1d00000, 0x00000000a1e00000|  0%| F|  |TAMS 0x00000000a1d00000, 0x00000000a1d00000| Untracked 
| 542|0x00000000a1e00000, 0x00000000a1e00000, 0x00000000a1f00000|  0%| F|  |TAMS 0x00000000a1e00000, 0x00000000a1e00000| Untracked 
| 543|0x00000000a1f00000, 0x00000000a1f00000, 0x00000000a2000000|  0%| F|  |TAMS 0x00000000a1f00000, 0x00000000a1f00000| Untracked 
| 544|0x00000000a2000000, 0x00000000a2000000, 0x00000000a2100000|  0%| F|  |TAMS 0x00000000a2000000, 0x00000000a2000000| Untracked 
| 545|0x00000000a2100000, 0x00000000a2100000, 0x00000000a2200000|  0%| F|  |TAMS 0x00000000a2100000, 0x00000000a2100000| Untracked 
| 546|0x00000000a2200000, 0x00000000a2200000, 0x00000000a2300000|  0%| F|  |TAMS 0x00000000a2200000, 0x00000000a2200000| Untracked 
| 547|0x00000000a2300000, 0x00000000a2300000, 0x00000000a2400000|  0%| F|  |TAMS 0x00000000a2300000, 0x00000000a2300000| Untracked 
| 548|0x00000000a2400000, 0x00000000a2400000, 0x00000000a2500000|  0%| F|  |TAMS 0x00000000a2400000, 0x00000000a2400000| Untracked 
| 549|0x00000000a2500000, 0x00000000a2500000, 0x00000000a2600000|  0%| F|  |TAMS 0x00000000a2500000, 0x00000000a2500000| Untracked 
| 550|0x00000000a2600000, 0x00000000a2600000, 0x00000000a2700000|  0%| F|  |TAMS 0x00000000a2600000, 0x00000000a2600000| Untracked 
| 551|0x00000000a2700000, 0x00000000a2700000, 0x00000000a2800000|  0%| F|  |TAMS 0x00000000a2700000, 0x00000000a2700000| Untracked 
| 552|0x00000000a2800000, 0x00000000a2800000, 0x00000000a2900000|  0%| F|  |TAMS 0x00000000a2800000, 0x00000000a2800000| Untracked 
| 553|0x00000000a2900000, 0x00000000a2900000, 0x00000000a2a00000|  0%| F|  |TAMS 0x00000000a2900000, 0x00000000a2900000| Untracked 
| 554|0x00000000a2a00000, 0x00000000a2a00000, 0x00000000a2b00000|  0%| F|  |TAMS 0x00000000a2a00000, 0x00000000a2a00000| Untracked 
| 555|0x00000000a2b00000, 0x00000000a2b00000, 0x00000000a2c00000|  0%| F|  |TAMS 0x00000000a2b00000, 0x00000000a2b00000| Untracked 
| 556|0x00000000a2c00000, 0x00000000a2c00000, 0x00000000a2d00000|  0%| F|  |TAMS 0x00000000a2c00000, 0x00000000a2c00000| Untracked 
| 557|0x00000000a2d00000, 0x00000000a2d00000, 0x00000000a2e00000|  0%| F|  |TAMS 0x00000000a2d00000, 0x00000000a2d00000| Untracked 
| 558|0x00000000a2e00000, 0x00000000a2e00000, 0x00000000a2f00000|  0%| F|  |TAMS 0x00000000a2e00000, 0x00000000a2e00000| Untracked 
| 559|0x00000000a2f00000, 0x00000000a2f00000, 0x00000000a3000000|  0%| F|  |TAMS 0x00000000a2f00000, 0x00000000a2f00000| Untracked 
| 560|0x00000000a3000000, 0x00000000a3000000, 0x00000000a3100000|  0%| F|  |TAMS 0x00000000a3000000, 0x00000000a3000000| Untracked 
| 561|0x00000000a3100000, 0x00000000a317b878, 0x00000000a3200000| 48%| E|CS|TAMS 0x00000000a3100000, 0x00000000a3100000| Complete 
| 562|0x00000000a3200000, 0x00000000a3300000, 0x00000000a3300000|100%| E|CS|TAMS 0x00000000a3200000, 0x00000000a3200000| Complete 
| 563|0x00000000a3300000, 0x00000000a3400000, 0x00000000a3400000|100%| E|CS|TAMS 0x00000000a3300000, 0x00000000a3300000| Complete 
| 564|0x00000000a3400000, 0x00000000a3500000, 0x00000000a3500000|100%| E|CS|TAMS 0x00000000a3400000, 0x00000000a3400000| Complete 
| 565|0x00000000a3500000, 0x00000000a3600000, 0x00000000a3600000|100%| E|CS|TAMS 0x00000000a3500000, 0x00000000a3500000| Complete 
| 566|0x00000000a3600000, 0x00000000a3700000, 0x00000000a3700000|100%| E|CS|TAMS 0x00000000a3600000, 0x00000000a3600000| Complete 
| 567|0x00000000a3700000, 0x00000000a3800000, 0x00000000a3800000|100%| E|CS|TAMS 0x00000000a3700000, 0x00000000a3700000| Complete 
| 568|0x00000000a3800000, 0x00000000a3900000, 0x00000000a3900000|100%| E|CS|TAMS 0x00000000a3800000, 0x00000000a3800000| Complete 
| 569|0x00000000a3900000, 0x00000000a3900000, 0x00000000a3a00000|  0%| F|  |TAMS 0x00000000a3900000, 0x00000000a3900000| Untracked 
| 570|0x00000000a3a00000, 0x00000000a3a00000, 0x00000000a3b00000|  0%| F|  |TAMS 0x00000000a3a00000, 0x00000000a3a00000| Untracked 
| 571|0x00000000a3b00000, 0x00000000a3b00000, 0x00000000a3c00000|  0%| F|  |TAMS 0x00000000a3b00000, 0x00000000a3b00000| Untracked 
| 572|0x00000000a3c00000, 0x00000000a3c00000, 0x00000000a3d00000|  0%| F|  |TAMS 0x00000000a3c00000, 0x00000000a3c00000| Untracked 
| 573|0x00000000a3d00000, 0x00000000a3d00000, 0x00000000a3e00000|  0%| F|  |TAMS 0x00000000a3d00000, 0x00000000a3d00000| Untracked 
| 574|0x00000000a3e00000, 0x00000000a3e00000, 0x00000000a3f00000|  0%| F|  |TAMS 0x00000000a3e00000, 0x00000000a3e00000| Untracked 
| 575|0x00000000a3f00000, 0x00000000a3f00000, 0x00000000a4000000|  0%| F|  |TAMS 0x00000000a3f00000, 0x00000000a3f00000| Untracked 
| 576|0x00000000a4000000, 0x00000000a4000000, 0x00000000a4100000|  0%| F|  |TAMS 0x00000000a4000000, 0x00000000a4000000| Untracked 
| 577|0x00000000a4100000, 0x00000000a4100000, 0x00000000a4200000|  0%| F|  |TAMS 0x00000000a4100000, 0x00000000a4100000| Untracked 
| 578|0x00000000a4200000, 0x00000000a4200000, 0x00000000a4300000|  0%| F|  |TAMS 0x00000000a4200000, 0x00000000a4200000| Untracked 
| 579|0x00000000a4300000, 0x00000000a4300000, 0x00000000a4400000|  0%| F|  |TAMS 0x00000000a4300000, 0x00000000a4300000| Untracked 
| 580|0x00000000a4400000, 0x00000000a4500000, 0x00000000a4500000|100%| S|  |TAMS 0x00000000a4400000, 0x00000000a4400000| Complete 
| 581|0x00000000a4500000, 0x00000000a4600000, 0x00000000a4600000|100%| S|  |TAMS 0x00000000a4500000, 0x00000000a4500000| Complete 
| 582|0x00000000a4600000, 0x00000000a4700000, 0x00000000a4700000|100%| S|  |TAMS 0x00000000a4600000, 0x00000000a4600000| Complete 
| 583|0x00000000a4700000, 0x00000000a4800000, 0x00000000a4800000|100%| S|  |TAMS 0x00000000a4700000, 0x00000000a4700000| Complete 
| 584|0x00000000a4800000, 0x00000000a4900000, 0x00000000a4900000|100%| S|  |TAMS 0x00000000a4800000, 0x00000000a4800000| Complete 
| 585|0x00000000a4900000, 0x00000000a4a00000, 0x00000000a4a00000|100%| S|  |TAMS 0x00000000a4900000, 0x00000000a4900000| Complete 
| 586|0x00000000a4a00000, 0x00000000a4b00000, 0x00000000a4b00000|100%| S|  |TAMS 0x00000000a4a00000, 0x00000000a4a00000| Complete 
| 587|0x00000000a4b00000, 0x00000000a4c00000, 0x00000000a4c00000|100%| S|  |TAMS 0x00000000a4b00000, 0x00000000a4b00000| Complete 
| 588|0x00000000a4c00000, 0x00000000a4d00000, 0x00000000a4d00000|100%| S|  |TAMS 0x00000000a4c00000, 0x00000000a4c00000| Complete 
| 589|0x00000000a4d00000, 0x00000000a4e00000, 0x00000000a4e00000|100%| S|  |TAMS 0x00000000a4d00000, 0x00000000a4d00000| Complete 
| 590|0x00000000a4e00000, 0x00000000a4f00000, 0x00000000a4f00000|100%| S|  |TAMS 0x00000000a4e00000, 0x00000000a4e00000| Complete 
| 591|0x00000000a4f00000, 0x00000000a5000000, 0x00000000a5000000|100%| S|  |TAMS 0x00000000a4f00000, 0x00000000a4f00000| Complete 
| 592|0x00000000a5000000, 0x00000000a5100000, 0x00000000a5100000|100%| S|  |TAMS 0x00000000a5000000, 0x00000000a5000000| Complete 
| 593|0x00000000a5100000, 0x00000000a5200000, 0x00000000a5200000|100%| S|  |TAMS 0x00000000a5100000, 0x00000000a5100000| Complete 
| 594|0x00000000a5200000, 0x00000000a5300000, 0x00000000a5300000|100%| S|  |TAMS 0x00000000a5200000, 0x00000000a5200000| Complete 
| 595|0x00000000a5300000, 0x00000000a5400000, 0x00000000a5400000|100%| E|CS|TAMS 0x00000000a5300000, 0x00000000a5300000| Complete 
| 596|0x00000000a5400000, 0x00000000a5500000, 0x00000000a5500000|100%| E|CS|TAMS 0x00000000a5400000, 0x00000000a5400000| Complete 
| 597|0x00000000a5500000, 0x00000000a5600000, 0x00000000a5600000|100%| E|CS|TAMS 0x00000000a5500000, 0x00000000a5500000| Complete 
| 598|0x00000000a5600000, 0x00000000a5700000, 0x00000000a5700000|100%| E|CS|TAMS 0x00000000a5600000, 0x00000000a5600000| Complete 
| 599|0x00000000a5700000, 0x00000000a5800000, 0x00000000a5800000|100%| E|CS|TAMS 0x00000000a5700000, 0x00000000a5700000| Complete 
| 600|0x00000000a5800000, 0x00000000a5900000, 0x00000000a5900000|100%| E|CS|TAMS 0x00000000a5800000, 0x00000000a5800000| Complete 
| 601|0x00000000a5900000, 0x00000000a5a00000, 0x00000000a5a00000|100%| E|CS|TAMS 0x00000000a5900000, 0x00000000a5900000| Complete 
| 602|0x00000000a5a00000, 0x00000000a5b00000, 0x00000000a5b00000|100%| E|CS|TAMS 0x00000000a5a00000, 0x00000000a5a00000| Complete 
| 603|0x00000000a5b00000, 0x00000000a5c00000, 0x00000000a5c00000|100%| E|CS|TAMS 0x00000000a5b00000, 0x00000000a5b00000| Complete 
| 604|0x00000000a5c00000, 0x00000000a5d00000, 0x00000000a5d00000|100%| E|CS|TAMS 0x00000000a5c00000, 0x00000000a5c00000| Complete 
| 605|0x00000000a5d00000, 0x00000000a5e00000, 0x00000000a5e00000|100%| E|CS|TAMS 0x00000000a5d00000, 0x00000000a5d00000| Complete 
| 606|0x00000000a5e00000, 0x00000000a5f00000, 0x00000000a5f00000|100%| E|CS|TAMS 0x00000000a5e00000, 0x00000000a5e00000| Complete 
| 607|0x00000000a5f00000, 0x00000000a6000000, 0x00000000a6000000|100%| E|CS|TAMS 0x00000000a5f00000, 0x00000000a5f00000| Complete 
| 608|0x00000000a6000000, 0x00000000a6100000, 0x00000000a6100000|100%| E|CS|TAMS 0x00000000a6000000, 0x00000000a6000000| Complete 
| 609|0x00000000a6100000, 0x00000000a6200000, 0x00000000a6200000|100%| E|CS|TAMS 0x00000000a6100000, 0x00000000a6100000| Complete 
| 610|0x00000000a6200000, 0x00000000a6300000, 0x00000000a6300000|100%| E|CS|TAMS 0x00000000a6200000, 0x00000000a6200000| Complete 
| 611|0x00000000a6300000, 0x00000000a6400000, 0x00000000a6400000|100%| E|CS|TAMS 0x00000000a6300000, 0x00000000a6300000| Complete 
| 612|0x00000000a6400000, 0x00000000a6500000, 0x00000000a6500000|100%| S|  |TAMS 0x00000000a6400000, 0x00000000a6400000| Complete 
| 613|0x00000000a6500000, 0x00000000a6600000, 0x00000000a6600000|100%| S|  |TAMS 0x00000000a6500000, 0x00000000a6500000| Complete 
| 614|0x00000000a6600000, 0x00000000a6700000, 0x00000000a6700000|100%| S|  |TAMS 0x00000000a6600000, 0x00000000a6600000| Complete 
| 615|0x00000000a6700000, 0x00000000a6800000, 0x00000000a6800000|100%| S|  |TAMS 0x00000000a6700000, 0x00000000a6700000| Complete 
| 616|0x00000000a6800000, 0x00000000a6900000, 0x00000000a6900000|100%| S|  |TAMS 0x00000000a6800000, 0x00000000a6800000| Complete 
| 617|0x00000000a6900000, 0x00000000a6a00000, 0x00000000a6a00000|100%| S|  |TAMS 0x00000000a6900000, 0x00000000a6900000| Complete 
| 618|0x00000000a6a00000, 0x00000000a6b00000, 0x00000000a6b00000|100%| S|  |TAMS 0x00000000a6a00000, 0x00000000a6a00000| Complete 
| 619|0x00000000a6b00000, 0x00000000a6c00000, 0x00000000a6c00000|100%| S|  |TAMS 0x00000000a6b00000, 0x00000000a6b00000| Complete 
| 620|0x00000000a6c00000, 0x00000000a6d00000, 0x00000000a6d00000|100%| S|  |TAMS 0x00000000a6c00000, 0x00000000a6c00000| Complete 
| 621|0x00000000a6d00000, 0x00000000a6e00000, 0x00000000a6e00000|100%| S|  |TAMS 0x00000000a6d00000, 0x00000000a6d00000| Complete 
| 622|0x00000000a6e00000, 0x00000000a6f00000, 0x00000000a6f00000|100%| S|  |TAMS 0x00000000a6e00000, 0x00000000a6e00000| Complete 
| 623|0x00000000a6f00000, 0x00000000a7000000, 0x00000000a7000000|100%| E|CS|TAMS 0x00000000a6f00000, 0x00000000a6f00000| Complete 
| 624|0x00000000a7000000, 0x00000000a7100000, 0x00000000a7100000|100%| E|CS|TAMS 0x00000000a7000000, 0x00000000a7000000| Complete 
| 625|0x00000000a7100000, 0x00000000a7200000, 0x00000000a7200000|100%| E|CS|TAMS 0x00000000a7100000, 0x00000000a7100000| Complete 
| 626|0x00000000a7200000, 0x00000000a7300000, 0x00000000a7300000|100%| E|CS|TAMS 0x00000000a7200000, 0x00000000a7200000| Complete 
| 627|0x00000000a7300000, 0x00000000a7400000, 0x00000000a7400000|100%| E|CS|TAMS 0x00000000a7300000, 0x00000000a7300000| Complete 
| 628|0x00000000a7400000, 0x00000000a7500000, 0x00000000a7500000|100%| E|CS|TAMS 0x00000000a7400000, 0x00000000a7400000| Complete 
| 629|0x00000000a7500000, 0x00000000a7600000, 0x00000000a7600000|100%| E|CS|TAMS 0x00000000a7500000, 0x00000000a7500000| Complete 
| 630|0x00000000a7600000, 0x00000000a7700000, 0x00000000a7700000|100%| E|CS|TAMS 0x00000000a7600000, 0x00000000a7600000| Complete 
| 631|0x00000000a7700000, 0x00000000a7800000, 0x00000000a7800000|100%| E|CS|TAMS 0x00000000a7700000, 0x00000000a7700000| Complete 
| 632|0x00000000a7800000, 0x00000000a7900000, 0x00000000a7900000|100%| E|CS|TAMS 0x00000000a7800000, 0x00000000a7800000| Complete 
| 633|0x00000000a7900000, 0x00000000a7a00000, 0x00000000a7a00000|100%| E|CS|TAMS 0x00000000a7900000, 0x00000000a7900000| Complete 
| 634|0x00000000a7a00000, 0x00000000a7b00000, 0x00000000a7b00000|100%| E|CS|TAMS 0x00000000a7a00000, 0x00000000a7a00000| Complete 
| 635|0x00000000a7b00000, 0x00000000a7c00000, 0x00000000a7c00000|100%| E|CS|TAMS 0x00000000a7b00000, 0x00000000a7b00000| Complete 
| 636|0x00000000a7c00000, 0x00000000a7d00000, 0x00000000a7d00000|100%| E|CS|TAMS 0x00000000a7c00000, 0x00000000a7c00000| Complete 
| 637|0x00000000a7d00000, 0x00000000a7e00000, 0x00000000a7e00000|100%| E|CS|TAMS 0x00000000a7d00000, 0x00000000a7d00000| Complete 
| 638|0x00000000a7e00000, 0x00000000a7f00000, 0x00000000a7f00000|100%| E|CS|TAMS 0x00000000a7e00000, 0x00000000a7e00000| Complete 
| 639|0x00000000a7f00000, 0x00000000a8000000, 0x00000000a8000000|100%| E|CS|TAMS 0x00000000a7f00000, 0x00000000a7f00000| Complete 
| 640|0x00000000a8000000, 0x00000000a8100000, 0x00000000a8100000|100%| E|CS|TAMS 0x00000000a8000000, 0x00000000a8000000| Complete 
| 641|0x00000000a8100000, 0x00000000a8200000, 0x00000000a8200000|100%| E|CS|TAMS 0x00000000a8100000, 0x00000000a8100000| Complete 
| 642|0x00000000a8200000, 0x00000000a8300000, 0x00000000a8300000|100%| E|CS|TAMS 0x00000000a8200000, 0x00000000a8200000| Complete 
| 643|0x00000000a8300000, 0x00000000a8400000, 0x00000000a8400000|100%| E|CS|TAMS 0x00000000a8300000, 0x00000000a8300000| Complete 
| 644|0x00000000a8400000, 0x00000000a8500000, 0x00000000a8500000|100%| E|CS|TAMS 0x00000000a8400000, 0x00000000a8400000| Complete 
| 645|0x00000000a8500000, 0x00000000a8600000, 0x00000000a8600000|100%| E|CS|TAMS 0x00000000a8500000, 0x00000000a8500000| Complete 
| 646|0x00000000a8600000, 0x00000000a8700000, 0x00000000a8700000|100%| E|CS|TAMS 0x00000000a8600000, 0x00000000a8600000| Complete 
| 647|0x00000000a8700000, 0x00000000a8800000, 0x00000000a8800000|100%| E|CS|TAMS 0x00000000a8700000, 0x00000000a8700000| Complete 
| 648|0x00000000a8800000, 0x00000000a8900000, 0x00000000a8900000|100%| E|CS|TAMS 0x00000000a8800000, 0x00000000a8800000| Complete 
| 649|0x00000000a8900000, 0x00000000a8a00000, 0x00000000a8a00000|100%| E|CS|TAMS 0x00000000a8900000, 0x00000000a8900000| Complete 
| 650|0x00000000a8a00000, 0x00000000a8b00000, 0x00000000a8b00000|100%| E|CS|TAMS 0x00000000a8a00000, 0x00000000a8a00000| Complete 
| 651|0x00000000a8b00000, 0x00000000a8c00000, 0x00000000a8c00000|100%| E|CS|TAMS 0x00000000a8b00000, 0x00000000a8b00000| Complete 
| 652|0x00000000a8c00000, 0x00000000a8d00000, 0x00000000a8d00000|100%| E|CS|TAMS 0x00000000a8c00000, 0x00000000a8c00000| Complete 
| 653|0x00000000a8d00000, 0x00000000a8e00000, 0x00000000a8e00000|100%| E|CS|TAMS 0x00000000a8d00000, 0x00000000a8d00000| Complete 
| 654|0x00000000a8e00000, 0x00000000a8f00000, 0x00000000a8f00000|100%| E|CS|TAMS 0x00000000a8e00000, 0x00000000a8e00000| Complete 
| 655|0x00000000a8f00000, 0x00000000a9000000, 0x00000000a9000000|100%| E|CS|TAMS 0x00000000a8f00000, 0x00000000a8f00000| Complete 
| 656|0x00000000a9000000, 0x00000000a9100000, 0x00000000a9100000|100%| E|CS|TAMS 0x00000000a9000000, 0x00000000a9000000| Complete 
| 657|0x00000000a9100000, 0x00000000a9200000, 0x00000000a9200000|100%| E|CS|TAMS 0x00000000a9100000, 0x00000000a9100000| Complete 
| 658|0x00000000a9200000, 0x00000000a9300000, 0x00000000a9300000|100%| E|CS|TAMS 0x00000000a9200000, 0x00000000a9200000| Complete 
| 659|0x00000000a9300000, 0x00000000a9400000, 0x00000000a9400000|100%| E|CS|TAMS 0x00000000a9300000, 0x00000000a9300000| Complete 
| 660|0x00000000a9400000, 0x00000000a9500000, 0x00000000a9500000|100%| E|CS|TAMS 0x00000000a9400000, 0x00000000a9400000| Complete 
| 661|0x00000000a9500000, 0x00000000a9600000, 0x00000000a9600000|100%| E|CS|TAMS 0x00000000a9500000, 0x00000000a9500000| Complete 
| 662|0x00000000a9600000, 0x00000000a9700000, 0x00000000a9700000|100%| E|CS|TAMS 0x00000000a9600000, 0x00000000a9600000| Complete 
| 663|0x00000000a9700000, 0x00000000a9800000, 0x00000000a9800000|100%| E|CS|TAMS 0x00000000a9700000, 0x00000000a9700000| Complete 
| 664|0x00000000a9800000, 0x00000000a9900000, 0x00000000a9900000|100%| E|CS|TAMS 0x00000000a9800000, 0x00000000a9800000| Complete 
| 665|0x00000000a9900000, 0x00000000a9a00000, 0x00000000a9a00000|100%| E|CS|TAMS 0x00000000a9900000, 0x00000000a9900000| Complete 
| 666|0x00000000a9a00000, 0x00000000a9b00000, 0x00000000a9b00000|100%| E|CS|TAMS 0x00000000a9a00000, 0x00000000a9a00000| Complete 
| 667|0x00000000a9b00000, 0x00000000a9c00000, 0x00000000a9c00000|100%| E|CS|TAMS 0x00000000a9b00000, 0x00000000a9b00000| Complete 
| 668|0x00000000a9c00000, 0x00000000a9d00000, 0x00000000a9d00000|100%| E|CS|TAMS 0x00000000a9c00000, 0x00000000a9c00000| Complete 
| 669|0x00000000a9d00000, 0x00000000a9e00000, 0x00000000a9e00000|100%| E|CS|TAMS 0x00000000a9d00000, 0x00000000a9d00000| Complete 
| 670|0x00000000a9e00000, 0x00000000a9f00000, 0x00000000a9f00000|100%| E|CS|TAMS 0x00000000a9e00000, 0x00000000a9e00000| Complete 
| 671|0x00000000a9f00000, 0x00000000aa000000, 0x00000000aa000000|100%| E|CS|TAMS 0x00000000a9f00000, 0x00000000a9f00000| Complete 
| 672|0x00000000aa000000, 0x00000000aa100000, 0x00000000aa100000|100%| E|CS|TAMS 0x00000000aa000000, 0x00000000aa000000| Complete 
| 673|0x00000000aa100000, 0x00000000aa200000, 0x00000000aa200000|100%| E|CS|TAMS 0x00000000aa100000, 0x00000000aa100000| Complete 
| 674|0x00000000aa200000, 0x00000000aa300000, 0x00000000aa300000|100%| E|CS|TAMS 0x00000000aa200000, 0x00000000aa200000| Complete 
| 675|0x00000000aa300000, 0x00000000aa400000, 0x00000000aa400000|100%| E|CS|TAMS 0x00000000aa300000, 0x00000000aa300000| Complete 
| 676|0x00000000aa400000, 0x00000000aa500000, 0x00000000aa500000|100%| E|CS|TAMS 0x00000000aa400000, 0x00000000aa400000| Complete 
| 677|0x00000000aa500000, 0x00000000aa600000, 0x00000000aa600000|100%| E|CS|TAMS 0x00000000aa500000, 0x00000000aa500000| Complete 
| 678|0x00000000aa600000, 0x00000000aa700000, 0x00000000aa700000|100%| E|CS|TAMS 0x00000000aa600000, 0x00000000aa600000| Complete 
| 679|0x00000000aa700000, 0x00000000aa800000, 0x00000000aa800000|100%| E|CS|TAMS 0x00000000aa700000, 0x00000000aa700000| Complete 
| 680|0x00000000aa800000, 0x00000000aa900000, 0x00000000aa900000|100%| E|CS|TAMS 0x00000000aa800000, 0x00000000aa800000| Complete 
| 681|0x00000000aa900000, 0x00000000aaa00000, 0x00000000aaa00000|100%| E|CS|TAMS 0x00000000aa900000, 0x00000000aa900000| Complete 
| 682|0x00000000aaa00000, 0x00000000aab00000, 0x00000000aab00000|100%| E|CS|TAMS 0x00000000aaa00000, 0x00000000aaa00000| Complete 
| 683|0x00000000aab00000, 0x00000000aac00000, 0x00000000aac00000|100%| E|CS|TAMS 0x00000000aab00000, 0x00000000aab00000| Complete 
| 684|0x00000000aac00000, 0x00000000aad00000, 0x00000000aad00000|100%| E|CS|TAMS 0x00000000aac00000, 0x00000000aac00000| Complete 
| 685|0x00000000aad00000, 0x00000000aae00000, 0x00000000aae00000|100%| E|CS|TAMS 0x00000000aad00000, 0x00000000aad00000| Complete 
| 686|0x00000000aae00000, 0x00000000aaf00000, 0x00000000aaf00000|100%| E|CS|TAMS 0x00000000aae00000, 0x00000000aae00000| Complete 
| 687|0x00000000aaf00000, 0x00000000ab000000, 0x00000000ab000000|100%| E|CS|TAMS 0x00000000aaf00000, 0x00000000aaf00000| Complete 
| 688|0x00000000ab000000, 0x00000000ab100000, 0x00000000ab100000|100%| E|CS|TAMS 0x00000000ab000000, 0x00000000ab000000| Complete 
| 689|0x00000000ab100000, 0x00000000ab200000, 0x00000000ab200000|100%| E|CS|TAMS 0x00000000ab100000, 0x00000000ab100000| Complete 
| 690|0x00000000ab200000, 0x00000000ab300000, 0x00000000ab300000|100%| E|CS|TAMS 0x00000000ab200000, 0x00000000ab200000| Complete 
| 691|0x00000000ab300000, 0x00000000ab400000, 0x00000000ab400000|100%| E|CS|TAMS 0x00000000ab300000, 0x00000000ab300000| Complete 
| 692|0x00000000ab400000, 0x00000000ab500000, 0x00000000ab500000|100%| E|CS|TAMS 0x00000000ab400000, 0x00000000ab400000| Complete 
| 693|0x00000000ab500000, 0x00000000ab600000, 0x00000000ab600000|100%| E|CS|TAMS 0x00000000ab500000, 0x00000000ab500000| Complete 
| 694|0x00000000ab600000, 0x00000000ab700000, 0x00000000ab700000|100%| E|CS|TAMS 0x00000000ab600000, 0x00000000ab600000| Complete 
| 695|0x00000000ab700000, 0x00000000ab800000, 0x00000000ab800000|100%| E|CS|TAMS 0x00000000ab700000, 0x00000000ab700000| Complete 
| 696|0x00000000ab800000, 0x00000000ab900000, 0x00000000ab900000|100%| E|CS|TAMS 0x00000000ab800000, 0x00000000ab800000| Complete 
| 697|0x00000000ab900000, 0x00000000aba00000, 0x00000000aba00000|100%| E|CS|TAMS 0x00000000ab900000, 0x00000000ab900000| Complete 
| 698|0x00000000aba00000, 0x00000000abb00000, 0x00000000abb00000|100%| E|CS|TAMS 0x00000000aba00000, 0x00000000aba00000| Complete 
| 699|0x00000000abb00000, 0x00000000abc00000, 0x00000000abc00000|100%| E|CS|TAMS 0x00000000abb00000, 0x00000000abb00000| Complete 
| 700|0x00000000abc00000, 0x00000000abd00000, 0x00000000abd00000|100%| E|CS|TAMS 0x00000000abc00000, 0x00000000abc00000| Complete 
| 701|0x00000000abd00000, 0x00000000abe00000, 0x00000000abe00000|100%| E|CS|TAMS 0x00000000abd00000, 0x00000000abd00000| Complete 
| 702|0x00000000abe00000, 0x00000000abf00000, 0x00000000abf00000|100%| E|CS|TAMS 0x00000000abe00000, 0x00000000abe00000| Complete 
| 703|0x00000000abf00000, 0x00000000ac000000, 0x00000000ac000000|100%| E|CS|TAMS 0x00000000abf00000, 0x00000000abf00000| Complete 
| 704|0x00000000ac000000, 0x00000000ac100000, 0x00000000ac100000|100%| E|CS|TAMS 0x00000000ac000000, 0x00000000ac000000| Complete 
| 705|0x00000000ac100000, 0x00000000ac200000, 0x00000000ac200000|100%| E|CS|TAMS 0x00000000ac100000, 0x00000000ac100000| Complete 
| 706|0x00000000ac200000, 0x00000000ac300000, 0x00000000ac300000|100%| E|CS|TAMS 0x00000000ac200000, 0x00000000ac200000| Complete 
| 707|0x00000000ac300000, 0x00000000ac400000, 0x00000000ac400000|100%| E|CS|TAMS 0x00000000ac300000, 0x00000000ac300000| Complete 
| 708|0x00000000ac400000, 0x00000000ac500000, 0x00000000ac500000|100%| E|CS|TAMS 0x00000000ac400000, 0x00000000ac400000| Complete 
| 709|0x00000000ac500000, 0x00000000ac600000, 0x00000000ac600000|100%| E|CS|TAMS 0x00000000ac500000, 0x00000000ac500000| Complete 
| 710|0x00000000ac600000, 0x00000000ac700000, 0x00000000ac700000|100%| E|CS|TAMS 0x00000000ac600000, 0x00000000ac600000| Complete 
| 711|0x00000000ac700000, 0x00000000ac800000, 0x00000000ac800000|100%| E|CS|TAMS 0x00000000ac700000, 0x00000000ac700000| Complete 
| 712|0x00000000ac800000, 0x00000000ac900000, 0x00000000ac900000|100%| E|CS|TAMS 0x00000000ac800000, 0x00000000ac800000| Complete 
| 713|0x00000000ac900000, 0x00000000aca00000, 0x00000000aca00000|100%| E|CS|TAMS 0x00000000ac900000, 0x00000000ac900000| Complete 
| 714|0x00000000aca00000, 0x00000000acb00000, 0x00000000acb00000|100%| E|CS|TAMS 0x00000000aca00000, 0x00000000aca00000| Complete 
| 715|0x00000000acb00000, 0x00000000acc00000, 0x00000000acc00000|100%| E|CS|TAMS 0x00000000acb00000, 0x00000000acb00000| Complete 
| 716|0x00000000acc00000, 0x00000000acd00000, 0x00000000acd00000|100%| E|CS|TAMS 0x00000000acc00000, 0x00000000acc00000| Complete 
| 717|0x00000000acd00000, 0x00000000ace00000, 0x00000000ace00000|100%| E|CS|TAMS 0x00000000acd00000, 0x00000000acd00000| Complete 
| 718|0x00000000ace00000, 0x00000000acf00000, 0x00000000acf00000|100%| E|CS|TAMS 0x00000000ace00000, 0x00000000ace00000| Complete 
| 719|0x00000000acf00000, 0x00000000ad000000, 0x00000000ad000000|100%| E|CS|TAMS 0x00000000acf00000, 0x00000000acf00000| Complete 
| 720|0x00000000ad000000, 0x00000000ad100000, 0x00000000ad100000|100%| E|CS|TAMS 0x00000000ad000000, 0x00000000ad000000| Complete 
| 721|0x00000000ad100000, 0x00000000ad200000, 0x00000000ad200000|100%| E|CS|TAMS 0x00000000ad100000, 0x00000000ad100000| Complete 
| 722|0x00000000ad200000, 0x00000000ad300000, 0x00000000ad300000|100%| E|CS|TAMS 0x00000000ad200000, 0x00000000ad200000| Complete 
| 723|0x00000000ad300000, 0x00000000ad400000, 0x00000000ad400000|100%| E|CS|TAMS 0x00000000ad300000, 0x00000000ad300000| Complete 
| 724|0x00000000ad400000, 0x00000000ad500000, 0x00000000ad500000|100%| E|CS|TAMS 0x00000000ad400000, 0x00000000ad400000| Complete 
| 725|0x00000000ad500000, 0x00000000ad600000, 0x00000000ad600000|100%| E|CS|TAMS 0x00000000ad500000, 0x00000000ad500000| Complete 
| 726|0x00000000ad600000, 0x00000000ad700000, 0x00000000ad700000|100%| E|CS|TAMS 0x00000000ad600000, 0x00000000ad600000| Complete 
| 727|0x00000000ad700000, 0x00000000ad800000, 0x00000000ad800000|100%| E|CS|TAMS 0x00000000ad700000, 0x00000000ad700000| Complete 
| 728|0x00000000ad800000, 0x00000000ad900000, 0x00000000ad900000|100%| E|CS|TAMS 0x00000000ad800000, 0x00000000ad800000| Complete 
| 729|0x00000000ad900000, 0x00000000ada00000, 0x00000000ada00000|100%| E|CS|TAMS 0x00000000ad900000, 0x00000000ad900000| Complete 
| 730|0x00000000ada00000, 0x00000000adb00000, 0x00000000adb00000|100%| E|CS|TAMS 0x00000000ada00000, 0x00000000ada00000| Complete 
| 731|0x00000000adb00000, 0x00000000adc00000, 0x00000000adc00000|100%| E|CS|TAMS 0x00000000adb00000, 0x00000000adb00000| Complete 
| 732|0x00000000adc00000, 0x00000000add00000, 0x00000000add00000|100%| E|CS|TAMS 0x00000000adc00000, 0x00000000adc00000| Complete 
| 733|0x00000000add00000, 0x00000000ade00000, 0x00000000ade00000|100%| E|CS|TAMS 0x00000000add00000, 0x00000000add00000| Complete 
| 734|0x00000000ade00000, 0x00000000adf00000, 0x00000000adf00000|100%| E|CS|TAMS 0x00000000ade00000, 0x00000000ade00000| Complete 
| 735|0x00000000adf00000, 0x00000000ae000000, 0x00000000ae000000|100%| E|CS|TAMS 0x00000000adf00000, 0x00000000adf00000| Complete 
| 736|0x00000000ae000000, 0x00000000ae100000, 0x00000000ae100000|100%| E|CS|TAMS 0x00000000ae000000, 0x00000000ae000000| Complete 
| 737|0x00000000ae100000, 0x00000000ae200000, 0x00000000ae200000|100%| E|CS|TAMS 0x00000000ae100000, 0x00000000ae100000| Complete 
| 738|0x00000000ae200000, 0x00000000ae300000, 0x00000000ae300000|100%| E|CS|TAMS 0x00000000ae200000, 0x00000000ae200000| Complete 
| 739|0x00000000ae300000, 0x00000000ae400000, 0x00000000ae400000|100%| E|CS|TAMS 0x00000000ae300000, 0x00000000ae300000| Complete 
| 740|0x00000000ae400000, 0x00000000ae500000, 0x00000000ae500000|100%| E|CS|TAMS 0x00000000ae400000, 0x00000000ae400000| Complete 
| 741|0x00000000ae500000, 0x00000000ae600000, 0x00000000ae600000|100%| E|CS|TAMS 0x00000000ae500000, 0x00000000ae500000| Complete 
| 742|0x00000000ae600000, 0x00000000ae700000, 0x00000000ae700000|100%| E|CS|TAMS 0x00000000ae600000, 0x00000000ae600000| Complete 
| 743|0x00000000ae700000, 0x00000000ae800000, 0x00000000ae800000|100%| E|CS|TAMS 0x00000000ae700000, 0x00000000ae700000| Complete 
| 744|0x00000000ae800000, 0x00000000ae900000, 0x00000000ae900000|100%| E|CS|TAMS 0x00000000ae800000, 0x00000000ae800000| Complete 
| 745|0x00000000ae900000, 0x00000000aea00000, 0x00000000aea00000|100%| E|CS|TAMS 0x00000000ae900000, 0x00000000ae900000| Complete 
| 746|0x00000000aea00000, 0x00000000aeb00000, 0x00000000aeb00000|100%| E|CS|TAMS 0x00000000aea00000, 0x00000000aea00000| Complete 
| 747|0x00000000aeb00000, 0x00000000aec00000, 0x00000000aec00000|100%| E|CS|TAMS 0x00000000aeb00000, 0x00000000aeb00000| Complete 
| 748|0x00000000aec00000, 0x00000000aed00000, 0x00000000aed00000|100%| E|CS|TAMS 0x00000000aec00000, 0x00000000aec00000| Complete 
| 749|0x00000000aed00000, 0x00000000aee00000, 0x00000000aee00000|100%| E|CS|TAMS 0x00000000aed00000, 0x00000000aed00000| Complete 
| 750|0x00000000aee00000, 0x00000000aef00000, 0x00000000aef00000|100%| E|CS|TAMS 0x00000000aee00000, 0x00000000aee00000| Complete 
| 751|0x00000000aef00000, 0x00000000af000000, 0x00000000af000000|100%| E|CS|TAMS 0x00000000aef00000, 0x00000000aef00000| Complete 
| 752|0x00000000af000000, 0x00000000af100000, 0x00000000af100000|100%| E|CS|TAMS 0x00000000af000000, 0x00000000af000000| Complete 
| 753|0x00000000af100000, 0x00000000af200000, 0x00000000af200000|100%| E|CS|TAMS 0x00000000af100000, 0x00000000af100000| Complete 
| 754|0x00000000af200000, 0x00000000af300000, 0x00000000af300000|100%| E|CS|TAMS 0x00000000af200000, 0x00000000af200000| Complete 
| 755|0x00000000af300000, 0x00000000af400000, 0x00000000af400000|100%| E|CS|TAMS 0x00000000af300000, 0x00000000af300000| Complete 
| 756|0x00000000af400000, 0x00000000af500000, 0x00000000af500000|100%| E|CS|TAMS 0x00000000af400000, 0x00000000af400000| Complete 
| 757|0x00000000af500000, 0x00000000af600000, 0x00000000af600000|100%| E|CS|TAMS 0x00000000af500000, 0x00000000af500000| Complete 
| 758|0x00000000af600000, 0x00000000af700000, 0x00000000af700000|100%| E|CS|TAMS 0x00000000af600000, 0x00000000af600000| Complete 
| 759|0x00000000af700000, 0x00000000af800000, 0x00000000af800000|100%| E|CS|TAMS 0x00000000af700000, 0x00000000af700000| Complete 
| 760|0x00000000af800000, 0x00000000af900000, 0x00000000af900000|100%| E|CS|TAMS 0x00000000af800000, 0x00000000af800000| Complete 
| 761|0x00000000af900000, 0x00000000afa00000, 0x00000000afa00000|100%| E|CS|TAMS 0x00000000af900000, 0x00000000af900000| Complete 
| 762|0x00000000afa00000, 0x00000000afb00000, 0x00000000afb00000|100%| E|CS|TAMS 0x00000000afa00000, 0x00000000afa00000| Complete 
| 763|0x00000000afb00000, 0x00000000afc00000, 0x00000000afc00000|100%| E|CS|TAMS 0x00000000afb00000, 0x00000000afb00000| Complete 
| 764|0x00000000afc00000, 0x00000000afd00000, 0x00000000afd00000|100%| E|CS|TAMS 0x00000000afc00000, 0x00000000afc00000| Complete 
| 765|0x00000000afd00000, 0x00000000afe00000, 0x00000000afe00000|100%| E|CS|TAMS 0x00000000afd00000, 0x00000000afd00000| Complete 
| 766|0x00000000afe00000, 0x00000000aff00000, 0x00000000aff00000|100%| E|CS|TAMS 0x00000000afe00000, 0x00000000afe00000| Complete 
| 767|0x00000000aff00000, 0x00000000b0000000, 0x00000000b0000000|100%| E|CS|TAMS 0x00000000aff00000, 0x00000000aff00000| Complete 
| 768|0x00000000b0000000, 0x00000000b0100000, 0x00000000b0100000|100%| E|CS|TAMS 0x00000000b0000000, 0x00000000b0000000| Complete 
| 769|0x00000000b0100000, 0x00000000b0200000, 0x00000000b0200000|100%| E|CS|TAMS 0x00000000b0100000, 0x00000000b0100000| Complete 
| 770|0x00000000b0200000, 0x00000000b0300000, 0x00000000b0300000|100%| E|CS|TAMS 0x00000000b0200000, 0x00000000b0200000| Complete 
| 771|0x00000000b0300000, 0x00000000b0400000, 0x00000000b0400000|100%| E|CS|TAMS 0x00000000b0300000, 0x00000000b0300000| Complete 
| 772|0x00000000b0400000, 0x00000000b0500000, 0x00000000b0500000|100%| E|CS|TAMS 0x00000000b0400000, 0x00000000b0400000| Complete 
| 773|0x00000000b0500000, 0x00000000b0600000, 0x00000000b0600000|100%| E|CS|TAMS 0x00000000b0500000, 0x00000000b0500000| Complete 
| 774|0x00000000b0600000, 0x00000000b0700000, 0x00000000b0700000|100%| E|CS|TAMS 0x00000000b0600000, 0x00000000b0600000| Complete 
| 775|0x00000000b0700000, 0x00000000b0800000, 0x00000000b0800000|100%| E|CS|TAMS 0x00000000b0700000, 0x00000000b0700000| Complete 
| 776|0x00000000b0800000, 0x00000000b0900000, 0x00000000b0900000|100%| E|CS|TAMS 0x00000000b0800000, 0x00000000b0800000| Complete 
| 777|0x00000000b0900000, 0x00000000b0a00000, 0x00000000b0a00000|100%| E|CS|TAMS 0x00000000b0900000, 0x00000000b0900000| Complete 
| 778|0x00000000b0a00000, 0x00000000b0b00000, 0x00000000b0b00000|100%| E|CS|TAMS 0x00000000b0a00000, 0x00000000b0a00000| Complete 
| 779|0x00000000b0b00000, 0x00000000b0c00000, 0x00000000b0c00000|100%| E|CS|TAMS 0x00000000b0b00000, 0x00000000b0b00000| Complete 
| 780|0x00000000b0c00000, 0x00000000b0d00000, 0x00000000b0d00000|100%| E|CS|TAMS 0x00000000b0c00000, 0x00000000b0c00000| Complete 
| 781|0x00000000b0d00000, 0x00000000b0e00000, 0x00000000b0e00000|100%| E|CS|TAMS 0x00000000b0d00000, 0x00000000b0d00000| Complete 
| 782|0x00000000b0e00000, 0x00000000b0f00000, 0x00000000b0f00000|100%| E|CS|TAMS 0x00000000b0e00000, 0x00000000b0e00000| Complete 
| 783|0x00000000b0f00000, 0x00000000b1000000, 0x00000000b1000000|100%| E|CS|TAMS 0x00000000b0f00000, 0x00000000b0f00000| Complete 
| 784|0x00000000b1000000, 0x00000000b1100000, 0x00000000b1100000|100%| E|CS|TAMS 0x00000000b1000000, 0x00000000b1000000| Complete 
| 785|0x00000000b1100000, 0x00000000b1200000, 0x00000000b1200000|100%| E|CS|TAMS 0x00000000b1100000, 0x00000000b1100000| Complete 
| 786|0x00000000b1200000, 0x00000000b1300000, 0x00000000b1300000|100%| E|CS|TAMS 0x00000000b1200000, 0x00000000b1200000| Complete 
| 787|0x00000000b1300000, 0x00000000b1400000, 0x00000000b1400000|100%| E|CS|TAMS 0x00000000b1300000, 0x00000000b1300000| Complete 
| 788|0x00000000b1400000, 0x00000000b1500000, 0x00000000b1500000|100%| E|CS|TAMS 0x00000000b1400000, 0x00000000b1400000| Complete 
| 789|0x00000000b1500000, 0x00000000b1600000, 0x00000000b1600000|100%| E|CS|TAMS 0x00000000b1500000, 0x00000000b1500000| Complete 
| 790|0x00000000b1600000, 0x00000000b1700000, 0x00000000b1700000|100%| E|CS|TAMS 0x00000000b1600000, 0x00000000b1600000| Complete 
| 791|0x00000000b1700000, 0x00000000b1800000, 0x00000000b1800000|100%| E|CS|TAMS 0x00000000b1700000, 0x00000000b1700000| Complete 
| 792|0x00000000b1800000, 0x00000000b1900000, 0x00000000b1900000|100%| E|CS|TAMS 0x00000000b1800000, 0x00000000b1800000| Complete 
| 793|0x00000000b1900000, 0x00000000b1a00000, 0x00000000b1a00000|100%| E|CS|TAMS 0x00000000b1900000, 0x00000000b1900000| Complete 
| 794|0x00000000b1a00000, 0x00000000b1b00000, 0x00000000b1b00000|100%| E|CS|TAMS 0x00000000b1a00000, 0x00000000b1a00000| Complete 
| 795|0x00000000b1b00000, 0x00000000b1c00000, 0x00000000b1c00000|100%| E|CS|TAMS 0x00000000b1b00000, 0x00000000b1b00000| Complete 
| 796|0x00000000b1c00000, 0x00000000b1d00000, 0x00000000b1d00000|100%| E|CS|TAMS 0x00000000b1c00000, 0x00000000b1c00000| Complete 
| 797|0x00000000b1d00000, 0x00000000b1e00000, 0x00000000b1e00000|100%| E|CS|TAMS 0x00000000b1d00000, 0x00000000b1d00000| Complete 
| 798|0x00000000b1e00000, 0x00000000b1f00000, 0x00000000b1f00000|100%| E|CS|TAMS 0x00000000b1e00000, 0x00000000b1e00000| Complete 
| 799|0x00000000b1f00000, 0x00000000b2000000, 0x00000000b2000000|100%| E|CS|TAMS 0x00000000b1f00000, 0x00000000b1f00000| Complete 
| 800|0x00000000b2000000, 0x00000000b2100000, 0x00000000b2100000|100%| E|CS|TAMS 0x00000000b2000000, 0x00000000b2000000| Complete 
| 801|0x00000000b2100000, 0x00000000b2200000, 0x00000000b2200000|100%| E|CS|TAMS 0x00000000b2100000, 0x00000000b2100000| Complete 
| 802|0x00000000b2200000, 0x00000000b2300000, 0x00000000b2300000|100%| E|CS|TAMS 0x00000000b2200000, 0x00000000b2200000| Complete 
|2047|0x00000000fff00000, 0x0000000100000000, 0x0000000100000000|100%| O|  |TAMS 0x00000000fff00000, 0x00000000fff00000| Untracked 

Card table byte_map: [0x00000251786c0000,0x0000025178ac0000] _byte_map_base: 0x00000251782c0000

Marking Bits (Prev, Next): (CMBitMap*) 0x0000025161723b60, (CMBitMap*) 0x0000025161723ba0
 Prev Bits: [0x0000025178ec0000, 0x000002517aec0000)
 Next Bits: [0x000002517aec0000, 0x000002517cec0000)

Polling page: 0x000002515f660000

Metaspace:

Usage:
  Non-class:    141.95 MB used.
      Class:     21.85 MB used.
       Both:    163.80 MB used.

Virtual space:
  Non-class space:      192.00 MB reserved,     143.88 MB ( 75%) committed,  3 nodes.
      Class space:      416.00 MB reserved,      23.12 MB (  6%) committed,  1 nodes.
             Both:      608.00 MB reserved,     167.00 MB ( 27%) committed. 

Chunk freelists:
   Non-Class:  16.74 MB
       Class:  9.06 MB
        Both:  25.80 MB

MaxMetaspaceSize: 512.00 MB
CompressedClassSpaceSize: 416.00 MB
Initial GC threshold: 21.00 MB
Current GC threshold: 278.25 MB
CDS: on
MetaspaceReclaimPolicy: balanced
 - commit_granule_bytes: 65536.
 - commit_granule_words: 8192.
 - virtual_space_node_default_size: 8388608.
 - enlarge_chunks_in_place: 1.
 - new_chunks_are_fully_committed: 0.
 - uncommit_free_chunks: 1.
 - use_allocation_guard: 0.
 - handle_deallocations: 1.


Internal statistics:

num_allocs_failed_limit: 9.
num_arena_births: 3362.
num_arena_deaths: 32.
num_vsnodes_births: 4.
num_vsnodes_deaths: 0.
num_space_committed: 2693.
num_space_uncommitted: 23.
num_chunks_returned_to_freelist: 203.
num_chunks_taken_from_freelist: 11523.
num_chunk_merges: 52.
num_chunk_splits: 7118.
num_chunks_enlarged: 4081.
num_inconsistent_stats: 0.

CodeHeap 'non-profiled nmethods': size=120000Kb used=26742Kb max_used=26742Kb free=93257Kb
 bounds [0x0000025170a60000, 0x0000025172480000, 0x0000025177f90000]
CodeHeap 'profiled nmethods': size=120000Kb used=60444Kb max_used=61236Kb free=59555Kb
 bounds [0x0000025168f90000, 0x000002516cb80000, 0x00000251704c0000]
CodeHeap 'non-nmethods': size=5760Kb used=2554Kb max_used=2652Kb free=3205Kb
 bounds [0x00000251704c0000, 0x0000025170770000, 0x0000025170a60000]
 total_blobs=30400 nmethods=29290 adapters=1016
 compilation: enabled
              stopped_count=0, restarted_count=0
 full_count=0

Compilation events (20 events):
Event: 176.432 Thread 0x000002517f927c40 38411 %     3       com.android.tools.r8.graph.L4::b @ 94 (157 bytes)
Event: 176.433 Thread 0x000002517f927c40 nmethod 38411% 0x000002516a6b3690 code [0x000002516a6b39c0, 0x000002516a6b5098]
Event: 176.459 Thread 0x000002517f927c40 38413 %     3       com.android.tools.r8.graph.L4::b @ 15 (64 bytes)
Event: 176.459 Thread 0x000002517f927c40 nmethod 38413% 0x000002516bab4190 code [0x000002516bab43e0, 0x000002516bab4f08]
Event: 176.462 Thread 0x000002517f927c40 38414       2       com.android.tools.r8.internal.Fm::<init> (7 bytes)
Event: 176.462 Thread 0x000002517f927c40 nmethod 38414 0x000002516a6b3310 code [0x000002516a6b34a0, 0x000002516a6b35c8]
Event: 176.467 Thread 0x000002517f927c40 38415       2       com.android.tools.r8.internal.jr::<init> (7 bytes)
Event: 176.467 Thread 0x000002517f927c40 nmethod 38415 0x000002516a6b2f90 code [0x000002516a6b3120, 0x000002516a6b3248]
Event: 176.469 Thread 0x000002517f927c40 38417       2       com.android.tools.r8.internal.Fq::<init> (7 bytes)
Event: 176.469 Thread 0x000002517f927c40 nmethod 38417 0x000002516a6b2c10 code [0x000002516a6b2da0, 0x000002516a6b2ec8]
Event: 176.472 Thread 0x000002517f927c40 38418       2       com.android.tools.r8.internal.xr::<init> (7 bytes)
Event: 176.472 Thread 0x000002517f927c40 nmethod 38418 0x000002516a6b2790 code [0x000002516a6b2920, 0x000002516a6b2a48]
Event: 176.477 Thread 0x000002512347fb30 nmethod 37923 0x0000025172469d90 code [0x000002517246a780, 0x0000025172474c08]
Event: 176.478 Thread 0x000002512347fb30 38410       4       com.android.tools.r8.internal.K5::h (16 bytes)
Event: 176.484 Thread 0x000002512347fb30 nmethod 38410 0x000002517247c810 code [0x000002517247c9a0, 0x000002517247cf78]
Event: 176.484 Thread 0x000002512347fb30 38416       4       com.android.tools.r8.internal.En::<init> (37 bytes)
Event: 176.487 Thread 0x000002512347fb30 nmethod 38416 0x000002517247d210 code [0x000002517247d3a0, 0x000002517247d638]
Event: 176.487 Thread 0x000002512347fb30 38419       4       com.android.tools.r8.dex.C::d (616 bytes)
Event: 176.492 Thread 0x000002517f927c40 38420       2       com.android.tools.r8.internal.Cr::<init> (7 bytes)
Event: 176.492 Thread 0x000002517f927c40 nmethod 38420 0x000002516c7da490 code [0x000002516c7da620, 0x000002516c7da748]

GC Heap History (20 events):
Event: 169.459 GC heap after
{Heap after GC invocations=103 (full 0):
 garbage-first heap   total 551936K, used 463242K [0x0000000080000000, 0x0000000100000000)
  region size 1024K, 3 young (3072K), 3 survivors (3072K)
 Metaspace       used 169710K, committed 172032K, reserved 622592K
  class space    used 22516K, committed 23616K, reserved 425984K
}
Event: 170.019 GC heap before
{Heap before GC invocations=103 (full 0):
 garbage-first heap   total 551936K, used 501130K [0x0000000080000000, 0x0000000100000000)
  region size 1024K, 16 young (16384K), 3 survivors (3072K)
 Metaspace       used 170094K, committed 172416K, reserved 622592K
  class space    used 22582K, committed 23680K, reserved 425984K
}
Event: 170.022 GC heap after
{Heap after GC invocations=104 (full 0):
 garbage-first heap   total 551936K, used 486880K [0x0000000080000000, 0x0000000100000000)
  region size 1024K, 4 young (4096K), 4 survivors (4096K)
 Metaspace       used 170094K, committed 172416K, reserved 622592K
  class space    used 22582K, committed 23680K, reserved 425984K
}
Event: 170.027 GC heap before
{Heap before GC invocations=104 (full 0):
 garbage-first heap   total 551936K, used 492000K [0x0000000080000000, 0x0000000100000000)
  region size 1024K, 7 young (7168K), 4 survivors (4096K)
 Metaspace       used 170095K, committed 172416K, reserved 622592K
  class space    used 22582K, committed 23680K, reserved 425984K
}
Event: 170.030 GC heap after
{Heap after GC invocations=105 (full 0):
 garbage-first heap   total 551936K, used 488088K [0x0000000080000000, 0x0000000100000000)
  region size 1024K, 2 young (2048K), 2 survivors (2048K)
 Metaspace       used 170095K, committed 172416K, reserved 622592K
  class space    used 22582K, committed 23680K, reserved 425984K
}
Event: 170.031 GC heap before
{Heap before GC invocations=105 (full 0):
 garbage-first heap   total 551936K, used 489112K [0x0000000080000000, 0x0000000100000000)
  region size 1024K, 2 young (2048K), 2 survivors (2048K)
 Metaspace       used 170095K, committed 172416K, reserved 622592K
  class space    used 22582K, committed 23680K, reserved 425984K
}
Event: 170.034 GC heap after
{Heap after GC invocations=106 (full 0):
 garbage-first heap   total 551936K, used 489112K [0x0000000080000000, 0x0000000100000000)
  region size 1024K, 2 young (2048K), 2 survivors (2048K)
 Metaspace       used 170095K, committed 172416K, reserved 622592K
  class space    used 22582K, committed 23680K, reserved 425984K
}
Event: 170.320 GC heap before
{Heap before GC invocations=106 (full 0):
 garbage-first heap   total 551936K, used 541336K [0x0000000080000000, 0x0000000100000000)
  region size 1024K, 23 young (23552K), 2 survivors (2048K)
 Metaspace       used 170103K, committed 172416K, reserved 622592K
  class space    used 22582K, committed 23680K, reserved 425984K
}
Event: 170.324 GC heap after
{Heap after GC invocations=107 (full 0):
 garbage-first heap   total 552960K, used 510813K [0x0000000080000000, 0x0000000100000000)
  region size 1024K, 4 young (4096K), 4 survivors (4096K)
 Metaspace       used 170103K, committed 172416K, reserved 622592K
  class space    used 22582K, committed 23680K, reserved 425984K
}
Event: 171.369 GC heap before
{Heap before GC invocations=108 (full 0):
 garbage-first heap   total 823296K, used 526173K [0x0000000080000000, 0x0000000100000000)
  region size 1024K, 40 young (40960K), 4 survivors (4096K)
 Metaspace       used 167043K, committed 170944K, reserved 622592K
  class space    used 22320K, committed 23680K, reserved 425984K
}
Event: 171.380 GC heap after
{Heap after GC invocations=109 (full 0):
 garbage-first heap   total 823296K, used 487055K [0x0000000080000000, 0x0000000100000000)
  region size 1024K, 5 young (5120K), 5 survivors (5120K)
 Metaspace       used 167043K, committed 170944K, reserved 622592K
  class space    used 22320K, committed 23680K, reserved 425984K
}
Event: 171.762 GC heap before
{Heap before GC invocations=109 (full 0):
 garbage-first heap   total 823296K, used 522895K [0x0000000080000000, 0x0000000100000000)
  region size 1024K, 40 young (40960K), 5 survivors (5120K)
 Metaspace       used 167048K, committed 170944K, reserved 622592K
  class space    used 22320K, committed 23680K, reserved 425984K
}
Event: 171.783 GC heap after
{Heap after GC invocations=110 (full 0):
 garbage-first heap   total 823296K, used 418578K [0x0000000080000000, 0x0000000100000000)
  region size 1024K, 5 young (5120K), 5 survivors (5120K)
 Metaspace       used 167048K, committed 170944K, reserved 622592K
  class space    used 22320K, committed 23680K, reserved 425984K
}
Event: 172.214 GC heap before
{Heap before GC invocations=110 (full 0):
 garbage-first heap   total 823296K, used 454418K [0x0000000080000000, 0x0000000100000000)
  region size 1024K, 40 young (40960K), 5 survivors (5120K)
 Metaspace       used 167090K, committed 170944K, reserved 622592K
  class space    used 22320K, committed 23680K, reserved 425984K
}
Event: 172.239 GC heap after
{Heap after GC invocations=111 (full 0):
 garbage-first heap   total 823296K, used 404480K [0x0000000080000000, 0x0000000100000000)
  region size 1024K, 5 young (5120K), 5 survivors (5120K)
 Metaspace       used 167090K, committed 170944K, reserved 622592K
  class space    used 22320K, committed 23680K, reserved 425984K
}
Event: 174.373 GC heap before
{Heap before GC invocations=111 (full 0):
 garbage-first heap   total 823296K, used 616448K [0x0000000080000000, 0x0000000100000000)
  region size 1024K, 208 young (212992K), 5 survivors (5120K)
 Metaspace       used 167268K, committed 170944K, reserved 622592K
  class space    used 22321K, committed 23680K, reserved 425984K
}
Event: 174.405 GC heap after
{Heap after GC invocations=112 (full 0):
 garbage-first heap   total 823296K, used 438153K [0x0000000080000000, 0x0000000100000000)
  region size 1024K, 26 young (26624K), 26 survivors (26624K)
 Metaspace       used 167268K, committed 170944K, reserved 622592K
  class space    used 22321K, committed 23680K, reserved 425984K
}
Event: 175.668 GC heap before
{Heap before GC invocations=112 (full 0):
 garbage-first heap   total 823296K, used 633737K [0x0000000080000000, 0x0000000100000000)
  region size 1024K, 217 young (222208K), 26 survivors (26624K)
 Metaspace       used 167685K, committed 170944K, reserved 622592K
  class space    used 22373K, committed 23680K, reserved 425984K
}
Event: 175.712 GC heap after
{Heap after GC invocations=113 (full 0):
 garbage-first heap   total 823296K, used 463194K [0x0000000080000000, 0x0000000100000000)
  region size 1024K, 25 young (25600K), 25 survivors (25600K)
 Metaspace       used 167685K, committed 170944K, reserved 622592K
  class space    used 22373K, committed 23680K, reserved 425984K
}
Event: 176.598 GC heap before
{Heap before GC invocations=113 (full 0):
 garbage-first heap   total 823296K, used 646490K [0x0000000080000000, 0x0000000100000000)
  region size 1024K, 205 young (209920K), 25 survivors (25600K)
 Metaspace       used 167734K, committed 171008K, reserved 622592K
  class space    used 22374K, committed 23680K, reserved 425984K
}

Deoptimization events (20 events):
Event: 176.186 Thread 0x000002512e785510 DEOPT PACKING pc=0x00000251719bacb8 sp=0x000000ade6afe5e0
Event: 176.186 Thread 0x000002512e785510 DEOPT UNPACKING pc=0x00000251705123a3 sp=0x000000ade6afe598 mode 2
Event: 176.252 Thread 0x000002512c8b39a0 DEOPT PACKING pc=0x000002516c67a122 sp=0x000000ade4afe890
Event: 176.252 Thread 0x000002512c8b39a0 DEOPT UNPACKING pc=0x0000025170512b43 sp=0x000000ade4afddb0 mode 0
Event: 176.261 Thread 0x000002512fa994a0 DEOPT PACKING pc=0x000002516c67a122 sp=0x000000ade63fec60
Event: 176.261 Thread 0x000002512fa994a0 DEOPT UNPACKING pc=0x0000025170512b43 sp=0x000000ade63fe180 mode 0
Event: 176.268 Thread 0x000002512fa994a0 DEOPT PACKING pc=0x000002516c67a122 sp=0x000000ade63fec50
Event: 176.268 Thread 0x000002512fa994a0 DEOPT UNPACKING pc=0x0000025170512b43 sp=0x000000ade63fe170 mode 0
Event: 176.279 Thread 0x000002512fe1ba90 DEOPT PACKING pc=0x000002516c67a122 sp=0x000000ade40fe6c0
Event: 176.279 Thread 0x000002512fe1ba90 DEOPT UNPACKING pc=0x0000025170512b43 sp=0x000000ade40fdbe0 mode 0
Event: 176.285 Thread 0x000002512c8b39a0 DEOPT PACKING pc=0x000002516c67a122 sp=0x000000ade4afe880
Event: 176.285 Thread 0x000002512c8b39a0 DEOPT UNPACKING pc=0x0000025170512b43 sp=0x000000ade4afdda0 mode 0
Event: 176.292 Thread 0x000002512bb6a880 DEOPT PACKING pc=0x000002516c67a122 sp=0x000000ade6bfed20
Event: 176.292 Thread 0x000002512bb6a880 DEOPT UNPACKING pc=0x0000025170512b43 sp=0x000000ade6bfe240 mode 0
Event: 176.297 Thread 0x000002512bb6a880 DEOPT PACKING pc=0x000002516c67a122 sp=0x000000ade6bfed10
Event: 176.297 Thread 0x000002512bb6a880 DEOPT UNPACKING pc=0x0000025170512b43 sp=0x000000ade6bfe230 mode 0
Event: 176.305 Thread 0x000002512c8b39a0 DEOPT PACKING pc=0x000002516c67a122 sp=0x000000ade4afe730
Event: 176.305 Thread 0x000002512c8b39a0 DEOPT UNPACKING pc=0x0000025170512b43 sp=0x000000ade4afdc50 mode 0
Event: 176.398 Thread 0x0000025124040fb0 DEOPT PACKING pc=0x000002516c526dc3 sp=0x000000adde9f91e0
Event: 176.398 Thread 0x0000025124040fb0 DEOPT UNPACKING pc=0x0000025170512b43 sp=0x000000adde9f8928 mode 0

Classes unloaded (20 events):
Event: 170.433 Thread 0x000002517f8f9820 Unloading class 0x00000251022bf800 'jdk/internal/jimage/ImageHeader'
Event: 170.433 Thread 0x000002517f8f9820 Unloading class 0x00000251022bedc8 'jdk/internal/jimage/BasicImageReader$2'
Event: 170.433 Thread 0x000002517f8f9820 Unloading class 0x00000251022beb98 'jdk/internal/jimage/BasicImageReader$1'
Event: 170.433 Thread 0x000002517f8f9820 Unloading class 0x00000251022be930 'jdk/internal/jimage/ImageReader$Resource'
Event: 170.433 Thread 0x000002517f8f9820 Unloading class 0x00000251022be6c8 'jdk/internal/jimage/ImageReader$LinkNode'
Event: 170.433 Thread 0x000002517f8f9820 Unloading class 0x00000251022be460 'jdk/internal/jimage/ImageReader$Directory'
Event: 170.433 Thread 0x000002517f8f9820 Unloading class 0x00000251022be1f8 'jdk/internal/jimage/ImageReader$Node'
Event: 170.433 Thread 0x000002517f8f9820 Unloading class 0x00000251022be000 'jdk/internal/jimage/ImageStrings'
Event: 170.433 Thread 0x000002517f8f9820 Unloading class 0x00000251022bdb50 'jdk/internal/jimage/ImageReader$SharedImageReader'
Event: 170.433 Thread 0x000002517f8f9820 Unloading class 0x00000251022bd890 'jdk/internal/jimage/BasicImageReader'
Event: 170.433 Thread 0x000002517f8f9820 Unloading class 0x00000251022bd670 'jdk/internal/jimage/ImageReader'
Event: 170.433 Thread 0x000002517f8f9820 Unloading class 0x00000251022bd448 'jdk/internal/jrtfs/SystemImage$2'
Event: 170.433 Thread 0x000002517f8f9820 Unloading class 0x00000251022bd230 'jdk/internal/jrtfs/SystemImage$$Lambda$2752+0x00000251022bd230'
Event: 170.433 Thread 0x000002517f8f9820 Unloading class 0x00000251022bd000 'jdk/internal/jrtfs/ExplodedImage'
Event: 170.433 Thread 0x000002517f8f9820 Unloading class 0x00000251022bcdc8 'jdk/internal/jrtfs/SystemImage$1'
Event: 170.433 Thread 0x000002517f8f9820 Unloading class 0x00000251022bcbb0 'jdk/internal/jrtfs/SystemImage'
Event: 170.433 Thread 0x000002517f8f9820 Unloading class 0x00000251022bc950 'jdk/internal/jrtfs/JrtFileStore'
Event: 170.433 Thread 0x000002517f8f9820 Unloading class 0x00000251022bc5d8 'jdk/internal/jrtfs/JrtPath'
Event: 170.433 Thread 0x000002517f8f9820 Unloading class 0x00000251022bc2e0 'jdk/internal/jrtfs/JrtFileSystem'
Event: 170.433 Thread 0x000002517f8f9820 Unloading class 0x00000251022bc000 'jdk/internal/jrtfs/JrtFileSystemProvider'

Classes redefined (0 events):
No events

Internal exceptions (20 events):
Event: 176.389 Thread 0x000002512b4f11b0 Exception <a 'sun/nio/fs/WindowsException'{0x00000000a9096460}> (0x00000000a9096460) 
thrown [s\open\src\hotspot\share\prims\jni.cpp, line 516]
Event: 176.390 Thread 0x000002512b4ecfe0 Exception <a 'sun/nio/fs/WindowsException'{0x00000000a8c06298}> (0x00000000a8c06298) 
thrown [s\open\src\hotspot\share\prims\jni.cpp, line 516]
Event: 176.392 Thread 0x000002512b4f11b0 Exception <a 'sun/nio/fs/WindowsException'{0x00000000a9098960}> (0x00000000a9098960) 
thrown [s\open\src\hotspot\share\prims\jni.cpp, line 516]
Event: 176.393 Thread 0x000002512b4f11b0 Exception <a 'sun/nio/fs/WindowsException'{0x00000000a8c085d8}> (0x00000000a8c085d8) 
thrown [s\open\src\hotspot\share\prims\jni.cpp, line 516]
Event: 176.394 Thread 0x000002512b4ecfe0 Exception <a 'sun/nio/fs/WindowsException'{0x00000000a8c1e410}> (0x00000000a8c1e410) 
thrown [s\open\src\hotspot\share\prims\jni.cpp, line 516]
Event: 176.395 Thread 0x000002512b4f11b0 Exception <a 'sun/nio/fs/WindowsException'{0x00000000a8c0a990}> (0x00000000a8c0a990) 
thrown [s\open\src\hotspot\share\prims\jni.cpp, line 516]
Event: 176.396 Thread 0x000002512b4ecfe0 Exception <a 'sun/nio/fs/WindowsException'{0x00000000a8c209a0}> (0x00000000a8c209a0) 
thrown [s\open\src\hotspot\share\prims\jni.cpp, line 516]
Event: 176.396 Thread 0x000002512b4f11b0 Exception <a 'sun/nio/fs/WindowsException'{0x00000000a8c0cd18}> (0x00000000a8c0cd18) 
thrown [s\open\src\hotspot\share\prims\jni.cpp, line 516]
Event: 176.397 Thread 0x000002512b4ecfe0 Exception <a 'sun/nio/fs/WindowsException'{0x00000000a8c22f68}> (0x00000000a8c22f68) 
thrown [s\open\src\hotspot\share\prims\jni.cpp, line 516]
Event: 176.398 Thread 0x000002512b4f11b0 Exception <a 'sun/nio/fs/WindowsException'{0x00000000a8c0f0a0}> (0x00000000a8c0f0a0) 
thrown [s\open\src\hotspot\share\prims\jni.cpp, line 516]
Event: 176.402 Thread 0x000002512b4ecfe0 Exception <a 'sun/nio/fs/WindowsException'{0x00000000a8c25288}> (0x00000000a8c25288) 
thrown [s\open\src\hotspot\share\prims\jni.cpp, line 516]
Event: 176.403 Thread 0x000002512b4f11b0 Exception <a 'sun/nio/fs/WindowsException'{0x00000000a8c11450}> (0x00000000a8c11450) 
thrown [s\open\src\hotspot\share\prims\jni.cpp, line 516]
Event: 176.403 Thread 0x000002512b4ecfe0 Exception <a 'sun/nio/fs/WindowsException'{0x00000000a8b01fd0}> (0x00000000a8b01fd0) 
thrown [s\open\src\hotspot\share\prims\jni.cpp, line 516]
Event: 176.405 Thread 0x000002512b4ecfe0 Exception <a 'sun/nio/fs/WindowsException'{0x00000000a8b04518}> (0x00000000a8b04518) 
thrown [s\open\src\hotspot\share\prims\jni.cpp, line 516]
Event: 176.406 Thread 0x000002512b4ecfe0 Exception <a 'sun/nio/fs/WindowsException'{0x00000000a8b06a80}> (0x00000000a8b06a80) 
thrown [s\open\src\hotspot\share\prims\jni.cpp, line 516]
Event: 176.407 Thread 0x000002512b4ecfe0 Exception <a 'sun/nio/fs/WindowsException'{0x00000000a8b08dc8}> (0x00000000a8b08dc8) 
thrown [s\open\src\hotspot\share\prims\jni.cpp, line 516]
Event: 176.409 Thread 0x000002512b4ecfe0 Exception <a 'sun/nio/fs/WindowsException'{0x00000000a8a019f0}> (0x00000000a8a019f0) 
thrown [s\open\src\hotspot\share\prims\jni.cpp, line 516]
Event: 176.413 Thread 0x000002512b4ecfe0 Exception <a 'sun/nio/fs/WindowsException'{0x00000000a8600470}> (0x00000000a8600470) 
thrown [s\open\src\hotspot\share\prims\jni.cpp, line 516]
Event: 176.414 Thread 0x000002512b4ecfe0 Exception <a 'sun/nio/fs/WindowsException'{0x00000000a8602bd0}> (0x00000000a8602bd0) 
thrown [s\open\src\hotspot\share\prims\jni.cpp, line 516]
Event: 176.420 Thread 0x000002512b4ecfe0 Exception <a 'sun/nio/fs/WindowsException'{0x00000000a86050f0}> (0x00000000a86050f0) 
thrown [s\open\src\hotspot\share\prims\jni.cpp, line 516]

VM Operations (20 events):
Event: 172.239 Executing VM operation: G1CollectForAllocation done
Event: 174.174 Executing VM operation: HandshakeAllThreads
Event: 174.175 Executing VM operation: HandshakeAllThreads done
Event: 174.175 Executing VM operation: Cleanup
Event: 174.176 Executing VM operation: Cleanup done
Event: 174.373 Executing VM operation: G1CollectForAllocation
Event: 174.405 Executing VM operation: G1CollectForAllocation done
Event: 174.563 Executing VM operation: HandshakeAllThreads
Event: 174.581 Executing VM operation: HandshakeAllThreads done
Event: 174.729 Executing VM operation: HandshakeAllThreads
Event: 174.738 Executing VM operation: HandshakeAllThreads done
Event: 174.742 Executing VM operation: HandshakeAllThreads
Event: 174.768 Executing VM operation: HandshakeAllThreads done
Event: 175.035 Executing VM operation: HandshakeAllThreads
Event: 175.128 Executing VM operation: HandshakeAllThreads done
Event: 175.663 Executing VM operation: G1CollectForAllocation
Event: 175.713 Executing VM operation: G1CollectForAllocation done
Event: 175.745 Executing VM operation: HandshakeAllThreads
Event: 175.745 Executing VM operation: HandshakeAllThreads done
Event: 176.494 Executing VM operation: G1CollectForAllocation

Events (20 events):
Event: 174.232 Thread 0x000002517f92aa50 flushing nmethod 0x000002516c98ad90
Event: 174.233 Thread 0x000002517f92aa50 flushing nmethod 0x000002516ca01890
Event: 174.233 Thread 0x000002517f92aa50 flushing nmethod 0x000002516ca9f290
Event: 174.233 Thread 0x000002517f92aa50 flushing nmethod 0x000002516cab5d90
Event: 174.233 Thread 0x000002517f92aa50 flushing nmethod 0x000002516cacfa10
Event: 174.233 Thread 0x000002517f92aa50 flushing nmethod 0x000002516cad0990
Event: 174.438 loading class java/util/concurrent/ForkJoinTask$AdaptedCallable
Event: 174.438 loading class java/util/concurrent/ForkJoinTask$AdaptedCallable done
Event: 174.438 loading class java/util/concurrent/ForkJoinPool$DefaultForkJoinWorkerThreadFactory$1
Event: 174.438 loading class java/util/concurrent/ForkJoinPool$DefaultForkJoinWorkerThreadFactory$1 done
Event: 174.439 Thread 0x000002512fe1ba90 Thread added: 0x000002512fe1ba90
Event: 174.580 Thread 0x000002512c8b39a0 Thread added: 0x000002512c8b39a0
Event: 174.726 loading class java/nio/HeapShortBuffer
Event: 174.726 loading class java/nio/HeapShortBuffer done
Event: 174.731 Thread 0x000002512cd919b0 Thread added: 0x000002512cd919b0
Event: 174.766 Thread 0x000002512b11eb20 Thread added: 0x000002512b11eb20
Event: 174.776 Thread 0x000002512fa994a0 Thread added: 0x000002512fa994a0
Event: 174.845 Thread 0x000002512cd90570 Thread added: 0x000002512cd90570
Event: 174.891 Thread 0x000002512e785510 Thread added: 0x000002512e785510
Event: 174.967 Thread 0x000002512bb6a880 Thread added: 0x000002512bb6a880


Dynamic libraries:
0x00007ff6de830000 - 0x00007ff6de840000 	C:\Program Files\Java\jdk-17\bin\java.exe
0x00007ffafc850000 - 0x00007ffafca48000 	C:\Windows\SYSTEM32\ntdll.dll
0x00007ffafaa80000 - 0x00007ffafab42000 	C:\Windows\System32\KERNEL32.DLL
0x00007ffafa420000 - 0x00007ffafa716000 	C:\Windows\System32\KERNELBASE.dll
0x00007ffafa770000 - 0x00007ffafa870000 	C:\Windows\System32\ucrtbase.dll
0x00007ffae6450000 - 0x00007ffae6469000 	C:\Program Files\Java\jdk-17\bin\jli.dll
0x00007ffae6430000 - 0x00007ffae644b000 	C:\Program Files\Java\jdk-17\bin\VCRUNTIME140.dll
0x00007ffafab50000 - 0x00007ffafac01000 	C:\Windows\System32\ADVAPI32.dll
0x00007ffafbde0000 - 0x00007ffafbe7e000 	C:\Windows\System32\msvcrt.dll
0x00007ffafc6a0000 - 0x00007ffafc73f000 	C:\Windows\System32\sechost.dll
0x00007ffafb540000 - 0x00007ffafb660000 	C:\Windows\System32\RPCRT4.dll
0x00007ffafa160000 - 0x00007ffafa187000 	C:\Windows\System32\bcrypt.dll
0x00007ffafbe80000 - 0x00007ffafc021000 	C:\Windows\System32\USER32.dll
0x00007ffafa190000 - 0x00007ffafa1b2000 	C:\Windows\System32\win32u.dll
0x00007ffaf9210000 - 0x00007ffaf94ab000 	C:\Windows\WinSxS\amd64_microsoft.windows.common-controls_6595b64144ccf1df_6.0.19041.6456_none_60b8a6cb71f64256\COMCTL32.dll
0x00007ffafc090000 - 0x00007ffafc0bb000 	C:\Windows\System32\GDI32.dll
0x00007ffaf9ee0000 - 0x00007ffaf9ff9000 	C:\Windows\System32\gdi32full.dll
0x00007ffafa270000 - 0x00007ffafa30d000 	C:\Windows\System32\msvcp_win.dll
0x00007ffaf0660000 - 0x00007ffaf066a000 	C:\Windows\SYSTEM32\VERSION.dll
0x00007ffafb3e0000 - 0x00007ffafb40f000 	C:\Windows\System32\IMM32.DLL
0x00007ffae6420000 - 0x00007ffae642c000 	C:\Program Files\Java\jdk-17\bin\vcruntime140_1.dll
0x00007ffae6390000 - 0x00007ffae641e000 	C:\Program Files\Java\jdk-17\bin\msvcp140.dll
0x00007ffa6b360000 - 0x00007ffa6bf40000 	C:\Program Files\Java\jdk-17\bin\server\jvm.dll
0x00007ffafc220000 - 0x00007ffafc228000 	C:\Windows\System32\PSAPI.DLL
0x00007ffa8f410000 - 0x00007ffa8f419000 	C:\Windows\SYSTEM32\WSOCK32.dll
0x00007ffaf0670000 - 0x00007ffaf0697000 	C:\Windows\SYSTEM32\WINMM.dll
0x00007ffafb9d0000 - 0x00007ffafba3b000 	C:\Windows\System32\WS2_32.dll
0x00007ffaf7690000 - 0x00007ffaf76a2000 	C:\Windows\SYSTEM32\kernel.appcore.dll
0x00007ffae6380000 - 0x00007ffae638a000 	C:\Program Files\Java\jdk-17\bin\jimage.dll
0x00007ffaf97b0000 - 0x00007ffaf99b1000 	C:\Windows\SYSTEM32\DBGHELP.DLL
0x00007ffaf9770000 - 0x00007ffaf97a4000 	C:\Windows\SYSTEM32\dbgcore.DLL
0x00007ffafa390000 - 0x00007ffafa412000 	C:\Windows\System32\bcryptPrimitives.dll
0x00007ffad56a0000 - 0x00007ffad56ae000 	C:\Program Files\Java\jdk-17\bin\instrument.dll
0x00007ffae6350000 - 0x00007ffae6375000 	C:\Program Files\Java\jdk-17\bin\java.dll
0x00007ffae6270000 - 0x00007ffae6347000 	C:\Program Files\Java\jdk-17\bin\jsvml.dll
0x00007ffafac10000 - 0x00007ffafb380000 	C:\Windows\System32\SHELL32.dll
0x00007ffaf7890000 - 0x00007ffaf8035000 	C:\Windows\SYSTEM32\windows.storage.dll
0x00007ffafb660000 - 0x00007ffafb9b4000 	C:\Windows\System32\combase.dll
0x00007ffaf9090000 - 0x00007ffaf90bb000 	C:\Windows\SYSTEM32\Wldp.dll
0x00007ffafbaf0000 - 0x00007ffafbbbd000 	C:\Windows\System32\OLEAUT32.dll
0x00007ffafba40000 - 0x00007ffafbaed000 	C:\Windows\System32\SHCORE.dll
0x00007ffafb380000 - 0x00007ffafb3db000 	C:\Windows\System32\shlwapi.dll
0x00007ffaf9e10000 - 0x00007ffaf9e34000 	C:\Windows\SYSTEM32\profapi.dll
0x00007ffad56c0000 - 0x00007ffad56d8000 	C:\Program Files\Java\jdk-17\bin\zip.dll
0x00007ffad97a0000 - 0x00007ffad97b9000 	C:\Program Files\Java\jdk-17\bin\net.dll
0x00007ffaf3870000 - 0x00007ffaf397a000 	C:\Windows\SYSTEM32\WINHTTP.dll
0x00007ffaf8e70000 - 0x00007ffaf8eda000 	C:\Windows\system32\mswsock.dll
0x00007ffad9780000 - 0x00007ffad9796000 	C:\Program Files\Java\jdk-17\bin\nio.dll
0x00007ffae6260000 - 0x00007ffae6270000 	C:\Program Files\Java\jdk-17\bin\verify.dll
0x00007ffa8e9a0000 - 0x00007ffa8e9c7000 	C:\Users\Hamza tabani\.gradle\native\1def1411415f61bf3af743bc5b6707747c0891f09f0c88961ee8f79bc544acac\windows-amd64\native-platform.dll
0x00007ffad5620000 - 0x00007ffad5698000 	C:\Users\Hamza tabani\.gradle\native\0.2.7\x86_64-windows-gnu\gradle-fileevents.dll
0x00007ffae5f10000 - 0x00007ffae5f1a000 	C:\Program Files\Java\jdk-17\bin\management.dll
0x00007ffad9770000 - 0x00007ffad977b000 	C:\Program Files\Java\jdk-17\bin\management_ext.dll
0x00007ffaf8b70000 - 0x00007ffaf8bab000 	C:\Windows\SYSTEM32\IPHLPAPI.DLL
0x00007ffafb410000 - 0x00007ffafb418000 	C:\Windows\System32\NSI.dll
0x00007ffaf3d10000 - 0x00007ffaf3d27000 	C:\Windows\SYSTEM32\dhcpcsvc6.DLL
0x00007ffaf3cf0000 - 0x00007ffaf3d0d000 	C:\Windows\SYSTEM32\dhcpcsvc.DLL
0x00007ffaf8bb0000 - 0x00007ffaf8c7a000 	C:\Windows\SYSTEM32\DNSAPI.dll
0x00007ffaf9b70000 - 0x00007ffaf9b88000 	C:\Windows\SYSTEM32\CRYPTSP.dll
0x00007ffaf8810000 - 0x00007ffaf8848000 	C:\Windows\system32\rsaenh.dll
0x00007ffaf9d90000 - 0x00007ffaf9dbe000 	C:\Windows\SYSTEM32\USERENV.dll
0x00007ffaf9000000 - 0x00007ffaf900c000 	C:\Windows\SYSTEM32\CRYPTBASE.dll
0x00007ffad5610000 - 0x00007ffad561e000 	C:\Program Files\Java\jdk-17\bin\sunmscapi.dll
0x00007ffafa000000 - 0x00007ffafa15d000 	C:\Windows\System32\CRYPT32.dll
0x00007ffaf91e0000 - 0x00007ffaf9207000 	C:\Windows\SYSTEM32\ncrypt.dll
0x00007ffaf91a0000 - 0x00007ffaf91db000 	C:\Windows\SYSTEM32\NTASN1.dll
0x00007ffa8ff90000 - 0x00007ffa8ff97000 	C:\Windows\system32\wshunix.dll
0x00007ffae7f20000 - 0x00007ffae7f37000 	C:\Windows\system32\napinsp.dll
0x00007ffae7f00000 - 0x00007ffae7f1b000 	C:\Windows\system32\pnrpnsp.dll
0x00007ffae7ee0000 - 0x00007ffae7efd000 	C:\Windows\system32\wshbth.dll
0x00007ffaf6270000 - 0x00007ffaf628d000 	C:\Windows\system32\NLAapi.dll
0x00007ffae7ec0000 - 0x00007ffae7ed2000 	C:\Windows\System32\winrnr.dll
0x00007ffaecbe0000 - 0x00007ffaecbea000 	C:\Windows\System32\rasadhlp.dll
0x00007ffaf34f0000 - 0x00007ffaf3570000 	C:\Windows\System32\fwpuclnt.dll
0x00007ffaf9b30000 - 0x00007ffaf9b63000 	C:\Windows\SYSTEM32\ntmarta.dll
0x00007ffa800c0000 - 0x00007ffa800c7000 	C:\Program Files\Java\jdk-17\bin\rmi.dll

dbghelp: loaded successfully - version: 4.0.5 - missing functions: none
symbol engine: initialized successfully - sym options: 0x614 - pdb path: .;C:\Program Files\Java\jdk-17\bin;C:\Windows\SYSTEM32;C:\Windows\WinSxS\amd64_microsoft.windows.common-controls_6595b64144ccf1df_6.0.19041.6456_none_60b8a6cb71f64256;C:\Program Files\Java\jdk-17\bin\server;C:\Users\Hamza tabani\.gradle\native\1def1411415f61bf3af743bc5b6707747c0891f09f0c88961ee8f79bc544acac\windows-amd64;C:\Users\Hamza tabani\.gradle\native\0.2.7\x86_64-windows-gnu

VM Arguments:
jvm_args: --add-opens=java.base/java.lang=ALL-UNNAMED --add-opens=java.base/java.lang.invoke=ALL-UNNAMED --add-opens=java.base/java.util=ALL-UNNAMED --add-opens=java.prefs/java.util.prefs=ALL-UNNAMED --add-exports=jdk.compiler/com.sun.tools.javac.api=ALL-UNNAMED --add-exports=jdk.compiler/com.sun.tools.javac.util=ALL-UNNAMED --add-opens=java.base/java.util=ALL-UNNAMED --add-opens=java.prefs/java.util.prefs=ALL-UNNAMED --add-opens=java.base/java.nio.charset=ALL-UNNAMED --add-opens=java.base/java.net=ALL-UNNAMED --add-opens=java.base/java.util.concurrent.atomic=ALL-UNNAMED --add-opens=java.xml/javax.xml.namespace=ALL-UNNAMED -XX:MaxMetaspaceSize=512m -Xmx2048m -Dfile.encoding=windows-1252 -Duser.country=US -Duser.language=en -Duser.variant -javaagent:C:\Users\Hamza tabani\.gradle\wrapper\dists\gradle-8.13-bin\5xuhj0ry160q40clulazy9h7d\gradle-8.13\lib\agents\gradle-instrumentation-agent-8.13.jar 
java_command: org.gradle.launcher.daemon.bootstrap.GradleDaemon 8.13
java_class_path (initial): C:\Users\Hamza tabani\.gradle\wrapper\dists\gradle-8.13-bin\5xuhj0ry160q40clulazy9h7d\gradle-8.13\lib\gradle-daemon-main-8.13.jar
Launcher Type: SUN_STANDARD

[Global flags]
     intx CICompilerCount                          = 4                                         {product} {ergonomic}
   size_t CompressedClassSpaceSize                 = 436207616                                 {product} {ergonomic}
     uint ConcGCThreads                            = 2                                         {product} {ergonomic}
     uint G1ConcRefinementThreads                  = 8                                         {product} {ergonomic}
   size_t G1HeapRegionSize                         = 1048576                                   {product} {ergonomic}
    uintx GCDrainStackTargetSize                   = 64                                        {product} {ergonomic}
   size_t InitialHeapSize                          = 268435456                                 {product} {ergonomic}
   size_t MarkStackSize                            = 4194304                                   {product} {ergonomic}
   size_t MaxHeapSize                              = 2147483648                                {product} {command line}
   size_t MaxMetaspaceSize                         = 536870912                                 {product} {command line}
   size_t MaxNewSize                               = 1287651328                                {product} {ergonomic}
   size_t MinHeapDeltaBytes                        = 1048576                                   {product} {ergonomic}
   size_t MinHeapSize                              = 8388608                                   {product} {ergonomic}
    uintx NonNMethodCodeHeapSize                   = 5839372                                {pd product} {ergonomic}
    uintx NonProfiledCodeHeapSize                  = 122909434                              {pd product} {ergonomic}
    uintx ProfiledCodeHeapSize                     = 122909434                              {pd product} {ergonomic}
    uintx ReservedCodeCacheSize                    = 251658240                              {pd product} {ergonomic}
     bool SegmentedCodeCache                       = true                                      {product} {ergonomic}
   size_t SoftMaxHeapSize                          = 2147483648                             {manageable} {ergonomic}
     bool UseCompressedClassPointers               = true                           {product lp64_product} {ergonomic}
     bool UseCompressedOops                        = true                           {product lp64_product} {ergonomic}
     bool UseG1GC                                  = true                                      {product} {ergonomic}
     bool UseLargePagesIndividualAllocation        = false                                  {pd product} {ergonomic}

Logging:
Log output configuration:
 #0: stdout all=warning uptime,level,tags
 #1: stderr all=off uptime,level,tags

Environment Variables:
JAVA_HOME=C:\Program Files\Java\jdk-17
CLASSPATH=D:\PostUp\android\\gradle\wrapper\gradle-wrapper.jar
PATH=c:\Users\Hamza tabani\AppData\Roaming\Code\User\globalStorage\github.copilot-chat\debugCommand;c:\Users\Hamza tabani\AppData\Roaming\Code\User\globalStorage\github.copilot-chat\copilotCli;C:\Program Files\Common Files\Oracle\Java\javapath;C:\Windows\system32;C:\Windows;C:\Windows\System32\Wbem;C:\Windows\System32\WindowsPowerShell\v1.0\;C:\Windows\System32\OpenSSH\;C:\ProgramData\chocolatey\bin;C:\Program Files\nodejs\;C:\Users\Hamza tabani\AppData\Local\Android\Sdk\platform-tools;C:\Program Files\OpenJDK\jdk-20.0.2\bin;C:\Program Files (x86)\ATI Technologies\ATI.ACE\Core-Static;C:\Program Files\MongoDB\mongosh-2.3.1-win32-x64\bin;C:\Program Files\dotnet\;C:\Program Files\Microsoft SQL Server\150\Tools\Binn\;C:\Program Files\Microsoft SQL Server\Client SDK\ODBC\170\Tools\Binn\;C:\Users\Hamza tabani\AppData\Local\Android\Sdk\tools;C:\Users\Hamza tabani\AppData\Local\Microsoft\WindowsApps;C:\Users\Hamza tabani\AppData\Local\Programs\Git\cmd;C:\Users\Hamza tabani\AppData\Roaming\npm;C:\Users\Hamza tabani\AppData\Local\Programs\Microsoft VS Code\bin;c:\Users\Hamza tabani\.vscode\extensions\vscjava.vscode-java-debug-0.58.3\bundled\scripts\noConfigScripts
USERNAME=Hamza tabani
LANG=en_US.UTF-8
OS=Windows_NT
PROCESSOR_IDENTIFIER=Intel64 Family 6 Model 60 Stepping 3, GenuineIntel



---------------  S Y S T E M  ---------------

OS:
 Windows 10 , 64 bit Build 19041 (10.0.19041.5915)
OS uptime: 0 days 0:06 hours
Hyper-V role detected

CPU: total 8 (initial active 8) (4 cores per cpu, 2 threads per core) family 6 model 60 stepping 3 microcode 0x27, cx8, cmov, fxsr, ht, mmx, sse, sse2, sse3, ssse3, sse4.1, sse4.2, popcnt, lzcnt, tsc, tscinvbit, avx, avx2, erms, clmul, bmi1, bmi2, fma, vzeroupper, clflush, hv

Memory: 4k page, system-wide physical 16321M (1087M free)
TotalPageFile size 23745M (AvailPageFile size 5475M)
current process WorkingSet (physical memory assigned to process): 1321M, peak: 1328M
current process commit charge ("private bytes"): 1399M, peak: 1409M

vm_info: Java HotSpot(TM) 64-Bit Server VM (17.0.12+8-LTS-286) for windows-amd64 JRE (17.0.12+8-LTS-286), built on Jun  5 2024 06:46:59 by "mach5one" with MS VC++ 17.6 (VS2022)

END.
