#
# A fatal error has been detected by the Java Runtime Environment:
#
#  EXCEPTION_ACCESS_VIOLATION (0xc0000005) at pc=0x00007ff822a20df0, pid=19052, tid=500
#
# JRE version: Java(TM) SE Runtime Environment (17.0.12+8) (build 17.0.12+8-LTS-286)
# Java VM: Java HotSpot(TM) 64-Bit Server VM (17.0.12+8-LTS-286, mixed mode, sharing, tiered, compressed oops, compressed class ptrs, g1 gc, windows-amd64)
# Problematic frame:
# V  [jvm.dll+0x120df0]
#
# No core dump will be written. Minidumps are not enabled by default on client versions of Windows
#
# If you would like to submit a bug report, please visit:
#   https://bugreport.java.com/bugreport/crash.jsp
#

---------------  S U M M A R Y ------------

Command Line: --add-opens=java.base/java.lang=ALL-UNNAMED --add-opens=java.base/java.lang.invoke=ALL-UNNAMED --add-opens=java.base/java.util=ALL-UNNAMED --add-opens=java.prefs/java.util.prefs=ALL-UNNAMED --add-exports=jdk.compiler/com.sun.tools.javac.api=ALL-UNNAMED --add-exports=jdk.compiler/com.sun.tools.javac.util=ALL-UNNAMED --add-opens=java.base/java.util=ALL-UNNAMED --add-opens=java.prefs/java.util.prefs=ALL-UNNAMED --add-opens=java.base/java.nio.charset=ALL-UNNAMED --add-opens=java.base/java.net=ALL-UNNAMED --add-opens=java.base/java.util.concurrent.atomic=ALL-UNNAMED --add-opens=java.xml/javax.xml.namespace=ALL-UNNAMED -XX:MaxMetaspaceSize=512m -Xmx2048m -Dfile.encoding=windows-1252 -Duser.country=US -Duser.language=en -Duser.variant -javaagent:C:\Users\Hamza tabani\.gradle\wrapper\dists\gradle-8.13-bin\5xuhj0ry160q40clulazy9h7d\gradle-8.13\lib\agents\gradle-instrumentation-agent-8.13.jar org.gradle.launcher.daemon.bootstrap.GradleDaemon 8.13

Host: Intel(R) Core(TM) i7-4790 CPU @ 3.60GHz, 8 cores, 15G,  Windows 10 , 64 bit Build 19041 (10.0.19041.5915)
Time: Sat Nov 15 02:28:49 2025 Pakistan Standard Time elapsed time: 76.348224 seconds (0d 0h 1m 16s)

---------------  T H R E A D  ---------------

Current thread (0x000001d9bb20c120):  JavaThread "C2 CompilerThread0" daemon [_thread_in_native, id=500, stack(0x0000003096e00000,0x0000003096f00000)]


Current CompileTask:
C2:  76348 16533       4       org.gradle.internal.logging.sink.OutputEventTransformer::onOutput (369 bytes)

Stack: [0x0000003096e00000,0x0000003096f00000],  sp=0x0000003096efbc70,  free space=1007k
Native frames: (J=compiled Java code, j=interpreted, Vv=VM code, C=native code)
V  [jvm.dll+0x120df0]
V  [jvm.dll+0x1f8c6d]
V  [jvm.dll+0x1f8d56]
V  [jvm.dll+0x1ba4d4]
V  [jvm.dll+0x216997]
V  [jvm.dll+0x215c6f]
V  [jvm.dll+0x1a2960]
V  [jvm.dll+0x22610b]
V  [jvm.dll+0x2242ab]
V  [jvm.dll+0x79075c]
V  [jvm.dll+0x78abea]
V  [jvm.dll+0x678f35]
C  [ucrtbase.dll+0x21bb2]
C  [KERNEL32.DLL+0x17374]
C  [ntdll.dll+0x4cc91]


siginfo: EXCEPTION_ACCESS_VIOLATION (0xc0000005), reading address 0x0000000400000010


Registers:
RAX=0x0000000400000010, RBX=0x0000000000000000, RCX=0x0000003096efc110, RDX=0x0000000096efed60
RSP=0x0000003096efbc70, RBP=0x000001d9e13e64d0, RSI=0x000001d9e13e64d0, RDI=0x0000000000000002
R8 =0x00007ff8231de220, R9 =0x0000003096efbc20, R10=0x0000000000000000, R11=0x3333333333333333
R12=0x0000000000000001, R13=0x00000000000003d8, R14=0x0000003096efc290, R15=0x0000003096efc110
RIP=0x00007ff822a20df0, EFLAGS=0x0000000000010286


Register to memory mapping:

RIP=0x00007ff822a20df0 jvm.dll
RAX=0x0000000400000010 is an unknown value
RBX=0x0 is NULL
RCX=0x0000003096efc110 is pointing into the stack for thread: 0x000001d9bb20c120
RDX=0x0000000096efed60 is pointing into object: [B 
{0x0000000096efecc8} - klass: {type array byte}
 - length: 172
RSP=0x0000003096efbc70 is pointing into the stack for thread: 0x000001d9bb20c120
RBP=0x000001d9e13e64d0 points into unknown readable memory: 0x000001d9bbbeefa0 | a0 ef be bb d9 01 00 00
RSI=0x000001d9e13e64d0 points into unknown readable memory: 0x000001d9bbbeefa0 | a0 ef be bb d9 01 00 00
RDI=0x0000000000000002 is an unknown value
R8 =0x00007ff8231de220 jvm.dll
R9 =0x0000003096efbc20 is pointing into the stack for thread: 0x000001d9bb20c120
R10=0x0 is NULL
R11=0x3333333333333333 is an unknown value
R12=0x0000000000000001 is an unknown value
R13=0x00000000000003d8 is an unknown value
R14=0x0000003096efc290 is pointing into the stack for thread: 0x000001d9bb20c120
R15=0x0000003096efc110 is pointing into the stack for thread: 0x000001d9bb20c120


Top of Stack: (sp=0x0000003096efbc70)
0x0000003096efbc70:   0000000000000000 0000000000000000
0x0000003096efbc80:   000001d9e1b2f770 000001d9db570bf8
0x0000003096efbc90:   00000000000003d8 0000000000000001
0x0000003096efbca0:   000001d9e1b2f770 000001d9e13e64d0
0x0000003096efbcb0:   0000003096efbf10 00007ff822af8c6d
0x0000003096efbcc0:   000000000000000c 0000000000000579
0x0000003096efbcd0:   0000003096efbf10 000001d9e13e47e0
0x0000003096efbce0:   00007ff80000000a 00007ff822b16122
0x0000003096efbcf0:   000001d9e1b2f780 00007ff822af8d56
0x0000003096efbd00:   0000003096efbf10 0000000000000001
0x0000003096efbd10:   0000003096efc290 0000003096efbe30
0x0000003096efbd20:   0000000000000000 00007ff822aba4d4
0x0000003096efbd30:   0000003096efc1b0 0000003096efbe30
0x0000003096efbd40:   000001d9e1b2f780 000001d9e1b2f770
0x0000003096efbd50:   000001d900000000 00007ff85c1fb6ae
0x0000003096efbd60:   0000000000000006 000001d9e1b2f770 

Instructions: (pc=0x00007ff822a20df0)
0x00007ff822a20cf0:   48 8b 10 eb 02 33 d2 80 7a 2c e0 0f 84 cc 00 00
0x00007ff822a20d00:   00 45 85 c9 74 08 49 8b 02 48 8b 10 eb 02 33 d2
0x00007ff822a20d10:   8b 42 2c 83 e0 0f 3c 09 0f 84 af 00 00 00 8b 51
0x00007ff822a20d20:   28 41 bb 02 00 00 00 ff ca 85 d2 7e 24 41 3b d1
0x00007ff822a20d30:   73 09 49 8b 02 4c 8b 04 d0 eb 03 45 33 c0 41 8b
0x00007ff822a20d40:   40 2c 83 e0 3f 3c 2a 75 08 41 bb 01 00 00 00 ff
0x00007ff822a20d50:   ca 45 85 c9 74 08 49 8b 02 48 8b 08 eb 02 33 c9
0x00007ff822a20d60:   83 79 18 01 77 2e 45 85 c9 74 08 49 8b 02 48 8b
0x00007ff822a20d70:   08 eb 02 33 c9 80 79 2c e0 74 19 45 85 c9 74 08
0x00007ff822a20d80:   49 8b 02 48 8b 08 eb 02 33 c9 8b 41 2c 83 e0 0f
0x00007ff822a20d90:   3c 09 75 35 48 63 ca 85 d2 7e 2c 0f 1f 44 00 00
0x00007ff822a20da0:   41 3b d1 73 09 49 8b 02 4c 8b 04 c8 eb 03 45 33
0x00007ff822a20db0:   c0 41 8b 40 2c 24 03 3c 02 74 0a ff ca 48 ff c9
0x00007ff822a20dc0:   48 85 c9 7f db 85 d2 75 04 41 8b c3 c3 33 c0 c3
0x00007ff822a20dd0:   48 89 5c 24 18 55 56 41 57 48 83 ec 30 48 8b ea
0x00007ff822a20de0:   33 db 8b 52 18 4c 8b f9 85 d2 74 09 48 8b 45 20
0x00007ff822a20df0:   4c 8b 00 eb 03 4c 8b c3 41 80 78 2c e0 0f 29 74
0x00007ff822a20e00:   24 20 0f 84 ca 01 00 00 85 d2 74 09 48 8b 45 20
0x00007ff822a20e10:   48 8b 08 eb 03 48 8b cb 8b 41 2c 83 e0 0f 3c 09
0x00007ff822a20e20:   0f 84 ac 01 00 00 f2 0f 10 35 1a 0f 7a 00 66 0f
0x00007ff822a20e30:   2f 75 08 0f 87 95 01 00 00 48 89 7c 24 50 8b 7d
0x00007ff822a20e40:   28 ff cf 4c 89 74 24 58 3b fa 73 0a 48 8b 45 20
0x00007ff822a20e50:   4c 8b 34 f8 eb 03 4c 8b f3 49 8b 06 49 8b ce ff
0x00007ff822a20e60:   50 20 49 3b c6 4c 8b 74 24 58 74 03 2b 7d 48 3b
0x00007ff822a20e70:   7d 18 73 0a 48 8b 45 20 48 8b 0c f8 eb 03 48 8b
0x00007ff822a20e80:   cb 8b 41 2c 48 8b 7c 24 50 83 e0 3f 3c 2a 75 07
0x00007ff822a20e90:   48 8b 41 08 48 8b 08 8b 41 2c 83 e0 1f 3c 1d 75
0x00007ff822a20ea0:   07 48 8b 41 08 48 8b 08 8b 51 2c 8b c2 25 ff 03
0x00007ff822a20eb0:   00 00 3d 08 02 00 00 75 37 48 8b 41 08 4c 8b 00
0x00007ff822a20ec0:   41 8b 40 2c 83 e0 1f 3c 1e 75 25 f3 41 0f 10 88
0x00007ff822a20ed0:   88 00 00 00 0f 2e 0d 61 cb 79 00 7a 02 74 11 f3
0x00007ff822a20ee0:   0f 10 05 b1 00 7a 00 0f 2f c1 0f 83 de 00 00 00 


Stack slot to memory mapping:
stack at sp + 0 slots: 0x0 is NULL
stack at sp + 1 slots: 0x0 is NULL
stack at sp + 2 slots: 0x000001d9e1b2f770 points into unknown readable memory: 0x000001d9e8d470d0 | d0 70 d4 e8 d9 01 00 00
stack at sp + 3 slots: 0x000001d9db570bf8 points into unknown readable memory: 0x00007ff8231bd4f0 | f0 d4 1b 23 f8 7f 00 00
stack at sp + 4 slots: 0x00000000000003d8 is an unknown value
stack at sp + 5 slots: 0x0000000000000001 is an unknown value
stack at sp + 6 slots: 0x000001d9e1b2f770 points into unknown readable memory: 0x000001d9e8d470d0 | d0 70 d4 e8 d9 01 00 00
stack at sp + 7 slots: 0x000001d9e13e64d0 points into unknown readable memory: 0x000001d9bbbeefa0 | a0 ef be bb d9 01 00 00


---------------  P R O C E S S  ---------------

Threads class SMR info:
_java_thread_list=0x000001d9e064fcf0, length=59, elements={
0x000001d99aeba430, 0x000001d9bb0cfbf0, 0x000001d9bb0d0780, 0x000001d9bb1fb2f0,
0x000001d9bb1fbbc0, 0x000001d9bb1fc490, 0x000001d9bb1fcd60, 0x000001d9bb20c120,
0x000001d9bb20da40, 0x000001d9bb220b20, 0x000001d9bb0b9ec0, 0x000001d9bb4535c0,
0x000001d9dbc24f50, 0x000001d9dbbac5f0, 0x000001d9dc5e3980, 0x000001d9dc1851e0,
0x000001d9db02a9b0, 0x000001d9db02aec0, 0x000001d9db028130, 0x000001d9db029a80,
0x000001d9de928ec0, 0x000001d9de92cb80, 0x000001d9de92a810, 0x000001d9de926b50,
0x000001d9deedb470, 0x000001d9e1d91200, 0x000001d9e1d91710, 0x000001d9e1d902d0,
0x000001d9e1d8d540, 0x000001d9e1d907e0, 0x000001d9e1d90cf0, 0x000001d9e1d93060,
0x000001d9deeb37b0, 0x000001d9deeb3cc0, 0x000001d9dcdf5440, 0x000001d9dcdf5e60,
0x000001d9dcdf77b0, 0x000001d9dcdf1270, 0x000001d9dcdf30d0, 0x000001d9e2d255c0,
0x000001d9e2d24690, 0x000001d9e2d20ee0, 0x000001d9deeb7470, 0x000001d9deeb92d0,
0x000001d9deeb5610, 0x000001d9deeb7980, 0x000001d9deeb5100, 0x000001d9deeb6a50,
0x000001d9deeb5b20, 0x000001d9deeb6030, 0x000001d9deeb6540, 0x000001d9deeb88b0,
0x000001d9deeb4bf0, 0x000001d9deeb8dc0, 0x000001d9deeb46e0, 0x000001d9deeb2880,
0x000001d9deeb6f60, 0x000001d9deeb7e90, 0x000001d9e1a72ad0
}

Java Threads: ( => current thread )
  0x000001d99aeba430 JavaThread "main" [_thread_blocked, id=18056, stack(0x0000003096100000,0x0000003096200000)]
  0x000001d9bb0cfbf0 JavaThread "Reference Handler" daemon [_thread_blocked, id=15816, stack(0x0000003096800000,0x0000003096900000)]
  0x000001d9bb0d0780 JavaThread "Finalizer" daemon [_thread_blocked, id=21136, stack(0x0000003096900000,0x0000003096a00000)]
  0x000001d9bb1fb2f0 JavaThread "Signal Dispatcher" daemon [_thread_blocked, id=5184, stack(0x0000003096a00000,0x0000003096b00000)]
  0x000001d9bb1fbbc0 JavaThread "Attach Listener" daemon [_thread_blocked, id=23976, stack(0x0000003096b00000,0x0000003096c00000)]
  0x000001d9bb1fc490 JavaThread "Service Thread" daemon [_thread_blocked, id=16264, stack(0x0000003096c00000,0x0000003096d00000)]
  0x000001d9bb1fcd60 JavaThread "Monitor Deflation Thread" daemon [_thread_blocked, id=6552, stack(0x0000003096d00000,0x0000003096e00000)]
=>0x000001d9bb20c120 JavaThread "C2 CompilerThread0" daemon [_thread_in_native, id=500, stack(0x0000003096e00000,0x0000003096f00000)]
  0x000001d9bb20da40 JavaThread "C1 CompilerThread0" daemon [_thread_in_native, id=16484, stack(0x0000003096f00000,0x0000003097000000)]
  0x000001d9bb220b20 JavaThread "Sweeper thread" daemon [_thread_blocked, id=4532, stack(0x0000003097000000,0x0000003097100000)]
  0x000001d9bb0b9ec0 JavaThread "Common-Cleaner" daemon [_thread_blocked, id=14404, stack(0x0000003097100000,0x0000003097200000)]
  0x000001d9bb4535c0 JavaThread "Notification Thread" daemon [_thread_blocked, id=9028, stack(0x0000003097200000,0x0000003097300000)]
  0x000001d9dbc24f50 JavaThread "Daemon health stats" [_thread_blocked, id=6192, stack(0x0000003097c00000,0x0000003097d00000)]
  0x000001d9dbbac5f0 JavaThread "Incoming local TCP Connector on port 52424" [_thread_in_native, id=16120, stack(0x0000003097d00000,0x0000003097e00000)]
  0x000001d9dc5e3980 JavaThread "Daemon periodic checks" [_thread_blocked, id=15400, stack(0x0000003097e00000,0x0000003097f00000)]
  0x000001d9dc1851e0 JavaThread "Daemon" [_thread_blocked, id=92, stack(0x0000003097f00000,0x0000003098000000)]
  0x000001d9db02a9b0 JavaThread "Daemon worker" [_thread_in_Java, id=12696, stack(0x0000003098200000,0x0000003098300000)]
  0x000001d9db02aec0 JavaThread "Cache worker for journal cache (C:\Users\Hamza tabani\.gradle\caches\journal-1)" [_thread_blocked, id=18572, stack(0x0000003098600000,0x0000003098700000)]
  0x000001d9db028130 JavaThread "File lock request listener" [_thread_in_native, id=6712, stack(0x0000003098700000,0x0000003098800000)]
  0x000001d9db029a80 JavaThread "Cache worker for file hash cache (C:\Users\Hamza tabani\.gradle\caches\8.13\fileHashes)" [_thread_blocked, id=14516, stack(0x0000003098800000,0x0000003098900000)]
  0x000001d9de928ec0 JavaThread "File watcher server" daemon [_thread_in_native, id=23224, stack(0x0000003098e00000,0x0000003098f00000)]
  0x000001d9de92cb80 JavaThread "File watcher consumer" daemon [_thread_blocked, id=12976, stack(0x0000003098f00000,0x0000003099000000)]
  0x000001d9de92a810 JavaThread "jar transforms" [_thread_blocked, id=21376, stack(0x0000003099000000,0x0000003099100000)]
  0x000001d9de926b50 JavaThread "Cache worker for file content cache (C:\Users\Hamza tabani\.gradle\caches\8.13\fileContent)" [_thread_blocked, id=1816, stack(0x0000003099200000,0x0000003099300000)]
  0x000001d9deedb470 JavaThread "Memory manager" [_thread_blocked, id=17316, stack(0x0000003097400000,0x0000003097500000)]
  0x000001d9e1d91200 JavaThread "ForkJoinPool.commonPool-worker-1" daemon [_thread_blocked, id=22336, stack(0x000000309b300000,0x000000309b400000)]
  0x000001d9e1d91710 JavaThread "ForkJoinPool.commonPool-worker-3" daemon [_thread_blocked, id=9348, stack(0x000000309b500000,0x000000309b600000)]
  0x000001d9e1d902d0 JavaThread "ForkJoinPool.commonPool-worker-4" daemon [_thread_blocked, id=8956, stack(0x000000309b600000,0x000000309b700000)]
  0x000001d9e1d8d540 JavaThread "ForkJoinPool.commonPool-worker-5" daemon [_thread_blocked, id=7964, stack(0x000000309b700000,0x000000309b800000)]
  0x000001d9e1d907e0 JavaThread "ForkJoinPool.commonPool-worker-6" daemon [_thread_blocked, id=1404, stack(0x000000309b800000,0x000000309b900000)]
  0x000001d9e1d90cf0 JavaThread "ForkJoinPool.commonPool-worker-7" daemon [_thread_blocked, id=11340, stack(0x000000309b900000,0x000000309ba00000)]
  0x000001d9e1d93060 JavaThread "included builds" [_thread_blocked, id=22636, stack(0x000000309ba00000,0x000000309bb00000)]
  0x000001d9deeb37b0 JavaThread "jar transforms Thread 2" [_thread_blocked, id=6288, stack(0x000000309f500000,0x000000309f600000)]
  0x000001d9deeb3cc0 JavaThread "jar transforms Thread 3" [_thread_blocked, id=2748, stack(0x000000309f600000,0x000000309f700000)]
  0x000001d9dcdf5440 JavaThread "jar transforms Thread 4" [_thread_blocked, id=11284, stack(0x000000309fa00000,0x000000309fb00000)]
  0x000001d9dcdf5e60 JavaThread "jar transforms Thread 5" [_thread_blocked, id=4504, stack(0x000000309b100000,0x000000309b200000)]
  0x000001d9dcdf77b0 JavaThread "jar transforms Thread 6" [_thread_blocked, id=13100, stack(0x000000309b200000,0x000000309b300000)]
  0x000001d9dcdf1270 JavaThread "jar transforms Thread 7" [_thread_blocked, id=19032, stack(0x000000309ff00000,0x00000030a0000000)]
  0x000001d9dcdf30d0 JavaThread "jar transforms Thread 8" [_thread_blocked, id=2324, stack(0x00000030a0000000,0x00000030a0100000)]
  0x000001d9e2d255c0 JavaThread "Exec process" [_thread_blocked, id=7504, stack(0x00000030a0100000,0x00000030a0200000)]
  0x000001d9e2d24690 JavaThread "Exec process Thread 2" [_thread_blocked, id=1172, stack(0x00000030a0200000,0x00000030a0300000)]
  0x000001d9e2d20ee0 JavaThread "Exec process Thread 3" [_thread_blocked, id=21264, stack(0x00000030a0300000,0x00000030a0400000)]
  0x000001d9deeb7470 JavaThread "VFS cleanup" [_thread_blocked, id=13844, stack(0x0000003097500000,0x0000003097600000)]
  0x000001d9deeb92d0 JavaThread "Handler for socket connection from /127.0.0.1:52424 to /127.0.0.1:52566" [_thread_in_native, id=528, stack(0x0000003095e00000,0x0000003095f00000)]
  0x000001d9deeb5610 JavaThread "Cancel handler" [_thread_blocked, id=17276, stack(0x0000003095f00000,0x0000003096000000)]
  0x000001d9deeb7980 JavaThread "Asynchronous log dispatcher for DefaultDaemonConnection: socket connection from /127.0.0.1:52424 to /127.0.0.1:52566" [_thread_in_native, id=21100, stack(0x0000003098000000,0x0000003098100000)]
  0x000001d9deeb5100 JavaThread "Stdin handler" [_thread_blocked, id=1900, stack(0x0000003098100000,0x0000003098200000)]
  0x000001d9deeb6a50 JavaThread "Daemon client event forwarder" [_thread_blocked, id=4936, stack(0x0000003098300000,0x0000003098400000)]
  0x000001d9deeb5b20 JavaThread "Cache worker for file hash cache (D:\PostUp\android\.gradle\8.13\fileHashes)" [_thread_blocked, id=22328, stack(0x0000003098400000,0x0000003098500000)]
  0x000001d9deeb6030 JavaThread "Cache worker for Build Output Cleanup Cache (D:\PostUp\android\.gradle\buildOutputCleanup)" [_thread_blocked, id=19028, stack(0x0000003098500000,0x0000003098600000)]
  0x000001d9deeb6540 JavaThread "Cache worker for checksums cache (D:\PostUp\android\.gradle\8.13\checksums)" [_thread_blocked, id=12340, stack(0x0000003098a00000,0x0000003098b00000)]
  0x000001d9deeb88b0 JavaThread "Cache worker for cache directory md-supplier (C:\Users\Hamza tabani\.gradle\caches\8.13\md-supplier)" [_thread_blocked, id=13700, stack(0x0000003098900000,0x0000003098a00000)]
  0x000001d9deeb4bf0 JavaThread "Cache worker for cache directory md-rule (C:\Users\Hamza tabani\.gradle\caches\8.13\md-rule)" [_thread_blocked, id=24324, stack(0x0000003099100000,0x0000003099200000)]
  0x000001d9deeb8dc0 JavaThread "Cache worker for Build Output Cleanup Cache (D:\PostUp\node_modules\@react-native\gradle-plugin\.gradle\buildOutputCleanup)" [_thread_blocked, id=24484, stack(0x0000003099300000,0x0000003099400000)]
  0x000001d9deeb46e0 JavaThread "Unconstrained build operations" [_thread_blocked, id=15524, stack(0x0000003099400000,0x0000003099500000)]
  0x000001d9deeb2880 JavaThread "Unconstrained build operations Thread 2" [_thread_blocked, id=23540, stack(0x0000003099500000,0x0000003099600000)]
  0x000001d9deeb6f60 JavaThread "Unconstrained build operations Thread 3" [_thread_blocked, id=14284, stack(0x0000003099600000,0x0000003099700000)]
  0x000001d9deeb7e90 JavaThread "Unconstrained build operations Thread 4" [_thread_blocked, id=7836, stack(0x0000003099700000,0x0000003099800000)]
  0x000001d9e1a72ad0 JavaThread "C2 CompilerThread1" daemon [_thread_in_native, id=24000, stack(0x0000003099800000,0x0000003099900000)]

Other Threads:
  0x000001d9bb0c9900 VMThread "VM Thread" [stack: 0x0000003096700000,0x0000003096800000] [id=6644]
  0x000001d99aebb910 WatcherThread [stack: 0x0000003097300000,0x0000003097400000] [id=22440]
  0x000001d99af167e0 GCTaskThread "GC Thread#0" [stack: 0x0000003096200000,0x0000003096300000] [id=19280]
  0x000001d9bba97630 GCTaskThread "GC Thread#1" [stack: 0x0000003097600000,0x0000003097700000] [id=9732]
  0x000001d9bb627a50 GCTaskThread "GC Thread#2" [stack: 0x0000003097700000,0x0000003097800000] [id=17876]
  0x000001d9bbad1670 GCTaskThread "GC Thread#3" [stack: 0x0000003097800000,0x0000003097900000] [id=13900]
  0x000001d9bb9d5ff0 GCTaskThread "GC Thread#4" [stack: 0x0000003097900000,0x0000003097a00000] [id=7920]
  0x000001d9bb9d62b0 GCTaskThread "GC Thread#5" [stack: 0x0000003097a00000,0x0000003097b00000] [id=24196]
  0x000001d9dee2f8c0 GCTaskThread "GC Thread#6" [stack: 0x0000003098b00000,0x0000003098c00000] [id=8]
  0x000001d9dc3acd70 GCTaskThread "GC Thread#7" [stack: 0x0000003098c00000,0x0000003098d00000] [id=15356]
  0x000001d99af28550 ConcurrentGCThread "G1 Main Marker" [stack: 0x0000003096300000,0x0000003096400000] [id=10204]
  0x000001d99af29510 ConcurrentGCThread "G1 Conc#0" [stack: 0x0000003096400000,0x0000003096500000] [id=16556]
  0x000001d9dd461da0 ConcurrentGCThread "G1 Conc#1" [stack: 0x0000003098d00000,0x0000003098e00000] [id=22280]
  0x000001d9baf859f0 ConcurrentGCThread "G1 Refine#0" [stack: 0x0000003096500000,0x0000003096600000] [id=19876]
  0x000001d9db0622a0 ConcurrentGCThread "G1 Refine#1" [stack: 0x0000003097b00000,0x0000003097c00000] [id=18024]
  0x000001d9baf860d0 ConcurrentGCThread "G1 Service" [stack: 0x0000003096600000,0x0000003096700000] [id=11032]

Threads with active compile tasks:
C2 CompilerThread0    76420 16533       4       org.gradle.internal.logging.sink.OutputEventTransformer::onOutput (369 bytes)
C1 CompilerThread0    76420 16615       3       jdk.internal.reflect.MethodAccessorGenerator::emitInvoke (987 bytes)
C2 CompilerThread1    76420 16596       4       org.antlr.v4.runtime.atn.ATNState::getNumberOfTransitions (10 bytes)

VM state: not at safepoint (normal execution)

VM Mutex/Monitor currently owned by a thread: None

Heap address: 0x0000000080000000, size: 2048 MB, Compressed Oops mode: 32-bit

CDS archive(s) mapped at: [0x000001d9bc000000-0x000001d9bcbd0000-0x000001d9bcbd0000), size 12386304, SharedBaseAddress: 0x000001d9bc000000, ArchiveRelocationMode: 1.
Compressed class space mapped at: 0x000001d9bd000000-0x000001d9d7000000, reserved size: 436207616
Narrow klass base: 0x000001d9bc000000, Narrow klass shift: 0, Narrow klass range: 0x100000000

GC Precious Log:
 CPUs: 8 total, 8 available
 Memory: 16321M
 Large Page Support: Disabled
 NUMA Support: Disabled
 Compressed Oops: Enabled (32-bit)
 Heap Region Size: 1M
 Heap Min Capacity: 8M
 Heap Initial Capacity: 256M
 Heap Max Capacity: 2G
 Pre-touch: Disabled
 Parallel Workers: 8
 Concurrent Workers: 2
 Concurrent Refinement Workers: 8
 Periodic GC: Disabled

Heap:
 garbage-first heap   total 391168K, used 302016K [0x0000000080000000, 0x0000000100000000)
  region size 1024K, 74 young (75776K), 12 survivors (12288K)
 Metaspace       used 110023K, committed 111616K, reserved 557056K
  class space    used 15238K, committed 16000K, reserved 425984K

Heap Regions: E=young(eden), S=young(survivor), O=old, HS=humongous(starts), HC=humongous(continues), CS=collection set, F=free, OA=open archive, CA=closed archive, TAMS=top-at-mark-start (previous, next)
|   0|0x0000000080000000, 0x0000000080100000, 0x0000000080100000|100%|HS|  |TAMS 0x0000000080100000, 0x0000000080000000| Complete 
|   1|0x0000000080100000, 0x0000000080200000, 0x0000000080200000|100%|HC|  |TAMS 0x0000000080200000, 0x0000000080100000| Complete 
|   2|0x0000000080200000, 0x0000000080300000, 0x0000000080300000|100%|HC|  |TAMS 0x0000000080300000, 0x0000000080200000| Complete 
|   3|0x0000000080300000, 0x0000000080400000, 0x0000000080400000|100%| O|  |TAMS 0x0000000080400000, 0x0000000080300000| Untracked 
|   4|0x0000000080400000, 0x0000000080500000, 0x0000000080500000|100%| O|  |TAMS 0x0000000080500000, 0x0000000080400000| Untracked 
|   5|0x0000000080500000, 0x0000000080600000, 0x0000000080600000|100%| O|  |TAMS 0x0000000080600000, 0x0000000080500000| Untracked 
|   6|0x0000000080600000, 0x0000000080700000, 0x0000000080700000|100%|HS|  |TAMS 0x0000000080700000, 0x0000000080600000| Complete 
|   7|0x0000000080700000, 0x0000000080800000, 0x0000000080800000|100%| O|  |TAMS 0x0000000080800000, 0x0000000080700000| Untracked 
|   8|0x0000000080800000, 0x0000000080900000, 0x0000000080900000|100%| O|  |TAMS 0x0000000080900000, 0x0000000080800000| Untracked 
|   9|0x0000000080900000, 0x0000000080a00000, 0x0000000080a00000|100%| O|  |TAMS 0x0000000080a00000, 0x0000000080900000| Untracked 
|  10|0x0000000080a00000, 0x0000000080b00000, 0x0000000080b00000|100%| O|  |TAMS 0x0000000080b00000, 0x0000000080a00000| Untracked 
|  11|0x0000000080b00000, 0x0000000080c00000, 0x0000000080c00000|100%| O|  |TAMS 0x0000000080c00000, 0x0000000080b00000| Untracked 
|  12|0x0000000080c00000, 0x0000000080d00000, 0x0000000080d00000|100%| O|  |TAMS 0x0000000080d00000, 0x0000000080c00000| Untracked 
|  13|0x0000000080d00000, 0x0000000080e00000, 0x0000000080e00000|100%| O|  |TAMS 0x0000000080e00000, 0x0000000080d00000| Untracked 
|  14|0x0000000080e00000, 0x0000000080f00000, 0x0000000080f00000|100%| O|  |TAMS 0x0000000080f00000, 0x0000000080e00000| Untracked 
|  15|0x0000000080f00000, 0x0000000081000000, 0x0000000081000000|100%| O|  |TAMS 0x0000000081000000, 0x0000000080f00000| Untracked 
|  16|0x0000000081000000, 0x0000000081100000, 0x0000000081100000|100%| O|  |TAMS 0x0000000081100000, 0x0000000081000000| Untracked 
|  17|0x0000000081100000, 0x0000000081200000, 0x0000000081200000|100%| O|  |TAMS 0x0000000081200000, 0x0000000081100000| Untracked 
|  18|0x0000000081200000, 0x0000000081300000, 0x0000000081300000|100%| O|  |TAMS 0x0000000081300000, 0x0000000081200000| Untracked 
|  19|0x0000000081300000, 0x0000000081400000, 0x0000000081400000|100%| O|  |TAMS 0x0000000081400000, 0x0000000081300000| Untracked 
|  20|0x0000000081400000, 0x0000000081500000, 0x0000000081500000|100%| O|  |TAMS 0x0000000081500000, 0x0000000081400000| Untracked 
|  21|0x0000000081500000, 0x0000000081600000, 0x0000000081600000|100%| O|  |TAMS 0x0000000081600000, 0x0000000081500000| Untracked 
|  22|0x0000000081600000, 0x0000000081700000, 0x0000000081700000|100%| O|  |TAMS 0x0000000081700000, 0x0000000081600000| Untracked 
|  23|0x0000000081700000, 0x0000000081800000, 0x0000000081800000|100%| O|  |TAMS 0x0000000081800000, 0x0000000081700000| Untracked 
|  24|0x0000000081800000, 0x0000000081900000, 0x0000000081900000|100%| O|  |TAMS 0x0000000081900000, 0x0000000081800000| Untracked 
|  25|0x0000000081900000, 0x0000000081a00000, 0x0000000081a00000|100%| O|  |TAMS 0x0000000081a00000, 0x0000000081900000| Untracked 
|  26|0x0000000081a00000, 0x0000000081b00000, 0x0000000081b00000|100%|HS|  |TAMS 0x0000000081a00000, 0x0000000081a00000| Complete 
|  27|0x0000000081b00000, 0x0000000081c00000, 0x0000000081c00000|100%| O|  |TAMS 0x0000000081c00000, 0x0000000081b00000| Untracked 
|  28|0x0000000081c00000, 0x0000000081d00000, 0x0000000081d00000|100%| O|  |TAMS 0x0000000081d00000, 0x0000000081c00000| Untracked 
|  29|0x0000000081d00000, 0x0000000081e00000, 0x0000000081e00000|100%| O|  |TAMS 0x0000000081e00000, 0x0000000081d00000| Untracked 
|  30|0x0000000081e00000, 0x0000000081f00000, 0x0000000081f00000|100%| O|  |TAMS 0x0000000081f00000, 0x0000000081e00000| Untracked 
|  31|0x0000000081f00000, 0x0000000082000000, 0x0000000082000000|100%| O|  |TAMS 0x0000000082000000, 0x0000000081f00000| Untracked 
|  32|0x0000000082000000, 0x0000000082100000, 0x0000000082100000|100%| O|  |TAMS 0x0000000082100000, 0x0000000082000000| Untracked 
|  33|0x0000000082100000, 0x0000000082200000, 0x0000000082200000|100%| O|  |TAMS 0x0000000082200000, 0x0000000082100000| Untracked 
|  34|0x0000000082200000, 0x0000000082300000, 0x0000000082300000|100%| O|  |TAMS 0x0000000082300000, 0x0000000082200000| Untracked 
|  35|0x0000000082300000, 0x0000000082400000, 0x0000000082400000|100%| O|  |TAMS 0x0000000082400000, 0x0000000082300000| Untracked 
|  36|0x0000000082400000, 0x0000000082500000, 0x0000000082500000|100%| O|  |TAMS 0x0000000082500000, 0x0000000082400000| Untracked 
|  37|0x0000000082500000, 0x0000000082600000, 0x0000000082600000|100%| O|  |TAMS 0x0000000082600000, 0x0000000082500000| Untracked 
|  38|0x0000000082600000, 0x0000000082700000, 0x0000000082700000|100%| O|  |TAMS 0x0000000082700000, 0x0000000082600000| Untracked 
|  39|0x0000000082700000, 0x0000000082800000, 0x0000000082800000|100%| O|  |TAMS 0x0000000082800000, 0x0000000082700000| Untracked 
|  40|0x0000000082800000, 0x0000000082900000, 0x0000000082900000|100%| O|  |TAMS 0x0000000082900000, 0x0000000082800000| Untracked 
|  41|0x0000000082900000, 0x0000000082a00000, 0x0000000082a00000|100%|HS|  |TAMS 0x0000000082a00000, 0x0000000082900000| Complete 
|  42|0x0000000082a00000, 0x0000000082b00000, 0x0000000082b00000|100%|HC|  |TAMS 0x0000000082b00000, 0x0000000082a00000| Complete 
|  43|0x0000000082b00000, 0x0000000082c00000, 0x0000000082c00000|100%|HS|  |TAMS 0x0000000082c00000, 0x0000000082b00000| Complete 
|  44|0x0000000082c00000, 0x0000000082d00000, 0x0000000082d00000|100%|HC|  |TAMS 0x0000000082d00000, 0x0000000082c00000| Complete 
|  45|0x0000000082d00000, 0x0000000082e00000, 0x0000000082e00000|100%|HC|  |TAMS 0x0000000082e00000, 0x0000000082d00000| Complete 
|  46|0x0000000082e00000, 0x0000000082f00000, 0x0000000082f00000|100%| O|  |TAMS 0x0000000082f00000, 0x0000000082e00000| Untracked 
|  47|0x0000000082f00000, 0x0000000083000000, 0x0000000083000000|100%| O|  |TAMS 0x0000000082f00000, 0x0000000082f00000| Untracked 
|  48|0x0000000083000000, 0x0000000083100000, 0x0000000083100000|100%| O|  |TAMS 0x0000000083100000, 0x0000000083000000| Untracked 
|  49|0x0000000083100000, 0x0000000083200000, 0x0000000083200000|100%| O|  |TAMS 0x0000000083200000, 0x0000000083100000| Untracked 
|  50|0x0000000083200000, 0x0000000083300000, 0x0000000083300000|100%|HS|  |TAMS 0x0000000083300000, 0x0000000083200000| Complete 
|  51|0x0000000083300000, 0x0000000083400000, 0x0000000083400000|100%|HC|  |TAMS 0x0000000083400000, 0x0000000083300000| Complete 
|  52|0x0000000083400000, 0x0000000083500000, 0x0000000083500000|100%| O|  |TAMS 0x0000000083500000, 0x0000000083400000| Untracked 
|  53|0x0000000083500000, 0x00000000835ffff8, 0x0000000083600000| 99%| O|  |TAMS 0x00000000835ffff8, 0x0000000083500000| Untracked 
|  54|0x0000000083600000, 0x0000000083700000, 0x0000000083700000|100%| O|  |TAMS 0x0000000083700000, 0x0000000083600000| Untracked 
|  55|0x0000000083700000, 0x0000000083800000, 0x0000000083800000|100%|HS|  |TAMS 0x0000000083800000, 0x0000000083700000| Complete 
|  56|0x0000000083800000, 0x0000000083900000, 0x0000000083900000|100%|HC|  |TAMS 0x0000000083900000, 0x0000000083800000| Complete 
|  57|0x0000000083900000, 0x0000000083a00000, 0x0000000083a00000|100%|HC|  |TAMS 0x0000000083a00000, 0x0000000083900000| Complete 
|  58|0x0000000083a00000, 0x0000000083b00000, 0x0000000083b00000|100%| O|  |TAMS 0x0000000083b00000, 0x0000000083a00000| Untracked 
|  59|0x0000000083b00000, 0x0000000083c00000, 0x0000000083c00000|100%| O|  |TAMS 0x0000000083c00000, 0x0000000083b00000| Untracked 
|  60|0x0000000083c00000, 0x0000000083d00000, 0x0000000083d00000|100%| O|  |TAMS 0x0000000083d00000, 0x0000000083c00000| Untracked 
|  61|0x0000000083d00000, 0x0000000083e00000, 0x0000000083e00000|100%| O|  |TAMS 0x0000000083e00000, 0x0000000083d00000| Untracked 
|  62|0x0000000083e00000, 0x0000000083f00000, 0x0000000083f00000|100%| O|  |TAMS 0x0000000083f00000, 0x0000000083e00000| Untracked 
|  63|0x0000000083f00000, 0x0000000084000000, 0x0000000084000000|100%| O|  |TAMS 0x0000000084000000, 0x0000000083f00000| Untracked 
|  64|0x0000000084000000, 0x0000000084100000, 0x0000000084100000|100%| O|  |TAMS 0x0000000084100000, 0x0000000084000000| Untracked 
|  65|0x0000000084100000, 0x0000000084200000, 0x0000000084200000|100%| O|  |TAMS 0x0000000084200000, 0x0000000084100000| Untracked 
|  66|0x0000000084200000, 0x0000000084300000, 0x0000000084300000|100%| O|  |TAMS 0x0000000084300000, 0x0000000084200000| Untracked 
|  67|0x0000000084300000, 0x0000000084400000, 0x0000000084400000|100%| O|  |TAMS 0x00000000843dca00, 0x0000000084300000| Untracked 
|  68|0x0000000084400000, 0x0000000084500000, 0x0000000084500000|100%| O|  |TAMS 0x0000000084400000, 0x0000000084400000| Untracked 
|  69|0x0000000084500000, 0x0000000084600000, 0x0000000084600000|100%| O|  |TAMS 0x0000000084500000, 0x0000000084500000| Untracked 
|  70|0x0000000084600000, 0x0000000084700000, 0x0000000084700000|100%| O|  |TAMS 0x0000000084600000, 0x0000000084600000| Untracked 
|  71|0x0000000084700000, 0x0000000084800000, 0x0000000084800000|100%| O|  |TAMS 0x0000000084700000, 0x0000000084700000| Untracked 
|  72|0x0000000084800000, 0x0000000084900000, 0x0000000084900000|100%| O|  |TAMS 0x0000000084800000, 0x0000000084800000| Untracked 
|  73|0x0000000084900000, 0x0000000084a00000, 0x0000000084a00000|100%| O|  |TAMS 0x0000000084900000, 0x0000000084900000| Untracked 
|  74|0x0000000084a00000, 0x0000000084b00000, 0x0000000084b00000|100%| O|  |TAMS 0x0000000084a00000, 0x0000000084a00000| Untracked 
|  75|0x0000000084b00000, 0x0000000084c00000, 0x0000000084c00000|100%| O|  |TAMS 0x0000000084b00000, 0x0000000084b00000| Untracked 
|  76|0x0000000084c00000, 0x0000000084d00000, 0x0000000084d00000|100%|HS|  |TAMS 0x0000000084c00000, 0x0000000084c00000| Complete 
|  77|0x0000000084d00000, 0x0000000084e00000, 0x0000000084e00000|100%|HS|  |TAMS 0x0000000084d00000, 0x0000000084d00000| Complete 
|  78|0x0000000084e00000, 0x0000000084f00000, 0x0000000084f00000|100%|HS|  |TAMS 0x0000000084e00000, 0x0000000084e00000| Complete 
|  79|0x0000000084f00000, 0x0000000085000000, 0x0000000085000000|100%| O|  |TAMS 0x0000000084f00000, 0x0000000084f00000| Untracked 
|  80|0x0000000085000000, 0x0000000085100000, 0x0000000085100000|100%|HS|  |TAMS 0x0000000085000000, 0x0000000085000000| Complete 
|  81|0x0000000085100000, 0x0000000085200000, 0x0000000085200000|100%|HS|  |TAMS 0x0000000085100000, 0x0000000085100000| Complete 
|  82|0x0000000085200000, 0x0000000085300000, 0x0000000085300000|100%| O|  |TAMS 0x0000000085200000, 0x0000000085200000| Untracked 
|  83|0x0000000085300000, 0x0000000085400000, 0x0000000085400000|100%| O|  |TAMS 0x0000000085300000, 0x0000000085300000| Untracked 
|  84|0x0000000085400000, 0x0000000085500000, 0x0000000085500000|100%| O|  |TAMS 0x0000000085400000, 0x0000000085400000| Untracked 
|  85|0x0000000085500000, 0x0000000085600000, 0x0000000085600000|100%| O|  |TAMS 0x0000000085500000, 0x0000000085500000| Untracked 
|  86|0x0000000085600000, 0x0000000085700000, 0x0000000085700000|100%| O|  |TAMS 0x0000000085600000, 0x0000000085600000| Untracked 
|  87|0x0000000085700000, 0x0000000085800000, 0x0000000085800000|100%| O|  |TAMS 0x0000000085700000, 0x0000000085700000| Untracked 
|  88|0x0000000085800000, 0x0000000085900000, 0x0000000085900000|100%| O|  |TAMS 0x0000000085800000, 0x0000000085800000| Untracked 
|  89|0x0000000085900000, 0x0000000085a00000, 0x0000000085a00000|100%| O|  |TAMS 0x0000000085900000, 0x0000000085900000| Untracked 
|  90|0x0000000085a00000, 0x0000000085b00000, 0x0000000085b00000|100%|HS|  |TAMS 0x0000000085a00000, 0x0000000085a00000| Complete 
|  91|0x0000000085b00000, 0x0000000085c00000, 0x0000000085c00000|100%|HC|  |TAMS 0x0000000085b00000, 0x0000000085b00000| Complete 
|  92|0x0000000085c00000, 0x0000000085d00000, 0x0000000085d00000|100%| O|  |TAMS 0x0000000085c00000, 0x0000000085c00000| Untracked 
|  93|0x0000000085d00000, 0x0000000085e00000, 0x0000000085e00000|100%|HS|  |TAMS 0x0000000085d00000, 0x0000000085d00000| Complete 
|  94|0x0000000085e00000, 0x0000000085f00000, 0x0000000085f00000|100%| O|  |TAMS 0x0000000085e00000, 0x0000000085e00000| Untracked 
|  95|0x0000000085f00000, 0x0000000086000000, 0x0000000086000000|100%| O|  |TAMS 0x0000000085f00000, 0x0000000085f00000| Untracked 
|  96|0x0000000086000000, 0x0000000086100000, 0x0000000086100000|100%| O|  |TAMS 0x0000000086000000, 0x0000000086000000| Untracked 
|  97|0x0000000086100000, 0x0000000086200000, 0x0000000086200000|100%| O|  |TAMS 0x0000000086100000, 0x0000000086100000| Untracked 
|  98|0x0000000086200000, 0x0000000086300000, 0x0000000086300000|100%| O|  |TAMS 0x0000000086200000, 0x0000000086200000| Untracked 
|  99|0x0000000086300000, 0x0000000086400000, 0x0000000086400000|100%| O|  |TAMS 0x0000000086300000, 0x0000000086300000| Untracked 
| 100|0x0000000086400000, 0x0000000086500000, 0x0000000086500000|100%| O|  |TAMS 0x0000000086400000, 0x0000000086400000| Untracked 
| 101|0x0000000086500000, 0x0000000086600000, 0x0000000086600000|100%| O|  |TAMS 0x0000000086500000, 0x0000000086500000| Untracked 
| 102|0x0000000086600000, 0x0000000086700000, 0x0000000086700000|100%| O|  |TAMS 0x0000000086600000, 0x0000000086600000| Untracked 
| 103|0x0000000086700000, 0x0000000086800000, 0x0000000086800000|100%| O|  |TAMS 0x0000000086700000, 0x0000000086700000| Untracked 
| 104|0x0000000086800000, 0x0000000086900000, 0x0000000086900000|100%| O|  |TAMS 0x0000000086800000, 0x0000000086800000| Untracked 
| 105|0x0000000086900000, 0x0000000086a00000, 0x0000000086a00000|100%| O|  |TAMS 0x0000000086900000, 0x0000000086900000| Untracked 
| 106|0x0000000086a00000, 0x0000000086b00000, 0x0000000086b00000|100%| O|  |TAMS 0x0000000086a00000, 0x0000000086a00000| Untracked 
| 107|0x0000000086b00000, 0x0000000086c00000, 0x0000000086c00000|100%| O|  |TAMS 0x0000000086b00000, 0x0000000086b00000| Untracked 
| 108|0x0000000086c00000, 0x0000000086d00000, 0x0000000086d00000|100%| O|  |TAMS 0x0000000086c00000, 0x0000000086c00000| Untracked 
| 109|0x0000000086d00000, 0x0000000086e00000, 0x0000000086e00000|100%| O|  |TAMS 0x0000000086d00000, 0x0000000086d00000| Untracked 
| 110|0x0000000086e00000, 0x0000000086f00000, 0x0000000086f00000|100%| O|  |TAMS 0x0000000086e00000, 0x0000000086e00000| Untracked 
| 111|0x0000000086f00000, 0x0000000087000000, 0x0000000087000000|100%| O|  |TAMS 0x0000000086f00000, 0x0000000086f00000| Untracked 
| 112|0x0000000087000000, 0x0000000087100000, 0x0000000087100000|100%| O|  |TAMS 0x0000000087000000, 0x0000000087000000| Untracked 
| 113|0x0000000087100000, 0x0000000087200000, 0x0000000087200000|100%| O|  |TAMS 0x0000000087100000, 0x0000000087100000| Untracked 
| 114|0x0000000087200000, 0x0000000087300000, 0x0000000087300000|100%| O|  |TAMS 0x0000000087200000, 0x0000000087200000| Untracked 
| 115|0x0000000087300000, 0x0000000087400000, 0x0000000087400000|100%| O|  |TAMS 0x0000000087300000, 0x0000000087300000| Untracked 
| 116|0x0000000087400000, 0x0000000087500000, 0x0000000087500000|100%| O|  |TAMS 0x0000000087400000, 0x0000000087400000| Untracked 
| 117|0x0000000087500000, 0x0000000087600000, 0x0000000087600000|100%| O|  |TAMS 0x0000000087500000, 0x0000000087500000| Untracked 
| 118|0x0000000087600000, 0x0000000087700000, 0x0000000087700000|100%| O|  |TAMS 0x0000000087600000, 0x0000000087600000| Untracked 
| 119|0x0000000087700000, 0x0000000087800000, 0x0000000087800000|100%| O|  |TAMS 0x0000000087700000, 0x0000000087700000| Untracked 
| 120|0x0000000087800000, 0x0000000087900000, 0x0000000087900000|100%| O|  |TAMS 0x0000000087800000, 0x0000000087800000| Untracked 
| 121|0x0000000087900000, 0x0000000087a00000, 0x0000000087a00000|100%| O|  |TAMS 0x0000000087900000, 0x0000000087900000| Untracked 
| 122|0x0000000087a00000, 0x0000000087b00000, 0x0000000087b00000|100%| O|  |TAMS 0x0000000087a00000, 0x0000000087a00000| Untracked 
| 123|0x0000000087b00000, 0x0000000087c00000, 0x0000000087c00000|100%| O|  |TAMS 0x0000000087b00000, 0x0000000087b00000| Untracked 
| 124|0x0000000087c00000, 0x0000000087d00000, 0x0000000087d00000|100%| O|  |TAMS 0x0000000087c00000, 0x0000000087c00000| Untracked 
| 125|0x0000000087d00000, 0x0000000087e00000, 0x0000000087e00000|100%| O|  |TAMS 0x0000000087d00000, 0x0000000087d00000| Untracked 
| 126|0x0000000087e00000, 0x0000000087f00000, 0x0000000087f00000|100%| O|  |TAMS 0x0000000087e00000, 0x0000000087e00000| Untracked 
| 127|0x0000000087f00000, 0x0000000088000000, 0x0000000088000000|100%| O|  |TAMS 0x0000000087f00000, 0x0000000087f00000| Untracked 
| 128|0x0000000088000000, 0x0000000088100000, 0x0000000088100000|100%| O|  |TAMS 0x0000000088000000, 0x0000000088000000| Untracked 
| 129|0x0000000088100000, 0x0000000088200000, 0x0000000088200000|100%| O|  |TAMS 0x0000000088100000, 0x0000000088100000| Untracked 
| 130|0x0000000088200000, 0x0000000088300000, 0x0000000088300000|100%| O|  |TAMS 0x0000000088200000, 0x0000000088200000| Untracked 
| 131|0x0000000088300000, 0x0000000088400000, 0x0000000088400000|100%| O|  |TAMS 0x0000000088300000, 0x0000000088300000| Untracked 
| 132|0x0000000088400000, 0x0000000088500000, 0x0000000088500000|100%| O|  |TAMS 0x0000000088400000, 0x0000000088400000| Untracked 
| 133|0x0000000088500000, 0x0000000088600000, 0x0000000088600000|100%| O|  |TAMS 0x0000000088500000, 0x0000000088500000| Untracked 
| 134|0x0000000088600000, 0x0000000088700000, 0x0000000088700000|100%| O|  |TAMS 0x0000000088600000, 0x0000000088600000| Untracked 
| 135|0x0000000088700000, 0x0000000088800000, 0x0000000088800000|100%| O|  |TAMS 0x0000000088700000, 0x0000000088700000| Untracked 
| 136|0x0000000088800000, 0x0000000088900000, 0x0000000088900000|100%| O|  |TAMS 0x0000000088800000, 0x0000000088800000| Untracked 
| 137|0x0000000088900000, 0x0000000088a00000, 0x0000000088a00000|100%| O|  |TAMS 0x0000000088900000, 0x0000000088900000| Untracked 
| 138|0x0000000088a00000, 0x0000000088b00000, 0x0000000088b00000|100%| O|  |TAMS 0x0000000088a00000, 0x0000000088a00000| Untracked 
| 139|0x0000000088b00000, 0x0000000088c00000, 0x0000000088c00000|100%| O|  |TAMS 0x0000000088b00000, 0x0000000088b00000| Untracked 
| 140|0x0000000088c00000, 0x0000000088d00000, 0x0000000088d00000|100%| O|  |TAMS 0x0000000088c00000, 0x0000000088c00000| Untracked 
| 141|0x0000000088d00000, 0x0000000088e00000, 0x0000000088e00000|100%| O|  |TAMS 0x0000000088d00000, 0x0000000088d00000| Untracked 
| 142|0x0000000088e00000, 0x0000000088f00000, 0x0000000088f00000|100%| O|  |TAMS 0x0000000088e00000, 0x0000000088e00000| Untracked 
| 143|0x0000000088f00000, 0x0000000089000000, 0x0000000089000000|100%| O|  |TAMS 0x0000000088f00000, 0x0000000088f00000| Untracked 
| 144|0x0000000089000000, 0x0000000089100000, 0x0000000089100000|100%| O|  |TAMS 0x0000000089000000, 0x0000000089000000| Untracked 
| 145|0x0000000089100000, 0x0000000089200000, 0x0000000089200000|100%| O|  |TAMS 0x0000000089100000, 0x0000000089100000| Untracked 
| 146|0x0000000089200000, 0x0000000089300000, 0x0000000089300000|100%| O|  |TAMS 0x0000000089200000, 0x0000000089200000| Untracked 
| 147|0x0000000089300000, 0x0000000089400000, 0x0000000089400000|100%| O|  |TAMS 0x0000000089300000, 0x0000000089300000| Untracked 
| 148|0x0000000089400000, 0x0000000089500000, 0x0000000089500000|100%|HS|  |TAMS 0x0000000089400000, 0x0000000089400000| Complete 
| 149|0x0000000089500000, 0x0000000089600000, 0x0000000089600000|100%|HS|  |TAMS 0x0000000089500000, 0x0000000089500000| Complete 
| 150|0x0000000089600000, 0x0000000089700000, 0x0000000089700000|100%|HS|  |TAMS 0x0000000089600000, 0x0000000089600000| Complete 
| 151|0x0000000089700000, 0x0000000089800000, 0x0000000089800000|100%|HC|  |TAMS 0x0000000089700000, 0x0000000089700000| Complete 
| 152|0x0000000089800000, 0x0000000089900000, 0x0000000089900000|100%| O|  |TAMS 0x0000000089800000, 0x0000000089800000| Untracked 
| 153|0x0000000089900000, 0x0000000089a00000, 0x0000000089a00000|100%| O|  |TAMS 0x0000000089900000, 0x0000000089900000| Untracked 
| 154|0x0000000089a00000, 0x0000000089b00000, 0x0000000089b00000|100%| O|  |TAMS 0x0000000089a00000, 0x0000000089a00000| Untracked 
| 155|0x0000000089b00000, 0x0000000089c00000, 0x0000000089c00000|100%| O|  |TAMS 0x0000000089b00000, 0x0000000089b00000| Untracked 
| 156|0x0000000089c00000, 0x0000000089d00000, 0x0000000089d00000|100%| O|  |TAMS 0x0000000089c00000, 0x0000000089c00000| Untracked 
| 157|0x0000000089d00000, 0x0000000089e00000, 0x0000000089e00000|100%| O|  |TAMS 0x0000000089d00000, 0x0000000089d00000| Untracked 
| 158|0x0000000089e00000, 0x0000000089f00000, 0x0000000089f00000|100%| O|  |TAMS 0x0000000089e00000, 0x0000000089e00000| Untracked 
| 159|0x0000000089f00000, 0x000000008a000000, 0x000000008a000000|100%| O|  |TAMS 0x0000000089f00000, 0x0000000089f00000| Untracked 
| 160|0x000000008a000000, 0x000000008a100000, 0x000000008a100000|100%| O|  |TAMS 0x000000008a000000, 0x000000008a000000| Untracked 
| 161|0x000000008a100000, 0x000000008a200000, 0x000000008a200000|100%| O|  |TAMS 0x000000008a100000, 0x000000008a100000| Untracked 
| 162|0x000000008a200000, 0x000000008a300000, 0x000000008a300000|100%| O|  |TAMS 0x000000008a200000, 0x000000008a200000| Untracked 
| 163|0x000000008a300000, 0x000000008a400000, 0x000000008a400000|100%| O|  |TAMS 0x000000008a300000, 0x000000008a300000| Untracked 
| 164|0x000000008a400000, 0x000000008a500000, 0x000000008a500000|100%| O|  |TAMS 0x000000008a400000, 0x000000008a400000| Untracked 
| 165|0x000000008a500000, 0x000000008a600000, 0x000000008a600000|100%| O|  |TAMS 0x000000008a500000, 0x000000008a500000| Untracked 
| 166|0x000000008a600000, 0x000000008a700000, 0x000000008a700000|100%| O|  |TAMS 0x000000008a600000, 0x000000008a600000| Untracked 
| 167|0x000000008a700000, 0x000000008a800000, 0x000000008a800000|100%| O|  |TAMS 0x000000008a700000, 0x000000008a700000| Untracked 
| 168|0x000000008a800000, 0x000000008a900000, 0x000000008a900000|100%| O|  |TAMS 0x000000008a800000, 0x000000008a800000| Untracked 
| 169|0x000000008a900000, 0x000000008aa00000, 0x000000008aa00000|100%| O|  |TAMS 0x000000008a900000, 0x000000008a900000| Untracked 
| 170|0x000000008aa00000, 0x000000008ab00000, 0x000000008ab00000|100%| O|  |TAMS 0x000000008aa00000, 0x000000008aa00000| Untracked 
| 171|0x000000008ab00000, 0x000000008ac00000, 0x000000008ac00000|100%| O|  |TAMS 0x000000008ab00000, 0x000000008ab00000| Untracked 
| 172|0x000000008ac00000, 0x000000008ad00000, 0x000000008ad00000|100%| O|  |TAMS 0x000000008ac00000, 0x000000008ac00000| Untracked 
| 173|0x000000008ad00000, 0x000000008ae00000, 0x000000008ae00000|100%| O|  |TAMS 0x000000008ad00000, 0x000000008ad00000| Untracked 
| 174|0x000000008ae00000, 0x000000008af00000, 0x000000008af00000|100%| O|  |TAMS 0x000000008ae00000, 0x000000008ae00000| Untracked 
| 175|0x000000008af00000, 0x000000008b000000, 0x000000008b000000|100%|HS|  |TAMS 0x000000008af00000, 0x000000008af00000| Complete 
| 176|0x000000008b000000, 0x000000008b100000, 0x000000008b100000|100%|HS|  |TAMS 0x000000008b000000, 0x000000008b000000| Complete 
| 177|0x000000008b100000, 0x000000008b200000, 0x000000008b200000|100%| O|  |TAMS 0x000000008b100000, 0x000000008b100000| Untracked 
| 178|0x000000008b200000, 0x000000008b300000, 0x000000008b300000|100%| O|  |TAMS 0x000000008b200000, 0x000000008b200000| Untracked 
| 179|0x000000008b300000, 0x000000008b400000, 0x000000008b400000|100%| O|  |TAMS 0x000000008b300000, 0x000000008b300000| Untracked 
| 180|0x000000008b400000, 0x000000008b500000, 0x000000008b500000|100%| O|  |TAMS 0x000000008b400000, 0x000000008b400000| Untracked 
| 181|0x000000008b500000, 0x000000008b600000, 0x000000008b600000|100%| O|  |TAMS 0x000000008b500000, 0x000000008b500000| Untracked 
| 182|0x000000008b600000, 0x000000008b700000, 0x000000008b700000|100%| O|  |TAMS 0x000000008b600000, 0x000000008b600000| Untracked 
| 183|0x000000008b700000, 0x000000008b800000, 0x000000008b800000|100%| O|  |TAMS 0x000000008b700000, 0x000000008b700000| Untracked 
| 184|0x000000008b800000, 0x000000008b900000, 0x000000008b900000|100%| O|  |TAMS 0x000000008b800000, 0x000000008b800000| Untracked 
| 185|0x000000008b900000, 0x000000008ba00000, 0x000000008ba00000|100%| O|  |TAMS 0x000000008b900000, 0x000000008b900000| Untracked 
| 186|0x000000008ba00000, 0x000000008bb00000, 0x000000008bb00000|100%| O|  |TAMS 0x000000008ba00000, 0x000000008ba00000| Untracked 
| 187|0x000000008bb00000, 0x000000008bc00000, 0x000000008bc00000|100%| O|  |TAMS 0x000000008bb00000, 0x000000008bb00000| Untracked 
| 188|0x000000008bc00000, 0x000000008bd00000, 0x000000008bd00000|100%| O|  |TAMS 0x000000008bc00000, 0x000000008bc00000| Untracked 
| 189|0x000000008bd00000, 0x000000008be00000, 0x000000008be00000|100%| O|  |TAMS 0x000000008bd00000, 0x000000008bd00000| Untracked 
| 190|0x000000008be00000, 0x000000008bf00000, 0x000000008bf00000|100%| O|  |TAMS 0x000000008be00000, 0x000000008be00000| Untracked 
| 191|0x000000008bf00000, 0x000000008c000000, 0x000000008c000000|100%| O|  |TAMS 0x000000008bf00000, 0x000000008bf00000| Untracked 
| 192|0x000000008c000000, 0x000000008c100000, 0x000000008c100000|100%| O|  |TAMS 0x000000008c000000, 0x000000008c000000| Untracked 
| 193|0x000000008c100000, 0x000000008c200000, 0x000000008c200000|100%| O|  |TAMS 0x000000008c100000, 0x000000008c100000| Untracked 
| 194|0x000000008c200000, 0x000000008c300000, 0x000000008c300000|100%|HS|  |TAMS 0x000000008c200000, 0x000000008c200000| Complete 
| 195|0x000000008c300000, 0x000000008c400000, 0x000000008c400000|100%|HS|  |TAMS 0x000000008c300000, 0x000000008c300000| Complete 
| 196|0x000000008c400000, 0x000000008c500000, 0x000000008c500000|100%|HS|  |TAMS 0x000000008c400000, 0x000000008c400000| Complete 
| 197|0x000000008c500000, 0x000000008c600000, 0x000000008c600000|100%| O|  |TAMS 0x000000008c500000, 0x000000008c500000| Untracked 
| 198|0x000000008c600000, 0x000000008c700000, 0x000000008c700000|100%| O|  |TAMS 0x000000008c600000, 0x000000008c600000| Untracked 
| 199|0x000000008c700000, 0x000000008c800000, 0x000000008c800000|100%| O|  |TAMS 0x000000008c700000, 0x000000008c700000| Untracked 
| 200|0x000000008c800000, 0x000000008c900000, 0x000000008c900000|100%| O|  |TAMS 0x000000008c800000, 0x000000008c800000| Untracked 
| 201|0x000000008c900000, 0x000000008ca00000, 0x000000008ca00000|100%| O|  |TAMS 0x000000008c900000, 0x000000008c900000| Untracked 
| 202|0x000000008ca00000, 0x000000008cb00000, 0x000000008cb00000|100%| O|  |TAMS 0x000000008ca00000, 0x000000008ca00000| Untracked 
| 203|0x000000008cb00000, 0x000000008cc00000, 0x000000008cc00000|100%| O|  |TAMS 0x000000008cb00000, 0x000000008cb00000| Untracked 
| 204|0x000000008cc00000, 0x000000008cd00000, 0x000000008cd00000|100%| O|  |TAMS 0x000000008cc00000, 0x000000008cc00000| Untracked 
| 205|0x000000008cd00000, 0x000000008ce00000, 0x000000008ce00000|100%| O|  |TAMS 0x000000008cd00000, 0x000000008cd00000| Untracked 
| 206|0x000000008ce00000, 0x000000008cf00000, 0x000000008cf00000|100%| O|  |TAMS 0x000000008ce00000, 0x000000008ce00000| Untracked 
| 207|0x000000008cf00000, 0x000000008d000000, 0x000000008d000000|100%| O|  |TAMS 0x000000008cf00000, 0x000000008cf00000| Untracked 
| 208|0x000000008d000000, 0x000000008d100000, 0x000000008d100000|100%| O|  |TAMS 0x000000008d000000, 0x000000008d000000| Untracked 
| 209|0x000000008d100000, 0x000000008d200000, 0x000000008d200000|100%| O|  |TAMS 0x000000008d100000, 0x000000008d100000| Untracked 
| 210|0x000000008d200000, 0x000000008d300000, 0x000000008d300000|100%| O|  |TAMS 0x000000008d200000, 0x000000008d200000| Untracked 
| 211|0x000000008d300000, 0x000000008d400000, 0x000000008d400000|100%| O|  |TAMS 0x000000008d300000, 0x000000008d300000| Untracked 
| 212|0x000000008d400000, 0x000000008d500000, 0x000000008d500000|100%| O|  |TAMS 0x000000008d400000, 0x000000008d400000| Untracked 
| 213|0x000000008d500000, 0x000000008d600000, 0x000000008d600000|100%| O|  |TAMS 0x000000008d500000, 0x000000008d500000| Untracked 
| 214|0x000000008d600000, 0x000000008d700000, 0x000000008d700000|100%| O|  |TAMS 0x000000008d600000, 0x000000008d600000| Untracked 
| 215|0x000000008d700000, 0x000000008d800000, 0x000000008d800000|100%| O|  |TAMS 0x000000008d700000, 0x000000008d700000| Untracked 
| 216|0x000000008d800000, 0x000000008d900000, 0x000000008d900000|100%| O|  |TAMS 0x000000008d800000, 0x000000008d800000| Untracked 
| 217|0x000000008d900000, 0x000000008da00000, 0x000000008da00000|100%| O|  |TAMS 0x000000008d900000, 0x000000008d900000| Untracked 
| 218|0x000000008da00000, 0x000000008db00000, 0x000000008db00000|100%|HS|  |TAMS 0x000000008da00000, 0x000000008da00000| Complete 
| 219|0x000000008db00000, 0x000000008dc00000, 0x000000008dc00000|100%|HS|  |TAMS 0x000000008db00000, 0x000000008db00000| Complete 
| 220|0x000000008dc00000, 0x000000008dc00000, 0x000000008dd00000|  0%| F|  |TAMS 0x000000008dc00000, 0x000000008dc00000| Untracked 
| 221|0x000000008dd00000, 0x000000008dd00000, 0x000000008de00000|  0%| F|  |TAMS 0x000000008dd00000, 0x000000008dd00000| Untracked 
| 222|0x000000008de00000, 0x000000008de00000, 0x000000008df00000|  0%| F|  |TAMS 0x000000008de00000, 0x000000008de00000| Untracked 
| 223|0x000000008df00000, 0x000000008df00000, 0x000000008e000000|  0%| F|  |TAMS 0x000000008df00000, 0x000000008df00000| Untracked 
| 224|0x000000008e000000, 0x000000008e000000, 0x000000008e100000|  0%| F|  |TAMS 0x000000008e000000, 0x000000008e000000| Untracked 
| 225|0x000000008e100000, 0x000000008e200000, 0x000000008e200000|100%| O|  |TAMS 0x000000008e100000, 0x000000008e100000| Untracked 
| 226|0x000000008e200000, 0x000000008e2f0400, 0x000000008e300000| 93%| O|  |TAMS 0x000000008e200000, 0x000000008e200000| Untracked 
| 227|0x000000008e300000, 0x000000008e300000, 0x000000008e400000|  0%| F|  |TAMS 0x000000008e300000, 0x000000008e300000| Untracked 
| 228|0x000000008e400000, 0x000000008e400000, 0x000000008e500000|  0%| F|  |TAMS 0x000000008e400000, 0x000000008e400000| Untracked 
| 229|0x000000008e500000, 0x000000008e500000, 0x000000008e600000|  0%| F|  |TAMS 0x000000008e500000, 0x000000008e500000| Untracked 
| 230|0x000000008e600000, 0x000000008e600000, 0x000000008e700000|  0%| F|  |TAMS 0x000000008e600000, 0x000000008e600000| Untracked 
| 231|0x000000008e700000, 0x000000008e700000, 0x000000008e800000|  0%| F|  |TAMS 0x000000008e700000, 0x000000008e700000| Untracked 
| 232|0x000000008e800000, 0x000000008e800000, 0x000000008e900000|  0%| F|  |TAMS 0x000000008e800000, 0x000000008e800000| Untracked 
| 233|0x000000008e900000, 0x000000008e900000, 0x000000008ea00000|  0%| F|  |TAMS 0x000000008e900000, 0x000000008e900000| Untracked 
| 234|0x000000008ea00000, 0x000000008ea00000, 0x000000008eb00000|  0%| F|  |TAMS 0x000000008ea00000, 0x000000008ea00000| Untracked 
| 235|0x000000008eb00000, 0x000000008eb00000, 0x000000008ec00000|  0%| F|  |TAMS 0x000000008eb00000, 0x000000008eb00000| Untracked 
| 236|0x000000008ec00000, 0x000000008ec00000, 0x000000008ed00000|  0%| F|  |TAMS 0x000000008ec00000, 0x000000008ec00000| Untracked 
| 237|0x000000008ed00000, 0x000000008ed00000, 0x000000008ee00000|  0%| F|  |TAMS 0x000000008ed00000, 0x000000008ed00000| Untracked 
| 238|0x000000008ee00000, 0x000000008ee00000, 0x000000008ef00000|  0%| F|  |TAMS 0x000000008ee00000, 0x000000008ee00000| Untracked 
| 239|0x000000008ef00000, 0x000000008ef00000, 0x000000008f000000|  0%| F|  |TAMS 0x000000008ef00000, 0x000000008ef00000| Untracked 
| 240|0x000000008f000000, 0x000000008f000000, 0x000000008f100000|  0%| F|  |TAMS 0x000000008f000000, 0x000000008f000000| Untracked 
| 241|0x000000008f100000, 0x000000008f100000, 0x000000008f200000|  0%| F|  |TAMS 0x000000008f100000, 0x000000008f100000| Untracked 
| 242|0x000000008f200000, 0x000000008f200000, 0x000000008f300000|  0%| F|  |TAMS 0x000000008f200000, 0x000000008f200000| Untracked 
| 243|0x000000008f300000, 0x000000008f300000, 0x000000008f400000|  0%| F|  |TAMS 0x000000008f300000, 0x000000008f300000| Untracked 
| 244|0x000000008f400000, 0x000000008f400000, 0x000000008f500000|  0%| F|  |TAMS 0x000000008f400000, 0x000000008f400000| Untracked 
| 245|0x000000008f500000, 0x000000008f500000, 0x000000008f600000|  0%| F|  |TAMS 0x000000008f500000, 0x000000008f500000| Untracked 
| 246|0x000000008f600000, 0x000000008f600000, 0x000000008f700000|  0%| F|  |TAMS 0x000000008f600000, 0x000000008f600000| Untracked 
| 247|0x000000008f700000, 0x000000008f700000, 0x000000008f800000|  0%| F|  |TAMS 0x000000008f700000, 0x000000008f700000| Untracked 
| 248|0x000000008f800000, 0x000000008f800000, 0x000000008f900000|  0%| F|  |TAMS 0x000000008f800000, 0x000000008f800000| Untracked 
| 249|0x000000008f900000, 0x000000008f900000, 0x000000008fa00000|  0%| F|  |TAMS 0x000000008f900000, 0x000000008f900000| Untracked 
| 250|0x000000008fa00000, 0x000000008fa00000, 0x000000008fb00000|  0%| F|  |TAMS 0x000000008fa00000, 0x000000008fa00000| Untracked 
| 251|0x000000008fb00000, 0x000000008fb00000, 0x000000008fc00000|  0%| F|  |TAMS 0x000000008fb00000, 0x000000008fb00000| Untracked 
| 252|0x000000008fc00000, 0x000000008fc00000, 0x000000008fd00000|  0%| F|  |TAMS 0x000000008fc00000, 0x000000008fc00000| Untracked 
| 253|0x000000008fd00000, 0x000000008fd00000, 0x000000008fe00000|  0%| F|  |TAMS 0x000000008fd00000, 0x000000008fd00000| Untracked 
| 254|0x000000008fe00000, 0x000000008fe00000, 0x000000008ff00000|  0%| F|  |TAMS 0x000000008fe00000, 0x000000008fe00000| Untracked 
| 255|0x000000008ff00000, 0x000000008ff00000, 0x0000000090000000|  0%| F|  |TAMS 0x000000008ff00000, 0x000000008ff00000| Untracked 
| 256|0x0000000090000000, 0x0000000090000000, 0x0000000090100000|  0%| F|  |TAMS 0x0000000090000000, 0x0000000090000000| Untracked 
| 257|0x0000000090100000, 0x0000000090100000, 0x0000000090200000|  0%| F|  |TAMS 0x0000000090100000, 0x0000000090100000| Untracked 
| 258|0x0000000090200000, 0x0000000090200000, 0x0000000090300000|  0%| F|  |TAMS 0x0000000090200000, 0x0000000090200000| Untracked 
| 259|0x0000000090300000, 0x0000000090300000, 0x0000000090400000|  0%| F|  |TAMS 0x0000000090300000, 0x0000000090300000| Untracked 
| 260|0x0000000090400000, 0x0000000090400000, 0x0000000090500000|  0%| F|  |TAMS 0x0000000090400000, 0x0000000090400000| Untracked 
| 261|0x0000000090500000, 0x0000000090500000, 0x0000000090600000|  0%| F|  |TAMS 0x0000000090500000, 0x0000000090500000| Untracked 
| 262|0x0000000090600000, 0x0000000090600000, 0x0000000090700000|  0%| F|  |TAMS 0x0000000090600000, 0x0000000090600000| Untracked 
| 263|0x0000000090700000, 0x0000000090700000, 0x0000000090800000|  0%| F|  |TAMS 0x0000000090700000, 0x0000000090700000| Untracked 
| 264|0x0000000090800000, 0x0000000090800000, 0x0000000090900000|  0%| F|  |TAMS 0x0000000090800000, 0x0000000090800000| Untracked 
| 265|0x0000000090900000, 0x0000000090900000, 0x0000000090a00000|  0%| F|  |TAMS 0x0000000090900000, 0x0000000090900000| Untracked 
| 266|0x0000000090a00000, 0x0000000090a00000, 0x0000000090b00000|  0%| F|  |TAMS 0x0000000090a00000, 0x0000000090a00000| Untracked 
| 267|0x0000000090b00000, 0x0000000090b00000, 0x0000000090c00000|  0%| F|  |TAMS 0x0000000090b00000, 0x0000000090b00000| Untracked 
| 268|0x0000000090c00000, 0x0000000090c00000, 0x0000000090d00000|  0%| F|  |TAMS 0x0000000090c00000, 0x0000000090c00000| Untracked 
| 269|0x0000000090d00000, 0x0000000090d00000, 0x0000000090e00000|  0%| F|  |TAMS 0x0000000090d00000, 0x0000000090d00000| Untracked 
| 270|0x0000000090e00000, 0x0000000090e00000, 0x0000000090f00000|  0%| F|  |TAMS 0x0000000090e00000, 0x0000000090e00000| Untracked 
| 271|0x0000000090f00000, 0x0000000090f00000, 0x0000000091000000|  0%| F|  |TAMS 0x0000000090f00000, 0x0000000090f00000| Untracked 
| 272|0x0000000091000000, 0x0000000091000000, 0x0000000091100000|  0%| F|  |TAMS 0x0000000091000000, 0x0000000091000000| Untracked 
| 273|0x0000000091100000, 0x0000000091100000, 0x0000000091200000|  0%| F|  |TAMS 0x0000000091100000, 0x0000000091100000| Untracked 
| 274|0x0000000091200000, 0x0000000091200000, 0x0000000091300000|  0%| F|  |TAMS 0x0000000091200000, 0x0000000091200000| Untracked 
| 275|0x0000000091300000, 0x0000000091300000, 0x0000000091400000|  0%| F|  |TAMS 0x0000000091300000, 0x0000000091300000| Untracked 
| 276|0x0000000091400000, 0x0000000091400000, 0x0000000091500000|  0%| F|  |TAMS 0x0000000091400000, 0x0000000091400000| Untracked 
| 277|0x0000000091500000, 0x0000000091500000, 0x0000000091600000|  0%| F|  |TAMS 0x0000000091500000, 0x0000000091500000| Untracked 
| 278|0x0000000091600000, 0x0000000091600000, 0x0000000091700000|  0%| F|  |TAMS 0x0000000091600000, 0x0000000091600000| Untracked 
| 279|0x0000000091700000, 0x0000000091700000, 0x0000000091800000|  0%| F|  |TAMS 0x0000000091700000, 0x0000000091700000| Untracked 
| 280|0x0000000091800000, 0x0000000091800000, 0x0000000091900000|  0%| F|  |TAMS 0x0000000091800000, 0x0000000091800000| Untracked 
| 281|0x0000000091900000, 0x0000000091a00000, 0x0000000091a00000|100%| S|CS|TAMS 0x0000000091900000, 0x0000000091900000| Complete 
| 282|0x0000000091a00000, 0x0000000091b00000, 0x0000000091b00000|100%| S|CS|TAMS 0x0000000091a00000, 0x0000000091a00000| Complete 
| 283|0x0000000091b00000, 0x0000000091c00000, 0x0000000091c00000|100%| S|CS|TAMS 0x0000000091b00000, 0x0000000091b00000| Complete 
| 284|0x0000000091c00000, 0x0000000091d00000, 0x0000000091d00000|100%| S|CS|TAMS 0x0000000091c00000, 0x0000000091c00000| Complete 
| 285|0x0000000091d00000, 0x0000000091e00000, 0x0000000091e00000|100%| S|CS|TAMS 0x0000000091d00000, 0x0000000091d00000| Complete 
| 286|0x0000000091e00000, 0x0000000091f00000, 0x0000000091f00000|100%| S|CS|TAMS 0x0000000091e00000, 0x0000000091e00000| Complete 
| 287|0x0000000091f00000, 0x0000000092000000, 0x0000000092000000|100%| S|CS|TAMS 0x0000000091f00000, 0x0000000091f00000| Complete 
| 288|0x0000000092000000, 0x0000000092100000, 0x0000000092100000|100%| S|CS|TAMS 0x0000000092000000, 0x0000000092000000| Complete 
| 289|0x0000000092100000, 0x0000000092200000, 0x0000000092200000|100%| S|CS|TAMS 0x0000000092100000, 0x0000000092100000| Complete 
| 290|0x0000000092200000, 0x0000000092300000, 0x0000000092300000|100%| S|CS|TAMS 0x0000000092200000, 0x0000000092200000| Complete 
| 291|0x0000000092300000, 0x0000000092400000, 0x0000000092400000|100%| S|CS|TAMS 0x0000000092300000, 0x0000000092300000| Complete 
| 292|0x0000000092400000, 0x0000000092500000, 0x0000000092500000|100%| S|CS|TAMS 0x0000000092400000, 0x0000000092400000| Complete 
| 293|0x0000000092500000, 0x0000000092500000, 0x0000000092600000|  0%| F|  |TAMS 0x0000000092500000, 0x0000000092500000| Untracked 
| 294|0x0000000092600000, 0x0000000092600000, 0x0000000092700000|  0%| F|  |TAMS 0x0000000092600000, 0x0000000092600000| Untracked 
| 295|0x0000000092700000, 0x0000000092700000, 0x0000000092800000|  0%| F|  |TAMS 0x0000000092700000, 0x0000000092700000| Untracked 
| 296|0x0000000092800000, 0x0000000092800000, 0x0000000092900000|  0%| F|  |TAMS 0x0000000092800000, 0x0000000092800000| Untracked 
| 297|0x0000000092900000, 0x0000000092900000, 0x0000000092a00000|  0%| F|  |TAMS 0x0000000092900000, 0x0000000092900000| Untracked 
| 298|0x0000000092a00000, 0x0000000092a00000, 0x0000000092b00000|  0%| F|  |TAMS 0x0000000092a00000, 0x0000000092a00000| Untracked 
| 299|0x0000000092b00000, 0x0000000092b00000, 0x0000000092c00000|  0%| F|  |TAMS 0x0000000092b00000, 0x0000000092b00000| Untracked 
| 300|0x0000000092c00000, 0x0000000092c00000, 0x0000000092d00000|  0%| F|  |TAMS 0x0000000092c00000, 0x0000000092c00000| Untracked 
| 301|0x0000000092d00000, 0x0000000092d00000, 0x0000000092e00000|  0%| F|  |TAMS 0x0000000092d00000, 0x0000000092d00000| Untracked 
| 302|0x0000000092e00000, 0x0000000092e00000, 0x0000000092f00000|  0%| F|  |TAMS 0x0000000092e00000, 0x0000000092e00000| Untracked 
| 303|0x0000000092f00000, 0x0000000092f00000, 0x0000000093000000|  0%| F|  |TAMS 0x0000000092f00000, 0x0000000092f00000| Untracked 
| 304|0x0000000093000000, 0x0000000093000000, 0x0000000093100000|  0%| F|  |TAMS 0x0000000093000000, 0x0000000093000000| Untracked 
| 305|0x0000000093100000, 0x0000000093100000, 0x0000000093200000|  0%| F|  |TAMS 0x0000000093100000, 0x0000000093100000| Untracked 
| 306|0x0000000093200000, 0x0000000093200000, 0x0000000093300000|  0%| F|  |TAMS 0x0000000093200000, 0x0000000093200000| Untracked 
| 307|0x0000000093300000, 0x0000000093300000, 0x0000000093400000|  0%| F|  |TAMS 0x0000000093300000, 0x0000000093300000| Untracked 
| 308|0x0000000093400000, 0x0000000093400000, 0x0000000093500000|  0%| F|  |TAMS 0x0000000093400000, 0x0000000093400000| Untracked 
| 309|0x0000000093500000, 0x0000000093500000, 0x0000000093600000|  0%| F|  |TAMS 0x0000000093500000, 0x0000000093500000| Untracked 
| 310|0x0000000093600000, 0x0000000093600000, 0x0000000093700000|  0%| F|  |TAMS 0x0000000093600000, 0x0000000093600000| Untracked 
| 311|0x0000000093700000, 0x0000000093700000, 0x0000000093800000|  0%| F|  |TAMS 0x0000000093700000, 0x0000000093700000| Untracked 
| 312|0x0000000093800000, 0x0000000093800000, 0x0000000093900000|  0%| F|  |TAMS 0x0000000093800000, 0x0000000093800000| Untracked 
| 313|0x0000000093900000, 0x0000000093900000, 0x0000000093a00000|  0%| F|  |TAMS 0x0000000093900000, 0x0000000093900000| Untracked 
| 314|0x0000000093a00000, 0x0000000093a00000, 0x0000000093b00000|  0%| F|  |TAMS 0x0000000093a00000, 0x0000000093a00000| Untracked 
| 315|0x0000000093b00000, 0x0000000093b00000, 0x0000000093c00000|  0%| F|  |TAMS 0x0000000093b00000, 0x0000000093b00000| Untracked 
| 316|0x0000000093c00000, 0x0000000093c00000, 0x0000000093d00000|  0%| F|  |TAMS 0x0000000093c00000, 0x0000000093c00000| Untracked 
| 317|0x0000000093d00000, 0x0000000093d00000, 0x0000000093e00000|  0%| F|  |TAMS 0x0000000093d00000, 0x0000000093d00000| Untracked 
| 318|0x0000000093e00000, 0x0000000093e00000, 0x0000000093f00000|  0%| F|  |TAMS 0x0000000093e00000, 0x0000000093e00000| Untracked 
| 319|0x0000000093f00000, 0x0000000093ffcb50, 0x0000000094000000| 98%| E|  |TAMS 0x0000000093f00000, 0x0000000093f00000| Complete 
| 320|0x0000000094000000, 0x0000000094100000, 0x0000000094100000|100%| E|CS|TAMS 0x0000000094000000, 0x0000000094000000| Complete 
| 321|0x0000000094100000, 0x0000000094200000, 0x0000000094200000|100%| E|CS|TAMS 0x0000000094100000, 0x0000000094100000| Complete 
| 322|0x0000000094200000, 0x0000000094300000, 0x0000000094300000|100%| E|CS|TAMS 0x0000000094200000, 0x0000000094200000| Complete 
| 323|0x0000000094300000, 0x0000000094400000, 0x0000000094400000|100%| E|CS|TAMS 0x0000000094300000, 0x0000000094300000| Complete 
| 324|0x0000000094400000, 0x0000000094500000, 0x0000000094500000|100%| E|CS|TAMS 0x0000000094400000, 0x0000000094400000| Complete 
| 325|0x0000000094500000, 0x0000000094600000, 0x0000000094600000|100%| E|CS|TAMS 0x0000000094500000, 0x0000000094500000| Complete 
| 326|0x0000000094600000, 0x0000000094700000, 0x0000000094700000|100%| E|CS|TAMS 0x0000000094600000, 0x0000000094600000| Complete 
| 327|0x0000000094700000, 0x0000000094800000, 0x0000000094800000|100%| E|CS|TAMS 0x0000000094700000, 0x0000000094700000| Complete 
| 328|0x0000000094800000, 0x0000000094900000, 0x0000000094900000|100%| E|CS|TAMS 0x0000000094800000, 0x0000000094800000| Complete 
| 329|0x0000000094900000, 0x0000000094a00000, 0x0000000094a00000|100%| E|CS|TAMS 0x0000000094900000, 0x0000000094900000| Complete 
| 330|0x0000000094a00000, 0x0000000094b00000, 0x0000000094b00000|100%| E|CS|TAMS 0x0000000094a00000, 0x0000000094a00000| Complete 
| 331|0x0000000094b00000, 0x0000000094c00000, 0x0000000094c00000|100%| E|CS|TAMS 0x0000000094b00000, 0x0000000094b00000| Complete 
| 332|0x0000000094c00000, 0x0000000094d00000, 0x0000000094d00000|100%| E|CS|TAMS 0x0000000094c00000, 0x0000000094c00000| Complete 
| 333|0x0000000094d00000, 0x0000000094e00000, 0x0000000094e00000|100%| E|CS|TAMS 0x0000000094d00000, 0x0000000094d00000| Complete 
| 334|0x0000000094e00000, 0x0000000094f00000, 0x0000000094f00000|100%| E|CS|TAMS 0x0000000094e00000, 0x0000000094e00000| Complete 
| 335|0x0000000094f00000, 0x0000000095000000, 0x0000000095000000|100%| E|CS|TAMS 0x0000000094f00000, 0x0000000094f00000| Complete 
| 336|0x0000000095000000, 0x0000000095100000, 0x0000000095100000|100%| E|CS|TAMS 0x0000000095000000, 0x0000000095000000| Complete 
| 337|0x0000000095100000, 0x0000000095200000, 0x0000000095200000|100%| E|CS|TAMS 0x0000000095100000, 0x0000000095100000| Complete 
| 338|0x0000000095200000, 0x0000000095300000, 0x0000000095300000|100%| E|CS|TAMS 0x0000000095200000, 0x0000000095200000| Complete 
| 339|0x0000000095300000, 0x0000000095400000, 0x0000000095400000|100%| E|CS|TAMS 0x0000000095300000, 0x0000000095300000| Complete 
| 340|0x0000000095400000, 0x0000000095500000, 0x0000000095500000|100%| E|CS|TAMS 0x0000000095400000, 0x0000000095400000| Complete 
| 341|0x0000000095500000, 0x0000000095600000, 0x0000000095600000|100%| E|CS|TAMS 0x0000000095500000, 0x0000000095500000| Complete 
| 342|0x0000000095600000, 0x0000000095700000, 0x0000000095700000|100%| E|CS|TAMS 0x0000000095600000, 0x0000000095600000| Complete 
| 343|0x0000000095700000, 0x0000000095800000, 0x0000000095800000|100%| E|CS|TAMS 0x0000000095700000, 0x0000000095700000| Complete 
| 344|0x0000000095800000, 0x0000000095900000, 0x0000000095900000|100%| E|CS|TAMS 0x0000000095800000, 0x0000000095800000| Complete 
| 345|0x0000000095900000, 0x0000000095a00000, 0x0000000095a00000|100%| E|CS|TAMS 0x0000000095900000, 0x0000000095900000| Complete 
| 346|0x0000000095a00000, 0x0000000095b00000, 0x0000000095b00000|100%| E|CS|TAMS 0x0000000095a00000, 0x0000000095a00000| Complete 
| 347|0x0000000095b00000, 0x0000000095c00000, 0x0000000095c00000|100%| E|CS|TAMS 0x0000000095b00000, 0x0000000095b00000| Complete 
| 348|0x0000000095c00000, 0x0000000095d00000, 0x0000000095d00000|100%| E|CS|TAMS 0x0000000095c00000, 0x0000000095c00000| Complete 
| 349|0x0000000095d00000, 0x0000000095e00000, 0x0000000095e00000|100%| E|CS|TAMS 0x0000000095d00000, 0x0000000095d00000| Complete 
| 350|0x0000000095e00000, 0x0000000095f00000, 0x0000000095f00000|100%| E|CS|TAMS 0x0000000095e00000, 0x0000000095e00000| Complete 
| 351|0x0000000095f00000, 0x0000000096000000, 0x0000000096000000|100%| E|CS|TAMS 0x0000000095f00000, 0x0000000095f00000| Complete 
| 352|0x0000000096000000, 0x0000000096100000, 0x0000000096100000|100%| E|CS|TAMS 0x0000000096000000, 0x0000000096000000| Complete 
| 353|0x0000000096100000, 0x0000000096200000, 0x0000000096200000|100%| E|CS|TAMS 0x0000000096100000, 0x0000000096100000| Complete 
| 354|0x0000000096200000, 0x0000000096300000, 0x0000000096300000|100%| E|CS|TAMS 0x0000000096200000, 0x0000000096200000| Complete 
| 355|0x0000000096300000, 0x0000000096400000, 0x0000000096400000|100%| E|CS|TAMS 0x0000000096300000, 0x0000000096300000| Complete 
| 356|0x0000000096400000, 0x0000000096500000, 0x0000000096500000|100%| E|CS|TAMS 0x0000000096400000, 0x0000000096400000| Complete 
| 357|0x0000000096500000, 0x0000000096600000, 0x0000000096600000|100%| E|CS|TAMS 0x0000000096500000, 0x0000000096500000| Complete 
| 358|0x0000000096600000, 0x0000000096700000, 0x0000000096700000|100%| E|CS|TAMS 0x0000000096600000, 0x0000000096600000| Complete 
| 359|0x0000000096700000, 0x0000000096800000, 0x0000000096800000|100%| E|CS|TAMS 0x0000000096700000, 0x0000000096700000| Complete 
| 360|0x0000000096800000, 0x0000000096900000, 0x0000000096900000|100%| E|CS|TAMS 0x0000000096800000, 0x0000000096800000| Complete 
| 361|0x0000000096900000, 0x0000000096a00000, 0x0000000096a00000|100%| E|CS|TAMS 0x0000000096900000, 0x0000000096900000| Complete 
| 362|0x0000000096a00000, 0x0000000096b00000, 0x0000000096b00000|100%| E|CS|TAMS 0x0000000096a00000, 0x0000000096a00000| Complete 
| 363|0x0000000096b00000, 0x0000000096c00000, 0x0000000096c00000|100%| E|CS|TAMS 0x0000000096b00000, 0x0000000096b00000| Complete 
| 364|0x0000000096c00000, 0x0000000096d00000, 0x0000000096d00000|100%| E|CS|TAMS 0x0000000096c00000, 0x0000000096c00000| Complete 
| 365|0x0000000096d00000, 0x0000000096e00000, 0x0000000096e00000|100%| E|CS|TAMS 0x0000000096d00000, 0x0000000096d00000| Complete 
| 366|0x0000000096e00000, 0x0000000096f00000, 0x0000000096f00000|100%| E|CS|TAMS 0x0000000096e00000, 0x0000000096e00000| Complete 
| 367|0x0000000096f00000, 0x0000000097000000, 0x0000000097000000|100%| E|CS|TAMS 0x0000000096f00000, 0x0000000096f00000| Complete 
| 368|0x0000000097000000, 0x0000000097100000, 0x0000000097100000|100%| E|CS|TAMS 0x0000000097000000, 0x0000000097000000| Complete 
| 369|0x0000000097100000, 0x0000000097200000, 0x0000000097200000|100%| E|CS|TAMS 0x0000000097100000, 0x0000000097100000| Complete 
| 370|0x0000000097200000, 0x0000000097300000, 0x0000000097300000|100%| E|CS|TAMS 0x0000000097200000, 0x0000000097200000| Complete 
| 371|0x0000000097300000, 0x0000000097400000, 0x0000000097400000|100%| E|CS|TAMS 0x0000000097300000, 0x0000000097300000| Complete 
| 372|0x0000000097400000, 0x0000000097500000, 0x0000000097500000|100%| E|CS|TAMS 0x0000000097400000, 0x0000000097400000| Complete 
| 373|0x0000000097500000, 0x0000000097600000, 0x0000000097600000|100%| E|CS|TAMS 0x0000000097500000, 0x0000000097500000| Complete 
| 374|0x0000000097600000, 0x0000000097700000, 0x0000000097700000|100%| E|CS|TAMS 0x0000000097600000, 0x0000000097600000| Complete 
| 375|0x0000000097700000, 0x0000000097800000, 0x0000000097800000|100%| E|CS|TAMS 0x0000000097700000, 0x0000000097700000| Complete 
| 376|0x0000000097800000, 0x0000000097900000, 0x0000000097900000|100%| E|CS|TAMS 0x0000000097800000, 0x0000000097800000| Complete 
| 377|0x0000000097900000, 0x0000000097a00000, 0x0000000097a00000|100%| E|CS|TAMS 0x0000000097900000, 0x0000000097900000| Complete 
| 378|0x0000000097a00000, 0x0000000097b00000, 0x0000000097b00000|100%| E|CS|TAMS 0x0000000097a00000, 0x0000000097a00000| Complete 
| 379|0x0000000097b00000, 0x0000000097c00000, 0x0000000097c00000|100%| E|CS|TAMS 0x0000000097b00000, 0x0000000097b00000| Complete 
| 380|0x0000000097c00000, 0x0000000097d00000, 0x0000000097d00000|100%| E|CS|TAMS 0x0000000097c00000, 0x0000000097c00000| Complete 
| 381|0x0000000097d00000, 0x0000000097e00000, 0x0000000097e00000|100%| E|CS|TAMS 0x0000000097d00000, 0x0000000097d00000| Complete 

Card table byte_map: [0x000001d9b3dc0000,0x000001d9b41c0000] _byte_map_base: 0x000001d9b39c0000

Marking Bits (Prev, Next): (CMBitMap*) 0x000001d99af16c50, (CMBitMap*) 0x000001d99af16c10
 Prev Bits: [0x000001d9b65c0000, 0x000001d9b85c0000)
 Next Bits: [0x000001d9b45c0000, 0x000001d9b65c0000)

Polling page: 0x000001d9a3f30000

Metaspace:

Usage:
  Non-class:     92.56 MB used.
      Class:     14.88 MB used.
       Both:    107.45 MB used.

Virtual space:
  Non-class space:      128.00 MB reserved,      93.38 MB ( 73%) committed,  2 nodes.
      Class space:      416.00 MB reserved,      15.62 MB (  4%) committed,  1 nodes.
             Both:      544.00 MB reserved,     109.00 MB ( 20%) committed. 

Chunk freelists:
   Non-Class:  1.97 MB
       Class:  442.00 KB
        Both:  2.40 MB

MaxMetaspaceSize: 512.00 MB
CompressedClassSpaceSize: 416.00 MB
Initial GC threshold: 21.00 MB
Current GC threshold: 115.62 MB
CDS: on
MetaspaceReclaimPolicy: balanced
 - commit_granule_bytes: 65536.
 - commit_granule_words: 8192.
 - virtual_space_node_default_size: 8388608.
 - enlarge_chunks_in_place: 1.
 - new_chunks_are_fully_committed: 0.
 - uncommit_free_chunks: 1.
 - use_allocation_guard: 0.
 - handle_deallocations: 1.


Internal statistics:

num_allocs_failed_limit: 6.
num_arena_births: 1992.
num_arena_deaths: 0.
num_vsnodes_births: 3.
num_vsnodes_deaths: 0.
num_space_committed: 1743.
num_space_uncommitted: 0.
num_chunks_returned_to_freelist: 6.
num_chunks_taken_from_freelist: 7191.
num_chunk_merges: 6.
num_chunk_splits: 4446.
num_chunks_enlarged: 2588.
num_inconsistent_stats: 0.

CodeHeap 'non-profiled nmethods': size=120000Kb used=10807Kb max_used=10807Kb free=109192Kb
 bounds [0x000001d9aba20000, 0x000001d9ac4b0000, 0x000001d9b2f50000]
CodeHeap 'profiled nmethods': size=120000Kb used=26494Kb max_used=28101Kb free=93505Kb
 bounds [0x000001d9a3f50000, 0x000001d9a5ae0000, 0x000001d9ab480000]
CodeHeap 'non-nmethods': size=5760Kb used=2459Kb max_used=2562Kb free=3300Kb
 bounds [0x000001d9ab480000, 0x000001d9ab710000, 0x000001d9aba20000]
 total_blobs=14672 nmethods=13674 adapters=909
 compilation: enabled
              stopped_count=0, restarted_count=0
 full_count=0

Compilation events (20 events):
Event: 76.317 Thread 0x000001d9bb20da40 16548       3       org.gradle.internal.logging.slf4j.BuildOperationAwareLogger::debug (18 bytes)
Event: 76.317 Thread 0x000001d9bb20da40 nmethod 16548 0x000001d9a49b1090 code [0x000001d9a49b1260, 0x000001d9a49b1598]
Event: 76.317 Thread 0x000001d9bb20da40 16550       3       org.gradle.internal.operations.DefaultBuildOperationRunner::assertParentRunning (47 bytes)
Event: 76.318 Thread 0x000001d9bb20da40 nmethod 16550 0x000001d9a490b490 code [0x000001d9a490b720, 0x000001d9a490c5d8]
Event: 76.318 Thread 0x000001d9bb20da40 16549       2       org.gradle.internal.operations.BuildOperationState::isRunning (8 bytes)
Event: 76.318 Thread 0x000001d9bb20da40 nmethod 16549 0x000001d9a4f6ac90 code [0x000001d9a4f6ae20, 0x000001d9a4f6af58]
Event: 76.318 Thread 0x000001d9bb20da40 16551       3       com.google.common.cache.LocalCache$WeakEntry::getKey (5 bytes)
Event: 76.318 Thread 0x000001d9bb20da40 nmethod 16551 0x000001d9a4ccba90 code [0x000001d9a4ccbc20, 0x000001d9a4ccbdf8]
Event: 76.325 Thread 0x000001d9bb20da40 16552   !   3       org.gradle.internal.remote.internal.inet.SocketConnection::flush (46 bytes)
Event: 76.326 Thread 0x000001d9bb20da40 nmethod 16552 0x000001d9a4a15710 code [0x000001d9a4a159a0, 0x000001d9a4a166b8]
Event: 76.326 Thread 0x000001d9bb20da40 16553       3       org.gradle.internal.remote.internal.inet.SocketConnection$SocketOutputStream::write (78 bytes)
Event: 76.327 Thread 0x000001d9bb20da40 nmethod 16553 0x000001d9a4f4a510 code [0x000001d9a4f4a740, 0x000001d9a4f4b028]
Event: 76.327 Thread 0x000001d9bb20da40 16554       3       org.gradle.internal.remote.internal.inet.SocketConnection$SocketOutputStream::flush (18 bytes)
Event: 76.327 Thread 0x000001d9bb20da40 nmethod 16554 0x000001d9a4a81910 code [0x000001d9a4a81b00, 0x000001d9a4a81fd8]
Event: 76.327 Thread 0x000001d9bb20da40 16555   !   3       sun.nio.ch.SocketChannelImpl::write (186 bytes)
Event: 76.328 Thread 0x000001d9bb20da40 nmethod 16555 0x000001d9a4fed190 code [0x000001d9a4fed520, 0x000001d9a4feeca8]
Event: 76.328 Thread 0x000001d9bb20da40 16556   !   3       sun.nio.ch.SocketChannelImpl::beginWrite (52 bytes)
Event: 76.329 Thread 0x000001d9bb20da40 nmethod 16556 0x000001d9a494a610 code [0x000001d9a494a820, 0x000001d9a494ae68]
Event: 76.329 Thread 0x000001d9bb20da40 16557       3       sun.nio.ch.IOUtil::write (12 bytes)
Event: 76.329 Thread 0x000001d9bb20da40 nmethod 16557 0x000001d9a4f7db10 code [0x000001d9a4f7dca0, 0x000001d9a4f7ddc8]

GC Heap History (20 events):
Event: 22.232 GC heap before
{Heap before GC invocations=56 (full 0):
 garbage-first heap   total 245760K, used 207246K [0x0000000080000000, 0x0000000100000000)
  region size 1024K, 31 young (31744K), 5 survivors (5120K)
 Metaspace       used 105644K, committed 106880K, reserved 557056K
  class space    used 14706K, committed 15296K, reserved 425984K
}
Event: 22.236 GC heap after
{Heap after GC invocations=57 (full 0):
 garbage-first heap   total 294912K, used 183123K [0x0000000080000000, 0x0000000100000000)
  region size 1024K, 4 young (4096K), 4 survivors (4096K)
 Metaspace       used 105644K, committed 106880K, reserved 557056K
  class space    used 14706K, committed 15296K, reserved 425984K
}
Event: 22.655 GC heap before
{Heap before GC invocations=57 (full 0):
 garbage-first heap   total 294912K, used 244563K [0x0000000080000000, 0x0000000100000000)
  region size 1024K, 62 young (63488K), 4 survivors (4096K)
 Metaspace       used 105747K, committed 107008K, reserved 557056K
  class space    used 14718K, committed 15360K, reserved 425984K
}
Event: 22.660 GC heap after
{Heap after GC invocations=58 (full 0):
 garbage-first heap   total 294912K, used 192662K [0x0000000080000000, 0x0000000100000000)
  region size 1024K, 8 young (8192K), 8 survivors (8192K)
 Metaspace       used 105747K, committed 107008K, reserved 557056K
  class space    used 14718K, committed 15360K, reserved 425984K
}
Event: 23.152 GC heap before
{Heap before GC invocations=58 (full 0):
 garbage-first heap   total 294912K, used 241814K [0x0000000080000000, 0x0000000100000000)
  region size 1024K, 56 young (57344K), 8 survivors (8192K)
 Metaspace       used 106021K, committed 107328K, reserved 557056K
  class space    used 14740K, committed 15360K, reserved 425984K
}
Event: 23.161 GC heap after
{Heap after GC invocations=59 (full 0):
 garbage-first heap   total 294912K, used 199367K [0x0000000080000000, 0x0000000100000000)
  region size 1024K, 7 young (7168K), 7 survivors (7168K)
 Metaspace       used 106021K, committed 107328K, reserved 557056K
  class space    used 14740K, committed 15360K, reserved 425984K
}
Event: 23.297 GC heap before
{Heap before GC invocations=59 (full 0):
 garbage-first heap   total 294912K, used 243399K [0x0000000080000000, 0x0000000100000000)
  region size 1024K, 51 young (52224K), 7 survivors (7168K)
 Metaspace       used 106022K, committed 107328K, reserved 557056K
  class space    used 14740K, committed 15360K, reserved 425984K
}
Event: 23.303 GC heap after
{Heap after GC invocations=60 (full 0):
 garbage-first heap   total 294912K, used 202366K [0x0000000080000000, 0x0000000100000000)
  region size 1024K, 6 young (6144K), 6 survivors (6144K)
 Metaspace       used 106022K, committed 107328K, reserved 557056K
  class space    used 14740K, committed 15360K, reserved 425984K
}
Event: 23.449 GC heap before
{Heap before GC invocations=60 (full 0):
 garbage-first heap   total 294912K, used 245374K [0x0000000080000000, 0x0000000100000000)
  region size 1024K, 49 young (50176K), 6 survivors (6144K)
 Metaspace       used 106022K, committed 107328K, reserved 557056K
  class space    used 14740K, committed 15360K, reserved 425984K
}
Event: 23.454 GC heap after
{Heap after GC invocations=61 (full 0):
 garbage-first heap   total 294912K, used 204148K [0x0000000080000000, 0x0000000100000000)
  region size 1024K, 6 young (6144K), 6 survivors (6144K)
 Metaspace       used 106022K, committed 107328K, reserved 557056K
  class space    used 14740K, committed 15360K, reserved 425984K
}
Event: 23.902 GC heap before
{Heap before GC invocations=61 (full 0):
 garbage-first heap   total 294912K, used 250228K [0x0000000080000000, 0x0000000100000000)
  region size 1024K, 48 young (49152K), 6 survivors (6144K)
 Metaspace       used 106349K, committed 107712K, reserved 557056K
  class space    used 14776K, committed 15424K, reserved 425984K
}
Event: 23.909 GC heap after
{Heap after GC invocations=62 (full 0):
 garbage-first heap   total 294912K, used 213941K [0x0000000080000000, 0x0000000100000000)
  region size 1024K, 6 young (6144K), 6 survivors (6144K)
 Metaspace       used 106349K, committed 107712K, reserved 557056K
  class space    used 14776K, committed 15424K, reserved 425984K
}
Event: 24.604 GC heap before
{Heap before GC invocations=62 (full 0):
 garbage-first heap   total 294912K, used 246709K [0x0000000080000000, 0x0000000100000000)
  region size 1024K, 39 young (39936K), 6 survivors (6144K)
 Metaspace       used 106922K, committed 108288K, reserved 557056K
  class space    used 14863K, committed 15552K, reserved 425984K
}
Event: 24.613 GC heap after
{Heap after GC invocations=63 (full 0):
 garbage-first heap   total 294912K, used 221011K [0x0000000080000000, 0x0000000100000000)
  region size 1024K, 5 young (5120K), 5 survivors (5120K)
 Metaspace       used 106922K, committed 108288K, reserved 557056K
  class space    used 14863K, committed 15552K, reserved 425984K
}
Event: 24.691 GC heap before
{Heap before GC invocations=63 (full 0):
 garbage-first heap   total 294912K, used 248659K [0x0000000080000000, 0x0000000100000000)
  region size 1024K, 33 young (33792K), 5 survivors (5120K)
 Metaspace       used 106924K, committed 108288K, reserved 557056K
  class space    used 14863K, committed 15552K, reserved 425984K
}
Event: 24.696 GC heap after
{Heap after GC invocations=64 (full 0):
 garbage-first heap   total 294912K, used 225063K [0x0000000080000000, 0x0000000100000000)
  region size 1024K, 5 young (5120K), 5 survivors (5120K)
 Metaspace       used 106924K, committed 108288K, reserved 557056K
  class space    used 14863K, committed 15552K, reserved 425984K
}
Event: 24.793 GC heap before
{Heap before GC invocations=64 (full 0):
 garbage-first heap   total 294912K, used 249639K [0x0000000080000000, 0x0000000100000000)
  region size 1024K, 30 young (30720K), 5 survivors (5120K)
 Metaspace       used 106924K, committed 108288K, reserved 557056K
  class space    used 14863K, committed 15552K, reserved 425984K
}
Event: 24.797 GC heap after
{Heap after GC invocations=65 (full 0):
 garbage-first heap   total 391168K, used 226794K [0x0000000080000000, 0x0000000100000000)
  region size 1024K, 4 young (4096K), 4 survivors (4096K)
 Metaspace       used 106924K, committed 108288K, reserved 557056K
  class space    used 14863K, committed 15552K, reserved 425984K
}
Event: 31.195 GC heap before
{Heap before GC invocations=65 (full 0):
 garbage-first heap   total 391168K, used 324074K [0x0000000080000000, 0x0000000100000000)
  region size 1024K, 93 young (95232K), 4 survivors (4096K)
 Metaspace       used 109232K, committed 110848K, reserved 557056K
  class space    used 15122K, committed 15872K, reserved 425984K
}
Event: 31.204 GC heap after
{Heap after GC invocations=66 (full 0):
 garbage-first heap   total 391168K, used 239552K [0x0000000080000000, 0x0000000100000000)
  region size 1024K, 12 young (12288K), 12 survivors (12288K)
 Metaspace       used 109232K, committed 110848K, reserved 557056K
  class space    used 15122K, committed 15872K, reserved 425984K
}

Deoptimization events (20 events):
Event: 76.280 Thread 0x000001d9db02a9b0 Uncommon trap: trap_request=0xffffffbe fr.pc=0x000001d9abd3ad3c relative=0x00000000000005fc
Event: 76.280 Thread 0x000001d9db02a9b0 Uncommon trap: reason=profile_predicate action=maybe_recompile pc=0x000001d9abd3ad3c method=java.util.stream.ReferencePipeline$7$1.accept(Ljava/lang/Object;)V @ 73 c2
Event: 76.280 Thread 0x000001d9db02a9b0 DEOPT PACKING pc=0x000001d9abd3ad3c sp=0x00000030982f7f40
Event: 76.280 Thread 0x000001d9db02a9b0 DEOPT UNPACKING pc=0x000001d9ab4d23a3 sp=0x00000030982f7ee8 mode 2
Event: 76.280 Thread 0x000001d9db02a9b0 Uncommon trap: trap_request=0xffffffbe fr.pc=0x000001d9abd3ad3c relative=0x00000000000005fc
Event: 76.280 Thread 0x000001d9db02a9b0 Uncommon trap: reason=profile_predicate action=maybe_recompile pc=0x000001d9abd3ad3c method=java.util.stream.ReferencePipeline$7$1.accept(Ljava/lang/Object;)V @ 73 c2
Event: 76.280 Thread 0x000001d9db02a9b0 DEOPT PACKING pc=0x000001d9abd3ad3c sp=0x00000030982f7f40
Event: 76.280 Thread 0x000001d9db02a9b0 DEOPT UNPACKING pc=0x000001d9ab4d23a3 sp=0x00000030982f7ee8 mode 2
Event: 76.280 Thread 0x000001d9db02a9b0 Uncommon trap: trap_request=0xffffffbe fr.pc=0x000001d9abd3ad3c relative=0x00000000000005fc
Event: 76.280 Thread 0x000001d9db02a9b0 Uncommon trap: reason=profile_predicate action=maybe_recompile pc=0x000001d9abd3ad3c method=java.util.stream.ReferencePipeline$7$1.accept(Ljava/lang/Object;)V @ 73 c2
Event: 76.280 Thread 0x000001d9db02a9b0 DEOPT PACKING pc=0x000001d9abd3ad3c sp=0x00000030982f7f40
Event: 76.280 Thread 0x000001d9db02a9b0 DEOPT UNPACKING pc=0x000001d9ab4d23a3 sp=0x00000030982f7ee8 mode 2
Event: 76.289 Thread 0x000001d9db02a9b0 Uncommon trap: trap_request=0xffffffde fr.pc=0x000001d9abf4bd18 relative=0x0000000000000658
Event: 76.289 Thread 0x000001d9db02a9b0 Uncommon trap: reason=class_check action=maybe_recompile pc=0x000001d9abf4bd18 method=org.gradle.cache.internal.LockOnDemandCrossProcessCacheAccess.incrementLockCount()V @ 97 c2
Event: 76.289 Thread 0x000001d9db02a9b0 DEOPT PACKING pc=0x000001d9abf4bd18 sp=0x00000030982f65e0
Event: 76.289 Thread 0x000001d9db02a9b0 DEOPT UNPACKING pc=0x000001d9ab4d23a3 sp=0x00000030982f6590 mode 2
Event: 76.306 Thread 0x000001d9db02a9b0 Uncommon trap: trap_request=0xffffff45 fr.pc=0x000001d9ac3fe548 relative=0x00000000000000a8
Event: 76.306 Thread 0x000001d9db02a9b0 Uncommon trap: reason=unstable_if action=reinterpret pc=0x000001d9ac3fe548 method=org.gradle.api.internal.artifacts.ivyservice.resolveengine.store.DefaultBinaryStore.write(Lorg/gradle/cache/internal/BinaryStore$WriteAction;)V @ 4 c2
Event: 76.306 Thread 0x000001d9db02a9b0 DEOPT PACKING pc=0x000001d9ac3fe548 sp=0x00000030982f6920
Event: 76.306 Thread 0x000001d9db02a9b0 DEOPT UNPACKING pc=0x000001d9ab4d23a3 sp=0x00000030982f68a8 mode 2

Classes unloaded (0 events):
No events

Classes redefined (0 events):
No events

Internal exceptions (20 events):
Event: 32.450 Thread 0x000001d9db02a9b0 Exception <a 'sun/nio/fs/WindowsException'{0x0000000097681da0}> (0x0000000097681da0) 
thrown [s\open\src\hotspot\share\prims\jni.cpp, line 516]
Event: 32.462 Thread 0x000001d9dcdf0850 Exception <a 'sun/nio/fs/WindowsException'{0x000000009751f1a8}> (0x000000009751f1a8) 
thrown [s\open\src\hotspot\share\prims\jni.cpp, line 516]
Event: 32.466 Thread 0x000001d9dcdf0850 Exception <a 'sun/nio/fs/WindowsException'{0x0000000097567d08}> (0x0000000097567d08) 
thrown [s\open\src\hotspot\share\prims\jni.cpp, line 516]
Event: 32.467 Thread 0x000001d9db02a9b0 Implicit null exception at 0x000001d9abeb11bf to 0x000001d9abeb306c
Event: 32.540 Thread 0x000001d9db02a9b0 Implicit null exception at 0x000001d9ac13212a to 0x000001d9ac1337f4
Event: 32.574 Thread 0x000001d9db02a9b0 Implicit null exception at 0x000001d9ac15db62 to 0x000001d9ac1648ac
Event: 32.574 Thread 0x000001d9db02a9b0 Implicit null exception at 0x000001d9abc2bf8f to 0x000001d9abc2bfdc
Event: 32.707 Thread 0x000001d9deeb7470 Exception <a 'sun/nio/fs/WindowsException'{0x00000000963e0728}> (0x00000000963e0728) 
thrown [s\open\src\hotspot\share\prims\jni.cpp, line 516]
Event: 32.707 Thread 0x000001d9deeb7470 Exception <a 'sun/nio/fs/WindowsException'{0x00000000963e6ff0}> (0x00000000963e6ff0) 
thrown [s\open\src\hotspot\share\prims\jni.cpp, line 516]
Event: 32.707 Thread 0x000001d9deeb7470 Exception <a 'sun/nio/fs/WindowsException'{0x00000000963ed750}> (0x00000000963ed750) 
thrown [s\open\src\hotspot\share\prims\jni.cpp, line 516]
Event: 32.707 Thread 0x000001d9deeb7470 Exception <a 'sun/nio/fs/WindowsException'{0x00000000963f0628}> (0x00000000963f0628) 
thrown [s\open\src\hotspot\share\prims\jni.cpp, line 516]
Event: 75.985 Thread 0x000001d9db02a9b0 Implicit null exception at 0x000001d9ac01c41d to 0x000001d9ac01c7a7
Event: 76.035 Thread 0x000001d9db02a9b0 Exception <a 'sun/nio/fs/WindowsException'{0x0000000095b611b8}> (0x0000000095b611b8) 
thrown [s\open\src\hotspot\share\prims\jni.cpp, line 516]
Event: 76.036 Thread 0x000001d9db02a9b0 Exception <a 'sun/nio/fs/WindowsException'{0x0000000095b62768}> (0x0000000095b62768) 
thrown [s\open\src\hotspot\share\prims\jni.cpp, line 516]
Event: 76.036 Thread 0x000001d9db02a9b0 Exception <a 'sun/nio/fs/WindowsException'{0x0000000095b63d18}> (0x0000000095b63d18) 
thrown [s\open\src\hotspot\share\prims\jni.cpp, line 516]
Event: 76.037 Thread 0x000001d9db02a9b0 Exception <a 'sun/nio/fs/WindowsException'{0x0000000095b652b0}> (0x0000000095b652b0) 
thrown [s\open\src\hotspot\share\prims\jni.cpp, line 516]
Event: 76.291 Thread 0x000001d9db02a9b0 Exception <a 'sun/nio/fs/WindowsException'{0x0000000095a35b08}> (0x0000000095a35b08) 
thrown [s\open\src\hotspot\share\prims\jni.cpp, line 516]
Event: 76.292 Thread 0x000001d9db02a9b0 Exception <a 'sun/nio/fs/WindowsException'{0x0000000095a37608}> (0x0000000095a37608) 
thrown [s\open\src\hotspot\share\prims\jni.cpp, line 516]
Event: 76.292 Thread 0x000001d9db02a9b0 Exception <a 'sun/nio/fs/WindowsException'{0x0000000095a39108}> (0x0000000095a39108) 
thrown [s\open\src\hotspot\share\prims\jni.cpp, line 516]
Event: 76.293 Thread 0x000001d9db02a9b0 Exception <a 'sun/nio/fs/WindowsException'{0x0000000095a3abf0}> (0x0000000095a3abf0) 
thrown [s\open\src\hotspot\share\prims\jni.cpp, line 516]

VM Operations (20 events):
Event: 32.209 Executing VM operation: Cleanup
Event: 32.210 Executing VM operation: Cleanup done
Event: 32.470 Executing VM operation: HandshakeAllThreads
Event: 32.470 Executing VM operation: HandshakeAllThreads done
Event: 33.475 Executing VM operation: Cleanup
Event: 33.476 Executing VM operation: Cleanup done
Event: 42.565 Executing VM operation: Cleanup
Event: 42.565 Executing VM operation: Cleanup done
Event: 46.599 Executing VM operation: Cleanup
Event: 46.599 Executing VM operation: Cleanup done
Event: 53.662 Executing VM operation: Cleanup
Event: 53.662 Executing VM operation: Cleanup done
Event: 54.666 Executing VM operation: Cleanup
Event: 54.666 Executing VM operation: Cleanup done
Event: 60.115 Executing VM operation: HandshakeAllThreads
Event: 60.116 Executing VM operation: HandshakeAllThreads done
Event: 72.240 Executing VM operation: Cleanup
Event: 72.241 Executing VM operation: Cleanup done
Event: 76.261 Executing VM operation: Cleanup
Event: 76.277 Executing VM operation: Cleanup done

Events (20 events):
Event: 75.981 loading class jdk/internal/math/FormattedFloatingDecimal
Event: 75.981 loading class jdk/internal/math/FormattedFloatingDecimal done
Event: 75.981 loading class jdk/internal/math/FormattedFloatingDecimal$1
Event: 75.981 loading class jdk/internal/math/FormattedFloatingDecimal$1 done
Event: 75.982 loading class jdk/internal/math/FormattedFloatingDecimal$2
Event: 75.982 loading class jdk/internal/math/FormattedFloatingDecimal$2 done
Event: 75.983 Thread 0x000001d9deeb5100 Thread added: 0x000001d9deeb5100
Event: 75.984 Thread 0x000001d9deeb6a50 Thread added: 0x000001d9deeb6a50
Event: 75.989 Thread 0x000001d9deeb5b20 Thread added: 0x000001d9deeb5b20
Event: 75.998 Thread 0x000001d9deeb6030 Thread added: 0x000001d9deeb6030
Event: 76.031 Thread 0x000001d9e1a72ad0 Thread added: 0x000001d9e1a72ad0
Event: 76.237 Thread 0x000001d9deeb6540 Thread added: 0x000001d9deeb6540
Event: 76.250 Thread 0x000001d9e1a72ad0 Thread exited: 0x000001d9e1a72ad0
Event: 76.257 Thread 0x000001d9deeb88b0 Thread added: 0x000001d9deeb88b0
Event: 76.259 Thread 0x000001d9deeb4bf0 Thread added: 0x000001d9deeb4bf0
Event: 76.281 Thread 0x000001d9deeb8dc0 Thread added: 0x000001d9deeb8dc0
Event: 76.314 Thread 0x000001d9deeb46e0 Thread added: 0x000001d9deeb46e0
Event: 76.315 Thread 0x000001d9deeb2880 Thread added: 0x000001d9deeb2880
Event: 76.317 Thread 0x000001d9deeb6f60 Thread added: 0x000001d9deeb6f60
Event: 76.317 Thread 0x000001d9deeb7e90 Thread added: 0x000001d9deeb7e90


Dynamic libraries:
0x00007ff741a30000 - 0x00007ff741a40000 	C:\Program Files\Java\jdk-17\bin\java.exe
0x00007ff85e9f0000 - 0x00007ff85ebe8000 	C:\Windows\SYSTEM32\ntdll.dll
0x00007ff85d9e0000 - 0x00007ff85daa2000 	C:\Windows\System32\KERNEL32.DLL
0x00007ff85c1e0000 - 0x00007ff85c4d6000 	C:\Windows\System32\KERNELBASE.dll
0x00007ff85c750000 - 0x00007ff85c850000 	C:\Windows\System32\ucrtbase.dll
0x00007ff83c6f0000 - 0x00007ff83c709000 	C:\Program Files\Java\jdk-17\bin\jli.dll
0x00007ff83c860000 - 0x00007ff83c87b000 	C:\Program Files\Java\jdk-17\bin\VCRUNTIME140.dll
0x00007ff85cc30000 - 0x00007ff85cce1000 	C:\Windows\System32\ADVAPI32.dll
0x00007ff85ccf0000 - 0x00007ff85cd8e000 	C:\Windows\System32\msvcrt.dll
0x00007ff85cb90000 - 0x00007ff85cc2f000 	C:\Windows\System32\sechost.dll
0x00007ff85d780000 - 0x00007ff85d8a0000 	C:\Windows\System32\RPCRT4.dll
0x00007ff85c6f0000 - 0x00007ff85c717000 	C:\Windows\System32\bcrypt.dll
0x00007ff85cdc0000 - 0x00007ff85cf61000 	C:\Windows\System32\USER32.dll
0x00007ff84eea0000 - 0x00007ff84f13b000 	C:\Windows\WinSxS\amd64_microsoft.windows.common-controls_6595b64144ccf1df_6.0.19041.6456_none_60b8a6cb71f64256\COMCTL32.dll
0x00007ff85c720000 - 0x00007ff85c742000 	C:\Windows\System32\win32u.dll
0x00007ff85cd90000 - 0x00007ff85cdbb000 	C:\Windows\System32\GDI32.dll
0x00007ff85c850000 - 0x00007ff85c969000 	C:\Windows\System32\gdi32full.dll
0x00007ff85c970000 - 0x00007ff85ca0d000 	C:\Windows\System32\msvcp_win.dll
0x00007ff854bf0000 - 0x00007ff854bfa000 	C:\Windows\SYSTEM32\VERSION.dll
0x00007ff85d750000 - 0x00007ff85d77f000 	C:\Windows\System32\IMM32.DLL
0x00007ff851a90000 - 0x00007ff851a9c000 	C:\Program Files\Java\jdk-17\bin\vcruntime140_1.dll
0x00007ff82f6b0000 - 0x00007ff82f73e000 	C:\Program Files\Java\jdk-17\bin\msvcp140.dll
0x00007ff822900000 - 0x00007ff8234e0000 	C:\Program Files\Java\jdk-17\bin\server\jvm.dll
0x00007ff85d900000 - 0x00007ff85d908000 	C:\Windows\System32\PSAPI.DLL
0x00007ff851cf0000 - 0x00007ff851cf9000 	C:\Windows\SYSTEM32\WSOCK32.dll
0x00007ff853460000 - 0x00007ff853487000 	C:\Windows\SYSTEM32\WINMM.dll
0x00007ff85d970000 - 0x00007ff85d9db000 	C:\Windows\System32\WS2_32.dll
0x00007ff859ed0000 - 0x00007ff859ee2000 	C:\Windows\SYSTEM32\kernel.appcore.dll
0x00007ff8492c0000 - 0x00007ff8492ca000 	C:\Program Files\Java\jdk-17\bin\jimage.dll
0x00007ff84f980000 - 0x00007ff84fb81000 	C:\Windows\SYSTEM32\DBGHELP.DLL
0x00007ff84ed80000 - 0x00007ff84edb4000 	C:\Windows\SYSTEM32\dbgcore.DLL
0x00007ff85c4e0000 - 0x00007ff85c562000 	C:\Windows\System32\bcryptPrimitives.dll
0x00007ff8457a0000 - 0x00007ff8457ae000 	C:\Program Files\Java\jdk-17\bin\instrument.dll
0x00007ff82f7b0000 - 0x00007ff82f7d5000 	C:\Program Files\Java\jdk-17\bin\java.dll
0x00007ff82ba80000 - 0x00007ff82bb57000 	C:\Program Files\Java\jdk-17\bin\jsvml.dll
0x00007ff85dab0000 - 0x00007ff85e220000 	C:\Windows\System32\SHELL32.dll
0x00007ff85a0d0000 - 0x00007ff85a875000 	C:\Windows\SYSTEM32\windows.storage.dll
0x00007ff85d3e0000 - 0x00007ff85d734000 	C:\Windows\System32\combase.dll
0x00007ff85b8f0000 - 0x00007ff85b91b000 	C:\Windows\SYSTEM32\Wldp.dll
0x00007ff85cac0000 - 0x00007ff85cb8d000 	C:\Windows\System32\OLEAUT32.dll
0x00007ff85e850000 - 0x00007ff85e8fd000 	C:\Windows\System32\SHCORE.dll
0x00007ff85e220000 - 0x00007ff85e27b000 	C:\Windows\System32\shlwapi.dll
0x00007ff85bfb0000 - 0x00007ff85bfd4000 	C:\Windows\SYSTEM32\profapi.dll
0x00007ff838330000 - 0x00007ff838348000 	C:\Program Files\Java\jdk-17\bin\zip.dll
0x00007ff8397d0000 - 0x00007ff8397e9000 	C:\Program Files\Java\jdk-17\bin\net.dll
0x00007ff855f80000 - 0x00007ff85608a000 	C:\Windows\SYSTEM32\WINHTTP.dll
0x00007ff85b6d0000 - 0x00007ff85b73a000 	C:\Windows\system32\mswsock.dll
0x00007ff8385e0000 - 0x00007ff8385f6000 	C:\Program Files\Java\jdk-17\bin\nio.dll
0x00007ff8491a0000 - 0x00007ff8491b0000 	C:\Program Files\Java\jdk-17\bin\verify.dll
0x00007ff830640000 - 0x00007ff830667000 	C:\Users\Hamza tabani\.gradle\native\1def1411415f61bf3af743bc5b6707747c0891f09f0c88961ee8f79bc544acac\windows-amd64\native-platform.dll
0x00007ff82f870000 - 0x00007ff82f8e8000 	C:\Users\Hamza tabani\.gradle\native\0.2.7\x86_64-windows-gnu\gradle-fileevents.dll
0x00007ff847c30000 - 0x00007ff847c3a000 	C:\Program Files\Java\jdk-17\bin\management.dll
0x00007ff847c10000 - 0x00007ff847c1b000 	C:\Program Files\Java\jdk-17\bin\management_ext.dll
0x00007ff85b3d0000 - 0x00007ff85b40b000 	C:\Windows\SYSTEM32\IPHLPAPI.DLL
0x00007ff85e840000 - 0x00007ff85e848000 	C:\Windows\System32\NSI.dll
0x00007ff856820000 - 0x00007ff856837000 	C:\Windows\SYSTEM32\dhcpcsvc6.DLL
0x00007ff856800000 - 0x00007ff85681d000 	C:\Windows\SYSTEM32\dhcpcsvc.DLL
0x00007ff85b410000 - 0x00007ff85b4da000 	C:\Windows\SYSTEM32\DNSAPI.dll
0x00007ff85b930000 - 0x00007ff85b948000 	C:\Windows\SYSTEM32\CRYPTSP.dll
0x00007ff85b010000 - 0x00007ff85b048000 	C:\Windows\system32\rsaenh.dll
0x00007ff85bf30000 - 0x00007ff85bf5e000 	C:\Windows\SYSTEM32\USERENV.dll
0x00007ff85b860000 - 0x00007ff85b86c000 	C:\Windows\SYSTEM32\CRYPTBASE.dll
0x00007ff843f90000 - 0x00007ff843f9e000 	C:\Program Files\Java\jdk-17\bin\sunmscapi.dll
0x00007ff85c080000 - 0x00007ff85c1dd000 	C:\Windows\System32\CRYPT32.dll
0x00007ff85ba40000 - 0x00007ff85ba67000 	C:\Windows\SYSTEM32\ncrypt.dll
0x00007ff85ba00000 - 0x00007ff85ba3b000 	C:\Windows\SYSTEM32\NTASN1.dll
0x00007ff83a880000 - 0x00007ff83a887000 	C:\Windows\system32\wshunix.dll
0x00007ff84d6e0000 - 0x00007ff84d6f7000 	C:\Windows\system32\napinsp.dll
0x00007ff84cea0000 - 0x00007ff84cebb000 	C:\Windows\system32\pnrpnsp.dll
0x00007ff84ca50000 - 0x00007ff84ca6d000 	C:\Windows\system32\wshbth.dll
0x00007ff859210000 - 0x00007ff85922d000 	C:\Windows\system32\NLAapi.dll
0x00007ff84ca30000 - 0x00007ff84ca42000 	C:\Windows\System32\winrnr.dll
0x00007ff851750000 - 0x00007ff85175a000 	C:\Windows\System32\rasadhlp.dll
0x00007ff855af0000 - 0x00007ff855b70000 	C:\Windows\System32\fwpuclnt.dll
0x00007ff85b260000 - 0x00007ff85b293000 	C:\Windows\SYSTEM32\ntmarta.dll

dbghelp: loaded successfully - version: 4.0.5 - missing functions: none
symbol engine: initialized successfully - sym options: 0x614 - pdb path: .;C:\Program Files\Java\jdk-17\bin;C:\Windows\SYSTEM32;C:\Windows\WinSxS\amd64_microsoft.windows.common-controls_6595b64144ccf1df_6.0.19041.6456_none_60b8a6cb71f64256;C:\Program Files\Java\jdk-17\bin\server;C:\Users\Hamza tabani\.gradle\native\1def1411415f61bf3af743bc5b6707747c0891f09f0c88961ee8f79bc544acac\windows-amd64;C:\Users\Hamza tabani\.gradle\native\0.2.7\x86_64-windows-gnu

VM Arguments:
jvm_args: --add-opens=java.base/java.lang=ALL-UNNAMED --add-opens=java.base/java.lang.invoke=ALL-UNNAMED --add-opens=java.base/java.util=ALL-UNNAMED --add-opens=java.prefs/java.util.prefs=ALL-UNNAMED --add-exports=jdk.compiler/com.sun.tools.javac.api=ALL-UNNAMED --add-exports=jdk.compiler/com.sun.tools.javac.util=ALL-UNNAMED --add-opens=java.base/java.util=ALL-UNNAMED --add-opens=java.prefs/java.util.prefs=ALL-UNNAMED --add-opens=java.base/java.nio.charset=ALL-UNNAMED --add-opens=java.base/java.net=ALL-UNNAMED --add-opens=java.base/java.util.concurrent.atomic=ALL-UNNAMED --add-opens=java.xml/javax.xml.namespace=ALL-UNNAMED -XX:MaxMetaspaceSize=512m -Xmx2048m -Dfile.encoding=windows-1252 -Duser.country=US -Duser.language=en -Duser.variant -javaagent:C:\Users\Hamza tabani\.gradle\wrapper\dists\gradle-8.13-bin\5xuhj0ry160q40clulazy9h7d\gradle-8.13\lib\agents\gradle-instrumentation-agent-8.13.jar 
java_command: org.gradle.launcher.daemon.bootstrap.GradleDaemon 8.13
java_class_path (initial): C:\Users\Hamza tabani\.gradle\wrapper\dists\gradle-8.13-bin\5xuhj0ry160q40clulazy9h7d\gradle-8.13\lib\gradle-daemon-main-8.13.jar
Launcher Type: SUN_STANDARD

[Global flags]
     intx CICompilerCount                          = 4                                         {product} {ergonomic}
   size_t CompressedClassSpaceSize                 = 436207616                                 {product} {ergonomic}
     uint ConcGCThreads                            = 2                                         {product} {ergonomic}
     uint G1ConcRefinementThreads                  = 8                                         {product} {ergonomic}
   size_t G1HeapRegionSize                         = 1048576                                   {product} {ergonomic}
    uintx GCDrainStackTargetSize                   = 64                                        {product} {ergonomic}
   size_t InitialHeapSize                          = 268435456                                 {product} {ergonomic}
   size_t MarkStackSize                            = 4194304                                   {product} {ergonomic}
   size_t MaxHeapSize                              = 2147483648                                {product} {command line}
   size_t MaxMetaspaceSize                         = 536870912                                 {product} {command line}
   size_t MaxNewSize                               = 1287651328                                {product} {ergonomic}
   size_t MinHeapDeltaBytes                        = 1048576                                   {product} {ergonomic}
   size_t MinHeapSize                              = 8388608                                   {product} {ergonomic}
    uintx NonNMethodCodeHeapSize                   = 5839372                                {pd product} {ergonomic}
    uintx NonProfiledCodeHeapSize                  = 122909434                              {pd product} {ergonomic}
    uintx ProfiledCodeHeapSize                     = 122909434                              {pd product} {ergonomic}
    uintx ReservedCodeCacheSize                    = 251658240                              {pd product} {ergonomic}
     bool SegmentedCodeCache                       = true                                      {product} {ergonomic}
   size_t SoftMaxHeapSize                          = 2147483648                             {manageable} {ergonomic}
     bool UseCompressedClassPointers               = true                           {product lp64_product} {ergonomic}
     bool UseCompressedOops                        = true                           {product lp64_product} {ergonomic}
     bool UseG1GC                                  = true                                      {product} {ergonomic}
     bool UseLargePagesIndividualAllocation        = false                                  {pd product} {ergonomic}

Logging:
Log output configuration:
 #0: stdout all=warning uptime,level,tags
 #1: stderr all=off uptime,level,tags

Environment Variables:
JAVA_HOME=C:\Program Files\Java\jdk-17
CLASSPATH=D:\PostUp\android\\gradle\wrapper\gradle-wrapper.jar
PATH=c:\Users\Hamza tabani\AppData\Roaming\Code\User\globalStorage\github.copilot-chat\debugCommand;c:\Users\Hamza tabani\AppData\Roaming\Code\User\globalStorage\github.copilot-chat\copilotCli;C:\Program Files\Common Files\Oracle\Java\javapath;C:\Windows\system32;C:\Windows;C:\Windows\System32\Wbem;C:\Windows\System32\WindowsPowerShell\v1.0\;C:\Windows\System32\OpenSSH\;C:\ProgramData\chocolatey\bin;C:\Program Files\nodejs\;C:\Users\Hamza tabani\AppData\Local\Android\Sdk\platform-tools;C:\Program Files\OpenJDK\jdk-20.0.2\bin;C:\Program Files (x86)\ATI Technologies\ATI.ACE\Core-Static;C:\Program Files\MongoDB\mongosh-2.3.1-win32-x64\bin;C:\Program Files\dotnet\;C:\Program Files\Microsoft SQL Server\150\Tools\Binn\;C:\Program Files\Microsoft SQL Server\Client SDK\ODBC\170\Tools\Binn\;C:\Users\Hamza tabani\AppData\Local\Android\Sdk\tools;C:\Users\Hamza tabani\AppData\Local\Microsoft\WindowsApps;C:\Users\Hamza tabani\AppData\Local\Programs\Git\cmd;C:\Users\Hamza tabani\AppData\Roaming\npm;C:\Users\Hamza tabani\AppData\Local\Programs\Microsoft VS Code\bin;c:\Users\Hamza tabani\.vscode\extensions\vscjava.vscode-java-debug-0.58.3\bundled\scripts\noConfigScripts
USERNAME=Hamza tabani
LANG=en_US.UTF-8
OS=Windows_NT
PROCESSOR_IDENTIFIER=Intel64 Family 6 Model 60 Stepping 3, GenuineIntel



---------------  S Y S T E M  ---------------

OS:
 Windows 10 , 64 bit Build 19041 (10.0.19041.5915)
OS uptime: 1 days 1:58 hours
Hyper-V role detected

CPU: total 8 (initial active 8) (4 cores per cpu, 2 threads per core) family 6 model 60 stepping 3 microcode 0x27, cx8, cmov, fxsr, ht, mmx, sse, sse2, sse3, ssse3, sse4.1, sse4.2, popcnt, lzcnt, tsc, tscinvbit, avx, avx2, erms, clmul, bmi1, bmi2, fma, vzeroupper, clflush, hv

Memory: 4k page, system-wide physical 16321M (474M free)
TotalPageFile size 27889M (AvailPageFile size 3686M)
current process WorkingSet (physical memory assigned to process): 696M, peak: 718M
current process commit charge ("private bytes"): 753M, peak: 797M

vm_info: Java HotSpot(TM) 64-Bit Server VM (17.0.12+8-LTS-286) for windows-amd64 JRE (17.0.12+8-LTS-286), built on Jun  5 2024 06:46:59 by "mach5one" with MS VC++ 17.6 (VS2022)

END.
