#
# A fatal error has been detected by the Java Runtime Environment:
#
#  EXCEPTION_ACCESS_VIOLATION (0xc0000005) at pc=0x00007ff822e3ed9c, pid=2940, tid=15948
#
# JRE version: Java(TM) SE Runtime Environment (17.0.12+8) (build 17.0.12+8-LTS-286)
# Java VM: Java HotSpot(TM) 64-Bit Server VM (17.0.12+8-LTS-286, mixed mode, sharing, tiered, compressed oops, compressed class ptrs, g1 gc, windows-amd64)
# Problematic frame:
# V  [jvm.dll+0x53ed9c]
#
# No core dump will be written. Minidumps are not enabled by default on client versions of Windows
#
# If you would like to submit a bug report, please visit:
#   https://bugreport.java.com/bugreport/crash.jsp
#

---------------  S U M M A R Y ------------

Command Line: --add-opens=java.base/java.lang=ALL-UNNAMED --add-opens=java.base/java.lang.invoke=ALL-UNNAMED --add-opens=java.base/java.util=ALL-UNNAMED --add-opens=java.prefs/java.util.prefs=ALL-UNNAMED --add-exports=jdk.compiler/com.sun.tools.javac.api=ALL-UNNAMED --add-exports=jdk.compiler/com.sun.tools.javac.util=ALL-UNNAMED --add-opens=java.base/java.util=ALL-UNNAMED --add-opens=java.prefs/java.util.prefs=ALL-UNNAMED --add-opens=java.base/java.nio.charset=ALL-UNNAMED --add-opens=java.base/java.net=ALL-UNNAMED --add-opens=java.base/java.util.concurrent.atomic=ALL-UNNAMED --add-opens=java.xml/javax.xml.namespace=ALL-UNNAMED -XX:MaxMetaspaceSize=512m -Xmx2048m -Dfile.encoding=windows-1252 -Duser.country=US -Duser.language=en -Duser.variant -javaagent:C:\Users\Hamza tabani\.gradle\wrapper\dists\gradle-8.13-bin\5xuhj0ry160q40clulazy9h7d\gradle-8.13\lib\agents\gradle-instrumentation-agent-8.13.jar org.gradle.launcher.daemon.bootstrap.GradleDaemon 8.13

Host: Intel(R) Core(TM) i7-4790 CPU @ 3.60GHz, 8 cores, 15G,  Windows 10 , 64 bit Build 19041 (10.0.19041.5915)
Time: Sat Nov 15 02:15:05 2025 Pakistan Standard Time elapsed time: 116.400896 seconds (0d 0h 1m 56s)

---------------  T H R E A D  ---------------

Current thread (0x0000022c7d7241c0):  JavaThread "Execution worker Thread 2" [_thread_in_vm, id=15948, stack(0x0000006227900000,0x0000006227a00000)]

Stack: [0x0000006227900000,0x0000006227a00000],  sp=0x00000062279f5a28,  free space=982k
Native frames: (J=compiled Java code, j=interpreted, Vv=VM code, C=native code)
V  [jvm.dll+0x53ed9c]

Java frames: (J=compiled Java code, j=interpreted, Vv=VM code)
v  ~RuntimeStub::ic_miss_stub
J 27920 c1 jdk.nio.zipfs.ZipFileSystem.close()V jdk.zipfs@17.0.12 (390 bytes) @ 0x0000022c4908767c [0x0000022c49085a80+0x0000000000001bfc]
J 29969 c1 com.sun.tools.javac.file.JavacFileManager$ArchiveContainer.close()V jdk.compiler@17.0.12 (8 bytes) @ 0x0000022c4940fbc4 [0x0000022c4940fac0+0x0000000000000104]
j  com.sun.tools.javac.file.JavacFileManager.close()V+56 jdk.compiler@17.0.12
j  javax.tools.ForwardingJavaFileManager.close()V+4 java.compiler@17.0.12
j  org.gradle.internal.concurrent.CompositeStoppable$3.stop()V+4
J 25530 c1 org.gradle.internal.concurrent.CompositeStoppable.stop()V (132 bytes) @ 0x0000022c4733c674 [0x0000022c4733c1c0+0x00000000000004b4]
j  org.gradle.api.internal.tasks.compile.ResourceCleaningCompilationTask.call()Ljava/lang/Boolean;+24
j  org.gradle.api.internal.tasks.compile.JdkJavaCompiler.execute(Lorg/gradle/api/internal/tasks/compile/JavaCompileSpec;)Lorg/gradle/api/tasks/WorkResult;+74
j  org.gradle.api.internal.tasks.compile.JdkJavaCompiler.execute(Lorg/gradle/language/base/internal/compile/CompileSpec;)Lorg/gradle/api/tasks/WorkResult;+5
j  org.gradle.api.internal.tasks.compile.NormalizingJavaCompiler.delegateAndHandleErrors(Lorg/gradle/api/internal/tasks/compile/JavaCompileSpec;)Lorg/gradle/api/tasks/WorkResult;+5
j  org.gradle.api.internal.tasks.compile.NormalizingJavaCompiler.execute(Lorg/gradle/api/internal/tasks/compile/JavaCompileSpec;)Lorg/gradle/api/tasks/WorkResult;+22
j  org.gradle.api.internal.tasks.compile.NormalizingJavaCompiler.execute(Lorg/gradle/language/base/internal/compile/CompileSpec;)Lorg/gradle/api/tasks/WorkResult;+5
j  org.gradle.api.internal.tasks.compile.AnnotationProcessorDiscoveringCompiler.execute(Lorg/gradle/api/internal/tasks/compile/JavaCompileSpec;)Lorg/gradle/api/tasks/WorkResult;+18
j  org.gradle.api.internal.tasks.compile.AnnotationProcessorDiscoveringCompiler.execute(Lorg/gradle/language/base/internal/compile/CompileSpec;)Lorg/gradle/api/tasks/WorkResult;+5
j  org.gradle.api.internal.tasks.compile.ModuleApplicationNameWritingCompiler.execute(Lorg/gradle/api/internal/tasks/compile/JavaCompileSpec;)Lorg/gradle/api/tasks/WorkResult;+5
j  org.gradle.api.internal.tasks.compile.ModuleApplicationNameWritingCompiler.execute(Lorg/gradle/language/base/internal/compile/CompileSpec;)Lorg/gradle/api/tasks/WorkResult;+5
j  org.gradle.jvm.toolchain.internal.DefaultToolchainJavaCompiler.execute(Lorg/gradle/language/base/internal/compile/CompileSpec;)Lorg/gradle/api/tasks/WorkResult;+33
j  org.gradle.api.tasks.compile.JavaCompile.lambda$createToolchainCompiler$3(Lorg/gradle/language/base/internal/compile/CompileSpec;)Lorg/gradle/api/tasks/WorkResult;+15
j  org.gradle.api.tasks.compile.JavaCompile$$Lambda$2589+0x0000022c5f27a5d8.execute(Lorg/gradle/language/base/internal/compile/CompileSpec;)Lorg/gradle/api/tasks/WorkResult;+5
j  org.gradle.api.internal.tasks.compile.CleaningJavaCompiler.execute(Lorg/gradle/api/internal/tasks/compile/JavaCompileSpec;)Lorg/gradle/api/tasks/WorkResult;+72
j  org.gradle.api.internal.tasks.compile.incremental.IncrementalCompilerFactory.lambda$createRebuildAllCompiler$0(Lorg/gradle/api/file/FileTree;Lorg/gradle/api/internal/tasks/compile/CleaningJavaCompiler;Lorg/gradle/api/internal/tasks/compile/JavaCompileSpec;)Lorg/gradle/api/tasks/WorkResult;+9
j  org.gradle.api.internal.tasks.compile.incremental.IncrementalCompilerFactory$$Lambda$2592+0x0000022c5f280000.execute(Lorg/gradle/language/base/internal/compile/CompileSpec;)Lorg/gradle/api/tasks/WorkResult;+12
j  org.gradle.api.internal.tasks.compile.incremental.SelectiveCompiler.execute(Lorg/gradle/api/internal/tasks/compile/JavaCompileSpec;)Lorg/gradle/api/tasks/WorkResult;+27
j  org.gradle.api.internal.tasks.compile.incremental.SelectiveCompiler.execute(Lorg/gradle/language/base/internal/compile/CompileSpec;)Lorg/gradle/api/tasks/WorkResult;+5
j  org.gradle.api.internal.tasks.compile.incremental.IncrementalResultStoringCompiler.execute(Lorg/gradle/api/internal/tasks/compile/JavaCompileSpec;)Lorg/gradle/api/tasks/WorkResult;+5
j  org.gradle.api.internal.tasks.compile.incremental.IncrementalResultStoringCompiler.execute(Lorg/gradle/language/base/internal/compile/CompileSpec;)Lorg/gradle/api/tasks/WorkResult;+5
j  org.gradle.api.internal.tasks.compile.CompileJavaBuildOperationReportingCompiler$1.call(Lorg/gradle/internal/operations/BuildOperationContext;)Lorg/gradle/api/tasks/WorkResult;+11
j  org.gradle.api.internal.tasks.compile.CompileJavaBuildOperationReportingCompiler$1.call(Lorg/gradle/internal/operations/BuildOperationContext;)Ljava/lang/Object;+2
J 15126 c2 org.gradle.internal.operations.DefaultBuildOperationRunner$CallableBuildOperationWorker.execute(Lorg/gradle/internal/operations/BuildOperation;Lorg/gradle/internal/operations/BuildOperationContext;)V (10 bytes) @ 0x0000022c4e67c38c [0x0000022c4e67c320+0x000000000000006c]
J 18750 c2 org.gradle.internal.operations.DefaultBuildOperationRunner.call(Lorg/gradle/internal/operations/CallableBuildOperation;)Ljava/lang/Object; (24 bytes) @ 0x0000022c4ea050a4 [0x0000022c4ea03220+0x0000000000001e84]
j  org.gradle.api.internal.tasks.compile.CompileJavaBuildOperationReportingCompiler.execute(Lorg/gradle/api/internal/tasks/compile/JavaCompileSpec;)Lorg/gradle/api/tasks/WorkResult;+13
j  org.gradle.api.tasks.compile.JavaCompile.performCompilation(Lorg/gradle/api/internal/tasks/compile/JavaCompileSpec;Lorg/gradle/language/base/internal/compile/Compiler;)V+25
j  org.gradle.api.tasks.compile.JavaCompile.performIncrementalCompilation(Lorg/gradle/work/InputChanges;Lorg/gradle/api/internal/tasks/compile/DefaultJavaCompileSpec;)V+87
j  org.gradle.api.tasks.compile.JavaCompile.compile(Lorg/gradle/work/InputChanges;)V+26
v  ~StubRoutines::call_stub
J 2612  jdk.internal.reflect.NativeMethodAccessorImpl.invoke0(Ljava/lang/reflect/Method;Ljava/lang/Object;[Ljava/lang/Object;)Ljava/lang/Object; java.base@17.0.12 (0 bytes) @ 0x0000022c4df3f627 [0x0000022c4df3f5a0+0x0000000000000087]
J 23479 c1 jdk.internal.reflect.NativeMethodAccessorImpl.invoke(Ljava/lang/Object;[Ljava/lang/Object;)Ljava/lang/Object; java.base@17.0.12 (137 bytes) @ 0x0000022c4891609c [0x0000022c489156e0+0x00000000000009bc]
J 11797 c2 jdk.internal.reflect.DelegatingMethodAccessorImpl.invoke(Ljava/lang/Object;[Ljava/lang/Object;)Ljava/lang/Object; java.base@17.0.12 (10 bytes) @ 0x0000022c4e437dc4 [0x0000022c4e437d80+0x0000000000000044]
J 2854 c1 org.gradle.internal.reflect.JavaMethod.invoke(Ljava/lang/Object;[Ljava/lang/Object;)Ljava/lang/Object; (74 bytes) @ 0x0000022c468d0b8c [0x0000022c468d07e0+0x00000000000003ac]
j  org.gradle.api.internal.project.taskfactory.IncrementalTaskAction.doExecute(Lorg/gradle/api/Task;Ljava/lang/String;)V+28
j  org.gradle.api.internal.project.taskfactory.StandardTaskAction.execute(Lorg/gradle/api/Task;)V+32
j  org.gradle.api.internal.project.taskfactory.IncrementalTaskAction.execute(Lorg/gradle/api/Task;)V+2
j  org.gradle.api.internal.project.taskfactory.StandardTaskAction.execute(Ljava/lang/Object;)V+5
j  org.gradle.api.internal.tasks.execution.TaskExecution$3.run(Lorg/gradle/internal/operations/BuildOperationContext;)V+23
J 15232 c2 org.gradle.internal.operations.DefaultBuildOperationRunner$1.execute(Lorg/gradle/internal/operations/BuildOperation;Lorg/gradle/internal/operations/BuildOperationContext;)V (10 bytes) @ 0x0000022c4e6d5c08 [0x0000022c4e6d5ba0+0x0000000000000068]
J 22745 c2 org.gradle.internal.operations.DefaultBuildOperationRunner.execute(Lorg/gradle/internal/operations/BuildOperation;Lorg/gradle/internal/operations/BuildOperationWorker;Lorg/gradle/internal/operations/BuildOperationState;)V (23 bytes) @ 0x0000022c4ed4acf4 [0x0000022c4ed48fc0+0x0000000000001d34]
J 15852 c2 org.gradle.internal.operations.DefaultBuildOperationRunner.run(Lorg/gradle/internal/operations/RunnableBuildOperation;)V (13 bytes) @ 0x0000022c4e76b534 [0x0000022c4e76b3e0+0x0000000000000154]
j  org.gradle.api.internal.tasks.execution.TaskExecution.executeAction(Ljava/lang/String;Lorg/gradle/api/internal/TaskInternal;Lorg/gradle/api/internal/tasks/InputChangesAwareTaskAction;Lorg/gradle/internal/execution/history/changes/InputChangesInternal;Z)V+30
j  org.gradle.api.internal.tasks.execution.TaskExecution.executeActions(Lorg/gradle/api/internal/TaskInternal;Lorg/gradle/internal/execution/history/changes/InputChangesInternal;)V+131
j  org.gradle.api.internal.tasks.execution.TaskExecution.executeWithPreviousOutputFiles(Lorg/gradle/internal/execution/history/changes/InputChangesInternal;)Lorg/gradle/internal/execution/UnitOfWork$WorkResult;+46
j  org.gradle.api.internal.tasks.execution.TaskExecution.execute(Lorg/gradle/internal/execution/UnitOfWork$ExecutionRequest;)Lorg/gradle/internal/execution/UnitOfWork$WorkOutput;+61
j  org.gradle.internal.execution.steps.ExecuteStep.executeInternal(Lorg/gradle/internal/execution/UnitOfWork;Lorg/gradle/internal/execution/steps/InputChangesContext;)Lorg/gradle/internal/execution/steps/Result;+16
j  org.gradle.internal.execution.steps.ExecuteStep.access$000(Lorg/gradle/internal/execution/UnitOfWork;Lorg/gradle/internal/execution/steps/InputChangesContext;)Lorg/gradle/internal/execution/steps/Result;+2
j  org.gradle.internal.execution.steps.ExecuteStep$1.call(Lorg/gradle/internal/operations/BuildOperationContext;)Lorg/gradle/internal/execution/steps/Result;+8
j  org.gradle.internal.execution.steps.ExecuteStep$1.call(Lorg/gradle/internal/operations/BuildOperationContext;)Ljava/lang/Object;+2
J 15126 c2 org.gradle.internal.operations.DefaultBuildOperationRunner$CallableBuildOperationWorker.execute(Lorg/gradle/internal/operations/BuildOperation;Lorg/gradle/internal/operations/BuildOperationContext;)V (10 bytes) @ 0x0000022c4e67c38c [0x0000022c4e67c320+0x000000000000006c]
J 18750 c2 org.gradle.internal.operations.DefaultBuildOperationRunner.call(Lorg/gradle/internal/operations/CallableBuildOperation;)Ljava/lang/Object; (24 bytes) @ 0x0000022c4ea050a4 [0x0000022c4ea03220+0x0000000000001e84]
j  org.gradle.internal.execution.steps.ExecuteStep.execute(Lorg/gradle/internal/execution/UnitOfWork;Lorg/gradle/internal/execution/steps/ChangingOutputsContext;)Lorg/gradle/internal/execution/steps/Result;+28
j  org.gradle.internal.execution.steps.ExecuteStep.execute(Lorg/gradle/internal/execution/UnitOfWork;Lorg/gradle/internal/execution/steps/Context;)Lorg/gradle/internal/execution/steps/Result;+6
j  org.gradle.internal.execution.steps.CancelExecutionStep.execute(Lorg/gradle/internal/execution/UnitOfWork;Lorg/gradle/internal/execution/steps/Context;)Lorg/gradle/internal/execution/steps/Result;+35
j  org.gradle.internal.execution.steps.TimeoutStep.executeWithoutTimeout(Lorg/gradle/internal/execution/UnitOfWork;Lorg/gradle/internal/execution/steps/Context;)Lorg/gradle/internal/execution/steps/Result;+6
j  org.gradle.internal.execution.steps.TimeoutStep.execute(Lorg/gradle/internal/execution/UnitOfWork;Lorg/gradle/internal/execution/steps/Context;)Lorg/gradle/internal/execution/steps/Result;+92
j  org.gradle.internal.execution.steps.PreCreateOutputParentsStep.execute(Lorg/gradle/internal/execution/UnitOfWork;Lorg/gradle/internal/execution/steps/ChangingOutputsContext;)Lorg/gradle/internal/execution/steps/Result;+24
j  org.gradle.internal.execution.steps.PreCreateOutputParentsStep.execute(Lorg/gradle/internal/execution/UnitOfWork;Lorg/gradle/internal/execution/steps/Context;)Lorg/gradle/internal/execution/steps/Result;+6
j  org.gradle.internal.execution.steps.RemovePreviousOutputsStep.execute(Lorg/gradle/internal/execution/UnitOfWork;Lorg/gradle/internal/execution/steps/ChangingOutputsContext;)Lorg/gradle/internal/execution/steps/Result;+57
j  org.gradle.internal.execution.steps.RemovePreviousOutputsStep.execute(Lorg/gradle/internal/execution/UnitOfWork;Lorg/gradle/internal/execution/steps/Context;)Lorg/gradle/internal/execution/steps/Result;+6
j  org.gradle.internal.execution.steps.BroadcastChangingOutputsStep.execute(Lorg/gradle/internal/execution/UnitOfWork;Lorg/gradle/internal/execution/steps/InputChangesContext;)Lorg/gradle/internal/execution/steps/Result;+53
j  org.gradle.internal.execution.steps.BroadcastChangingOutputsStep.execute(Lorg/gradle/internal/execution/UnitOfWork;Lorg/gradle/internal/execution/steps/Context;)Lorg/gradle/internal/execution/steps/Result;+6
j  org.gradle.internal.execution.steps.CaptureOutputsAfterExecutionStep.execute(Lorg/gradle/internal/execution/UnitOfWork;Lorg/gradle/internal/execution/steps/WorkspaceContext;)Lorg/gradle/internal/execution/steps/AfterExecutionResult;+6
j  org.gradle.internal.execution.steps.CaptureOutputsAfterExecutionStep.execute(Lorg/gradle/internal/execution/UnitOfWork;Lorg/gradle/internal/execution/steps/Context;)Lorg/gradle/internal/execution/steps/Result;+6
j  org.gradle.internal.execution.steps.ResolveInputChangesStep.execute(Lorg/gradle/internal/execution/UnitOfWork;Lorg/gradle/internal/execution/steps/IncrementalCachingContext;)Lorg/gradle/internal/execution/steps/Result;+22
j  org.gradle.internal.execution.steps.ResolveInputChangesStep.execute(Lorg/gradle/internal/execution/UnitOfWork;Lorg/gradle/internal/execution/steps/Context;)Lorg/gradle/internal/execution/steps/Result;+6
j  org.gradle.internal.execution.steps.BuildCacheStep.executeWithoutCache(Lorg/gradle/internal/execution/UnitOfWork;Lorg/gradle/internal/execution/steps/WorkspaceContext;)Lorg/gradle/internal/execution/steps/AfterExecutionResult;+6
j  org.gradle.internal.execution.steps.BuildCacheStep.lambda$execute$1(Lorg/gradle/internal/execution/UnitOfWork;Lorg/gradle/internal/execution/steps/WorkspaceContext;Lorg/gradle/internal/execution/caching/CachingState$Disabled;)Lorg/gradle/internal/execution/steps/AfterExecutionResult;+3
j  org.gradle.internal.execution.steps.BuildCacheStep$$Lambda$2457+0x0000022c5f110d38.apply(Ljava/lang/Object;)Ljava/lang/Object;+16
J 23327 c1 org.gradle.internal.Either$Right.fold(Ljava/util/function/Function;Ljava/util/function/Function;)Ljava/lang/Object; (11 bytes) @ 0x0000022c488dcacc [0x0000022c488dc9c0+0x000000000000010c]
j  org.gradle.internal.execution.caching.CachingState.fold(Ljava/util/function/Function;Ljava/util/function/Function;)Ljava/lang/Object;+6
j  org.gradle.internal.execution.steps.BuildCacheStep.execute(Lorg/gradle/internal/execution/UnitOfWork;Lorg/gradle/internal/execution/steps/WorkspaceContext;)Lorg/gradle/internal/execution/steps/AfterExecutionResult;+25
j  org.gradle.internal.execution.steps.BuildCacheStep.execute(Lorg/gradle/internal/execution/UnitOfWork;Lorg/gradle/internal/execution/steps/Context;)Lorg/gradle/internal/execution/steps/Result;+6
j  org.gradle.internal.execution.steps.StoreExecutionStateStep.execute(Lorg/gradle/internal/execution/UnitOfWork;Lorg/gradle/internal/execution/steps/PreviousExecutionContext;)Lorg/gradle/internal/execution/steps/AfterExecutionResult;+6
j  org.gradle.internal.execution.steps.StoreExecutionStateStep.execute(Lorg/gradle/internal/execution/UnitOfWork;Lorg/gradle/internal/execution/steps/Context;)Lorg/gradle/internal/execution/steps/Result;+6
j  org.gradle.internal.execution.steps.SkipUpToDateStep.executeBecause(Lorg/gradle/internal/execution/UnitOfWork;Lcom/google/common/collect/ImmutableList;Lorg/gradle/internal/execution/steps/IncrementalChangesContext;)Lorg/gradle/internal/execution/steps/UpToDateResult;+11
j  org.gradle.internal.execution.steps.SkipUpToDateStep.lambda$execute$2(Lorg/gradle/internal/execution/UnitOfWork;Lcom/google/common/collect/ImmutableList;Lorg/gradle/internal/execution/steps/IncrementalChangesContext;)Lorg/gradle/internal/execution/steps/UpToDateResult;+4
j  org.gradle.internal.execution.steps.SkipUpToDateStep$$Lambda$1831+0x0000022c5eb20688.get()Ljava/lang/Object;+16
J 9482 c2 java.util.Optional.orElseGet(Ljava/util/function/Supplier;)Ljava/lang/Object; java.base@17.0.12 (21 bytes) @ 0x0000022c4e3677cc [0x0000022c4e367780+0x000000000000004c]
j  org.gradle.internal.execution.steps.SkipUpToDateStep.execute(Lorg/gradle/internal/execution/UnitOfWork;Lorg/gradle/internal/execution/steps/IncrementalChangesContext;)Lorg/gradle/internal/execution/steps/UpToDateResult;+65
j  org.gradle.internal.execution.steps.SkipUpToDateStep.execute(Lorg/gradle/internal/execution/UnitOfWork;Lorg/gradle/internal/execution/steps/Context;)Lorg/gradle/internal/execution/steps/Result;+6
j  org.gradle.internal.execution.steps.legacy.MarkSnapshottingInputsFinishedStep.execute(Lorg/gradle/internal/execution/UnitOfWork;Lorg/gradle/internal/execution/steps/CachingContext;)Lorg/gradle/internal/execution/steps/Result;+18
j  org.gradle.internal.execution.steps.legacy.MarkSnapshottingInputsFinishedStep.execute(Lorg/gradle/internal/execution/UnitOfWork;Lorg/gradle/internal/execution/steps/Context;)Lorg/gradle/internal/execution/steps/Result;+6
j  org.gradle.internal.execution.steps.ResolveIncrementalCachingStateStep.executeDelegate(Lorg/gradle/internal/execution/UnitOfWork;Lorg/gradle/internal/execution/steps/IncrementalChangesContext;Lorg/gradle/internal/execution/caching/CachingState;)Lorg/gradle/internal/execution/steps/UpToDateResult;+14
j  org.gradle.internal.execution.steps.ResolveIncrementalCachingStateStep.executeDelegate(Lorg/gradle/internal/execution/UnitOfWork;Lorg/gradle/internal/execution/steps/ValidationFinishedContext;Lorg/gradle/internal/execution/caching/CachingState;)Lorg/gradle/internal/execution/steps/UpToDateResult;+7
j  org.gradle.internal.execution.steps.AbstractResolveCachingStateStep.execute(Lorg/gradle/internal/execution/UnitOfWork;Lorg/gradle/internal/execution/steps/ValidationFinishedContext;)Lorg/gradle/internal/execution/steps/CachingResult;+51
j  org.gradle.internal.execution.steps.AbstractResolveCachingStateStep.execute(Lorg/gradle/internal/execution/UnitOfWork;Lorg/gradle/internal/execution/steps/Context;)Lorg/gradle/internal/execution/steps/Result;+6
j  org.gradle.internal.execution.steps.ResolveChangesStep.execute(Lorg/gradle/internal/execution/UnitOfWork;Lorg/gradle/internal/execution/steps/ValidationFinishedContext;)Lorg/gradle/internal/execution/steps/Result;+43
j  org.gradle.internal.execution.steps.ResolveChangesStep.execute(Lorg/gradle/internal/execution/UnitOfWork;Lorg/gradle/internal/execution/steps/Context;)Lorg/gradle/internal/execution/steps/Result;+6
j  org.gradle.internal.execution.steps.ValidateStep.execute(Lorg/gradle/internal/execution/UnitOfWork;Lorg/gradle/internal/execution/steps/BeforeExecutionContext;)Lorg/gradle/internal/execution/steps/Result;+255
j  org.gradle.internal.execution.steps.ValidateStep.execute(Lorg/gradle/internal/execution/UnitOfWork;Lorg/gradle/internal/execution/steps/Context;)Lorg/gradle/internal/execution/steps/Result;+6
j  org.gradle.internal.execution.steps.AbstractCaptureStateBeforeExecutionStep.execute(Lorg/gradle/internal/execution/UnitOfWork;Lorg/gradle/internal/execution/steps/PreviousExecutionContext;)Lorg/gradle/internal/execution/steps/CachingResult;+32
j  org.gradle.internal.execution.steps.AbstractCaptureStateBeforeExecutionStep.execute(Lorg/gradle/internal/execution/UnitOfWork;Lorg/gradle/internal/execution/steps/Context;)Lorg/gradle/internal/execution/steps/Result;+6
j  org.gradle.internal.execution.steps.AbstractSkipEmptyWorkStep.executeWithNonEmptySources(Lorg/gradle/internal/execution/UnitOfWork;Lorg/gradle/internal/execution/steps/WorkspaceContext;)Lorg/gradle/internal/execution/steps/CachingResult;+12
j  org.gradle.internal.execution.steps.AbstractSkipEmptyWorkStep.execute(Lorg/gradle/internal/execution/UnitOfWork;Lorg/gradle/internal/execution/steps/WorkspaceContext;)Lorg/gradle/internal/execution/steps/CachingResult;+83
j  org.gradle.internal.execution.steps.AbstractSkipEmptyWorkStep.execute(Lorg/gradle/internal/execution/UnitOfWork;Lorg/gradle/internal/execution/steps/Context;)Lorg/gradle/internal/execution/steps/Result;+6
j  org.gradle.internal.execution.steps.legacy.MarkSnapshottingInputsStartedStep.execute(Lorg/gradle/internal/execution/UnitOfWork;Lorg/gradle/internal/execution/steps/Context;)Lorg/gradle/internal/execution/steps/Result;+12
j  org.gradle.internal.execution.steps.LoadPreviousExecutionStateStep.execute(Lorg/gradle/internal/execution/UnitOfWork;Lorg/gradle/internal/execution/steps/WorkspaceContext;)Lorg/gradle/internal/execution/steps/AfterExecutionResult;+42
j  org.gradle.internal.execution.steps.LoadPreviousExecutionStateStep.execute(Lorg/gradle/internal/execution/UnitOfWork;Lorg/gradle/internal/execution/steps/Context;)Lorg/gradle/internal/execution/steps/Result;+6
j  org.gradle.internal.execution.steps.HandleStaleOutputsStep.execute(Lorg/gradle/internal/execution/UnitOfWork;Lorg/gradle/internal/execution/steps/WorkspaceContext;)Lorg/gradle/internal/execution/steps/AfterExecutionResult;+21
j  org.gradle.internal.execution.steps.HandleStaleOutputsStep.execute(Lorg/gradle/internal/execution/UnitOfWork;Lorg/gradle/internal/execution/steps/Context;)Lorg/gradle/internal/execution/steps/Result;+6
j  org.gradle.internal.execution.steps.AssignMutableWorkspaceStep.lambda$execute$0(Lorg/gradle/internal/execution/steps/IdentityContext;Lorg/gradle/internal/execution/UnitOfWork;Ljava/io/File;Lorg/gradle/internal/execution/history/ExecutionHistoryStore;)Lorg/gradle/internal/execution/steps/WorkspaceResult;+30
j  org.gradle.internal.execution.steps.AssignMutableWorkspaceStep$$Lambda$1727+0x0000022c5eaf4a60.executeInWorkspace(Ljava/io/File;Lorg/gradle/internal/execution/history/ExecutionHistoryStore;)Ljava/lang/Object;+14
j  org.gradle.api.internal.tasks.execution.TaskExecution$4.withWorkspace(Ljava/lang/String;Lorg/gradle/internal/execution/workspace/MutableWorkspaceProvider$WorkspaceAction;)Ljava/lang/Object;+33
j  org.gradle.internal.execution.steps.AssignMutableWorkspaceStep.execute(Lorg/gradle/internal/execution/UnitOfWork;Lorg/gradle/internal/execution/steps/IdentityContext;)Lorg/gradle/internal/execution/steps/WorkspaceResult;+26
j  org.gradle.internal.execution.steps.AssignMutableWorkspaceStep.execute(Lorg/gradle/internal/execution/UnitOfWork;Lorg/gradle/internal/execution/steps/Context;)Lorg/gradle/internal/execution/steps/Result;+6
J 10051 c1 org.gradle.internal.execution.steps.ChoosePipelineStep.execute(Lorg/gradle/internal/execution/UnitOfWork;Lorg/gradle/internal/execution/steps/IdentityContext;)Lorg/gradle/internal/execution/steps/Result; (71 bytes) @ 0x0000022c4749ceec [0x0000022c4749c6a0+0x000000000000084c]
J 10050 c1 org.gradle.internal.execution.steps.ChoosePipelineStep.execute(Lorg/gradle/internal/execution/UnitOfWork;Lorg/gradle/internal/execution/steps/Context;)Lorg/gradle/internal/execution/steps/Result; (10 bytes) @ 0x0000022c4749c234 [0x0000022c4749c0c0+0x0000000000000174]
j  org.gradle.internal.execution.steps.ExecuteWorkBuildOperationFiringStep.lambda$execute$2(Lorg/gradle/internal/execution/UnitOfWork;Lorg/gradle/internal/execution/steps/IdentityContext;)Lorg/gradle/internal/execution/steps/CachingResult;+6
j  org.gradle.internal.execution.steps.ExecuteWorkBuildOperationFiringStep$$Lambda$452+0x0000022c5e436438.get()Ljava/lang/Object;+12
J 10080 c1 org.gradle.internal.execution.steps.ExecuteWorkBuildOperationFiringStep.execute(Lorg/gradle/internal/execution/UnitOfWork;Lorg/gradle/internal/execution/steps/Context;)Lorg/gradle/internal/execution/steps/Result; (10 bytes) @ 0x0000022c474ad2b4 [0x0000022c474ac2c0+0x0000000000000ff4]
J 31113 c1 org.gradle.internal.execution.steps.IdentityCacheStep.execute(Lorg/gradle/internal/execution/UnitOfWork;Lorg/gradle/internal/execution/steps/Context;)Lorg/gradle/internal/execution/steps/Result; (10 bytes) @ 0x0000022c48a831a4 [0x0000022c48a82f60+0x0000000000000244]
j  org.gradle.internal.execution.steps.IdentifyStep.execute(Lorg/gradle/internal/execution/UnitOfWork;Lorg/gradle/internal/execution/steps/ExecutionRequestContext;)Lorg/gradle/internal/execution/steps/Result;+11
J 31112 c1 org.gradle.internal.execution.steps.IdentifyStep.execute(Lorg/gradle/internal/execution/UnitOfWork;Lorg/gradle/internal/execution/steps/Context;)Lorg/gradle/internal/execution/steps/Result; (10 bytes) @ 0x0000022c48a837b4 [0x0000022c48a83640+0x0000000000000174]
J 31111 c1 org.gradle.internal.execution.impl.DefaultExecutionEngine$1.execute()Lorg/gradle/internal/execution/ExecutionEngine$Result; (24 bytes) @ 0x0000022c48a83cb4 [0x0000022c48a83b60+0x0000000000000154]
j  org.gradle.api.internal.tasks.execution.ExecuteActionsTaskExecuter.executeIfValid(Lorg/gradle/api/internal/TaskInternal;Lorg/gradle/api/internal/tasks/TaskStateInternal;Lorg/gradle/api/internal/tasks/TaskExecutionContext;Lorg/gradle/api/internal/tasks/execution/TaskExecution;)Lorg/gradle/api/internal/tasks/TaskExecuterResult;+54
j  org.gradle.api.internal.tasks.execution.ExecuteActionsTaskExecuter.execute(Lorg/gradle/api/internal/TaskInternal;Lorg/gradle/api/internal/tasks/TaskStateInternal;Lorg/gradle/api/internal/tasks/TaskExecutionContext;)Lorg/gradle/api/internal/tasks/TaskExecuterResult;+65
j  org.gradle.api.internal.tasks.execution.ProblemsTaskPathTrackingTaskExecuter.execute(Lorg/gradle/api/internal/TaskInternal;Lorg/gradle/api/internal/tasks/TaskStateInternal;Lorg/gradle/api/internal/tasks/TaskExecutionContext;)Lorg/gradle/api/internal/tasks/TaskExecuterResult;+19
J 23324 c1 org.gradle.api.internal.tasks.execution.FinalizePropertiesTaskExecuter.execute(Lorg/gradle/api/internal/TaskInternal;Lorg/gradle/api/internal/tasks/TaskStateInternal;Lorg/gradle/api/internal/tasks/TaskExecutionContext;)Lorg/gradle/api/internal/tasks/TaskExecuterResult; (168 bytes) @ 0x0000022c488db05c [0x0000022c488daa00+0x000000000000065c]
j  org.gradle.api.internal.tasks.execution.ResolveTaskExecutionModeExecuter.execute(Lorg/gradle/api/internal/TaskInternal;Lorg/gradle/api/internal/tasks/TaskStateInternal;Lorg/gradle/api/internal/tasks/TaskExecutionContext;)Lorg/gradle/api/internal/tasks/TaskExecuterResult;+56
J 31168 c1 org.gradle.api.internal.tasks.execution.SkipTaskWithNoActionsExecuter.execute(Lorg/gradle/api/internal/TaskInternal;Lorg/gradle/api/internal/tasks/TaskStateInternal;Lorg/gradle/api/internal/tasks/TaskExecutionContext;)Lorg/gradle/api/internal/tasks/TaskExecuterResult; (126 bytes) @ 0x0000022c482f19c4 [0x0000022c482f0cc0+0x0000000000000d04]
j  org.gradle.api.internal.tasks.execution.SkipOnlyIfTaskExecuter.execute(Lorg/gradle/api/internal/TaskInternal;Lorg/gradle/api/internal/tasks/TaskStateInternal;Lorg/gradle/api/internal/tasks/TaskExecutionContext;)Lorg/gradle/api/internal/tasks/TaskExecuterResult;+199
j  org.gradle.api.internal.tasks.execution.CatchExceptionTaskExecuter.execute(Lorg/gradle/api/internal/TaskInternal;Lorg/gradle/api/internal/tasks/TaskStateInternal;Lorg/gradle/api/internal/tasks/TaskExecutionContext;)Lorg/gradle/api/internal/tasks/TaskExecuterResult;+7
j  org.gradle.api.internal.tasks.execution.EventFiringTaskExecuter$1.executeTask(Lorg/gradle/internal/operations/BuildOperationContext;)Lorg/gradle/api/internal/tasks/TaskExecuterResult;+136
j  org.gradle.api.internal.tasks.execution.EventFiringTaskExecuter$1.call(Lorg/gradle/internal/operations/BuildOperationContext;)Lorg/gradle/api/internal/tasks/TaskExecuterResult;+2
j  org.gradle.api.internal.tasks.execution.EventFiringTaskExecuter$1.call(Lorg/gradle/internal/operations/BuildOperationContext;)Ljava/lang/Object;+2
J 15126 c2 org.gradle.internal.operations.DefaultBuildOperationRunner$CallableBuildOperationWorker.execute(Lorg/gradle/internal/operations/BuildOperation;Lorg/gradle/internal/operations/BuildOperationContext;)V (10 bytes) @ 0x0000022c4e67c38c [0x0000022c4e67c320+0x000000000000006c]
J 18750 c2 org.gradle.internal.operations.DefaultBuildOperationRunner.call(Lorg/gradle/internal/operations/CallableBuildOperation;)Ljava/lang/Object; (24 bytes) @ 0x0000022c4ea050a4 [0x0000022c4ea03220+0x0000000000001e84]
J 31134 c1 org.gradle.api.internal.tasks.execution.EventFiringTaskExecuter.execute(Lorg/gradle/api/internal/TaskInternal;Lorg/gradle/api/internal/tasks/TaskStateInternal;Lorg/gradle/api/internal/tasks/TaskExecutionContext;)Lorg/gradle/api/internal/tasks/TaskExecuterResult; (24 bytes) @ 0x0000022c48a7a524 [0x0000022c48a7a2e0+0x0000000000000244]
J 30793 c1 org.gradle.execution.plan.LocalTaskNodeExecutor.execute(Lorg/gradle/execution/plan/Node;Lorg/gradle/api/internal/tasks/NodeExecutionContext;)Z (97 bytes) @ 0x0000022c46f39acc [0x0000022c46f38d40+0x0000000000000d8c]
J 30791 c1 org.gradle.execution.taskgraph.DefaultTaskExecutionGraph$InvokeNodeExecutorsAction.execute(Lorg/gradle/execution/plan/Node;)V (85 bytes) @ 0x0000022c48b0600c [0x0000022c48b058c0+0x000000000000074c]
J 30790 c1 org.gradle.execution.taskgraph.DefaultTaskExecutionGraph$InvokeNodeExecutorsAction.execute(Ljava/lang/Object;)V (9 bytes) @ 0x0000022c48b04fa4 [0x0000022c48b04e40+0x0000000000000164]
J 30788 c1 org.gradle.execution.taskgraph.DefaultTaskExecutionGraph$BuildOperationAwareExecutionAction$$Lambda$1687+0x0000022c5ead7da0.run()V (12 bytes) @ 0x0000022c48b07614 [0x0000022c48b074c0+0x0000000000000154]
J 19453 c1 org.gradle.internal.operations.CurrentBuildOperationRef.with(Lorg/gradle/internal/operations/BuildOperationRef;Ljava/lang/Runnable;)V (35 bytes) @ 0x0000022c47e81df4 [0x0000022c47e81880+0x0000000000000574]
J 23437 c1 org.gradle.execution.taskgraph.DefaultTaskExecutionGraph$BuildOperationAwareExecutionAction.execute(Ljava/lang/Object;)V (9 bytes) @ 0x0000022c489026ec [0x0000022c489020c0+0x000000000000062c]
J 23435 c1 org.gradle.execution.plan.DefaultPlanExecutor$ExecutorWorker.execute(Ljava/lang/Object;Lorg/gradle/execution/plan/WorkSource;Lorg/gradle/api/Action;)V (88 bytes) @ 0x0000022c489011c4 [0x0000022c48901020+0x00000000000001a4]
j  org.gradle.execution.plan.DefaultPlanExecutor$ExecutorWorker.run()V+75
J 5942 c1 org.gradle.internal.concurrent.ExecutorPolicy$CatchAndRecordFailures.onExecute(Ljava/lang/Runnable;)V (29 bytes) @ 0x0000022c46d1f9dc [0x0000022c46d1f8c0+0x000000000000011c]
j  org.gradle.internal.concurrent.AbstractManagedExecutor$1.run()V+25
j  java.util.concurrent.ThreadPoolExecutor.runWorker(Ljava/util/concurrent/ThreadPoolExecutor$Worker;)V+92 java.base@17.0.12
j  java.util.concurrent.ThreadPoolExecutor$Worker.run()V+5 java.base@17.0.12
j  java.lang.Thread.run()V+11 java.base@17.0.12
v  ~StubRoutines::call_stub

siginfo: EXCEPTION_ACCESS_VIOLATION (0xc0000005), reading address 0xffffffffffffffff


Registers:
RAX=0xd00000022c5d0003, RBX=0x0000000000000001, RCX=0x0000022c5d000001, RDX=0x0000022c5d0803e8
RSP=0x00000062279f5a28, RBP=0x00000062279f5b30, RSI=0x0000022c7d7241c0, RDI=0x00000062279f70d0
R8 =0x0000022c5d0803e8, R9 =0x0000022c5d000001, R10=0x0000022c02660e20, R11=0x0000022c5d3be6e8
R12=0x0000022c5d000001, R13=0x00000062279f8420, R14=0x00000062279f5bf0, R15=0x0000022c5d0803e8
RIP=0x00007ff822e3ed9c, EFLAGS=0x0000000000010293


Register to memory mapping:

RIP=0x00007ff822e3ed9c jvm.dll
RAX=0xd00000022c5d0003 is an unknown value
RBX=0x0000000000000001 is an unknown value
RCX=0x0000022c5d000001 is pointing into metadata
RDX=0x0000022c5d0803e8 is a pointer to class: 
java.util.List {0x0000022c5d0803f0}
 - instance size:     2
 - klass size:        63
 - access:            public interface abstract 
 - state:             fully_initialized
 - name:              'java/util/List'
 - super:             'java/lang/Object'
 - sub:               
 - nof implementors:  2
 - arrays:            'java/util/List'[]
 - methods:           Array<T>(0x0000022c5da88c58)
 - method ordering:   Array<T>(0x0000022c5da88b58)
 - default_methods:   Array<T>(0x0000022c5da88c28)
 - default vtable indices:   Array<T>(0x0000022c5da88b40)
 - local interfaces:  Array<T>(0x0000022c5da88c18)
 - trans. interfaces: Array<T>(0x0000022c5da88c00)
 - constants:         constant pool [217] {0x0000022c5da870d0} for 'java/util/List' cache=0x0000022c5d3bdc40
 - class loader data:  loader data: 0x0000022c5cb5fd10 of 'bootstrap'
 - source file:       'List.java'
 - class annotations:       Array<T>(0x0000000000000000)
 - class type annotations:  Array<T>(0x0000000000000000)
 - field annotations:       Array<T>(0x0000000000000000)
 - field type annotations:  Array<T>(0x0000000000000000)
 - generic signature: '<E:Ljava/lang/Object;>Ljava/lang/Object;Ljava/util/Collection<TE;>;'
 - inner classes:     Array<T>(0x0000022c5da89a60)
 - nest members:     Array<T>(0x0000022c5d5d1e80)
 - permitted subclasses:     Array<T>(0x0000022c5d5d1e80)
 - java mirror:       a 'java/lang/Class'{0x0000000080a04b88} = 'java/util/List'
 - vtable length      5  (start addr: 0x0000022c5d0805b0)
 - itable length      0 (start addr: 0x0000022c5d0805d8)
 - ---- static fields (0 words):
 - ---- non-static fields (0 words):
 - non-static oop maps: 
RSP=0x00000062279f5a28 is pointing into the stack for thread: 0x0000022c7d7241c0
RBP=0x00000062279f5b30 is pointing into the stack for thread: 0x0000022c7d7241c0
RSI=0x0000022c7d7241c0 is a thread
RDI=0x00000062279f70d0 is pointing into the stack for thread: 0x0000022c7d7241c0
R8 =0x0000022c5d0803e8 is a pointer to class: 
java.util.List {0x0000022c5d0803f0}
 - instance size:     2
 - klass size:        63
 - access:            public interface abstract 
 - state:             fully_initialized
 - name:              'java/util/List'
 - super:             'java/lang/Object'
 - sub:               
 - nof implementors:  2
 - arrays:            'java/util/List'[]
 - methods:           Array<T>(0x0000022c5da88c58)
 - method ordering:   Array<T>(0x0000022c5da88b58)
 - default_methods:   Array<T>(0x0000022c5da88c28)
 - default vtable indices:   Array<T>(0x0000022c5da88b40)
 - local interfaces:  Array<T>(0x0000022c5da88c18)
 - trans. interfaces: Array<T>(0x0000022c5da88c00)
 - constants:         constant pool [217] {0x0000022c5da870d0} for 'java/util/List' cache=0x0000022c5d3bdc40
 - class loader data:  loader data: 0x0000022c5cb5fd10 of 'bootstrap'
 - source file:       'List.java'
 - class annotations:       Array<T>(0x0000000000000000)
 - class type annotations:  Array<T>(0x0000000000000000)
 - field annotations:       Array<T>(0x0000000000000000)
 - field type annotations:  Array<T>(0x0000000000000000)
 - generic signature: '<E:Ljava/lang/Object;>Ljava/lang/Object;Ljava/util/Collection<TE;>;'
 - inner classes:     Array<T>(0x0000022c5da89a60)
 - nest members:     Array<T>(0x0000022c5d5d1e80)
 - permitted subclasses:     Array<T>(0x0000022c5d5d1e80)
 - java mirror:       a 'java/lang/Class'{0x0000000080a04b88} = 'java/util/List'
 - vtable length      5  (start addr: 0x0000022c5d0805b0)
 - itable length      0 (start addr: 0x0000022c5d0805d8)
 - ---- static fields (0 words):
 - ---- non-static fields (0 words):
 - non-static oop maps: 
R9 =0x0000022c5d000001 is pointing into metadata
R10=0x0000022c02660e20 points into unknown readable memory: 0x0000001e00000008 | 08 00 00 00 1e 00 00 00
R11={method} {0x0000022c5d3be6f0} 'iterator' '()Ljava/util/Iterator;' in 'java/util/List'
R12=0x0000022c5d000001 is pointing into metadata
R13=0x00000062279f8420 is pointing into the stack for thread: 0x0000022c7d7241c0
R14=0x00000062279f5bf0 is pointing into the stack for thread: 0x0000022c7d7241c0
R15=0x0000022c5d0803e8 is a pointer to class: 
java.util.List {0x0000022c5d0803f0}
 - instance size:     2
 - klass size:        63
 - access:            public interface abstract 
 - state:             fully_initialized
 - name:              'java/util/List'
 - super:             'java/lang/Object'
 - sub:               
 - nof implementors:  2
 - arrays:            'java/util/List'[]
 - methods:           Array<T>(0x0000022c5da88c58)
 - method ordering:   Array<T>(0x0000022c5da88b58)
 - default_methods:   Array<T>(0x0000022c5da88c28)
 - default vtable indices:   Array<T>(0x0000022c5da88b40)
 - local interfaces:  Array<T>(0x0000022c5da88c18)
 - trans. interfaces: Array<T>(0x0000022c5da88c00)
 - constants:         constant pool [217] {0x0000022c5da870d0} for 'java/util/List' cache=0x0000022c5d3bdc40
 - class loader data:  loader data: 0x0000022c5cb5fd10 of 'bootstrap'
 - source file:       'List.java'
 - class annotations:       Array<T>(0x0000000000000000)
 - class type annotations:  Array<T>(0x0000000000000000)
 - field annotations:       Array<T>(0x0000000000000000)
 - field type annotations:  Array<T>(0x0000000000000000)
 - generic signature: '<E:Ljava/lang/Object;>Ljava/lang/Object;Ljava/util/Collection<TE;>;'
 - inner classes:     Array<T>(0x0000022c5da89a60)
 - nest members:     Array<T>(0x0000022c5d5d1e80)
 - permitted subclasses:     Array<T>(0x0000022c5d5d1e80)
 - java mirror:       a 'java/lang/Class'{0x0000000080a04b88} = 'java/util/List'
 - vtable length      5  (start addr: 0x0000022c5d0805b0)
 - itable length      0 (start addr: 0x0000022c5d0805d8)
 - ---- static fields (0 words):
 - ---- non-static fields (0 words):
 - non-static oop maps: 


Top of Stack: (sp=0x00000062279f5a28)
0x00000062279f5a28:   00007ff822e62168 0000022c7f332118
0x00000062279f5a38:   0000022c7f332118 0000022c7d7241c0
0x00000062279f5a48:   00000062279f5c58 0000022c7d7241c0
0x00000062279f5a58:   0000022c7d7241c0 0000022c5d3be6e8
0x00000062279f5a68:   0000022c5d3be6e8 0000022c7d7241c0
0x00000062279f5a78:   00000062279f5c40 0000e0c4c8f8a140
0x00000062279f5a88:   0000022c798959f8 0000022c7d7241c0
0x00000062279f5a98:   00000062279f7020 00000062279f5b19
0x00000062279f5aa8:   00000062279f7020 00000062279f6fc4
0x00000062279f5ab8:   00000062279f8330 0000022c5e405e20
0x00000062279f5ac8:   00007ff822e61e8f 0000022c7d7241c0
0x00000062279f5ad8:   00000062279f7020 0000022c7f332120
0x00000062279f5ae8:   00000062279f5b78 0000022c5e405e20
0x00000062279f5af8:   0000022c4940ed01 0000022c7d7241c0
0x00000062279f5b08:   0000000000000000 0000022c798959f8
0x00000062279f5b18:   0000022c7d7241c0 00000000a0ff6288 

Instructions: (pc=0x00007ff822e3ed9c)
0x00007ff822e3ec9c:   5d 18 48 8d 43 08 48 3b 45 20 76 17 45 33 c0 48
0x00007ff822e3ecac:   8b cd 41 8d 50 08 e8 49 d0 b6 ff 48 8b d8 4c 89
0x00007ff822e3ecbc:   38 eb 0b 48 89 45 18 4c 89 3b eb 02 33 db 49 8b
0x00007ff822e3eccc:   4e 70 48 85 c9 74 0f ff 15 47 a3 55 00 48 85 c0
0x00007ff822e3ecdc:   0f 85 95 00 00 00 48 83 3d e6 f9 5c 00 00 49 8b
0x00007ff822e3ecec:   ad 38 02 00 00 48 8b 45 28 4c 8b 7d 10 4c 8b 65
0x00007ff822e3ecfc:   18 4c 8b 6d 20 48 89 44 24 70 74 17 49 8b ce e8
0x00007ff822e3ed0c:   20 ee ff ff 48 8b d0 48 8d 0d 56 43 3f 00 e8 c1
0x00007ff822e3ed1c:   e1 ff ff 48 8b 84 24 88 00 00 00 4c 8b ce 48 89
0x00007ff822e3ed2c:   44 24 28 4c 8b c3 48 8b d7 48 c7 44 24 20 00 00
0x00007ff822e3ed3c:   00 00 49 8b ce e8 5a c5 e4 ff 49 8b 07 48 8b 8c
0x00007ff822e3ed4c:   24 88 00 00 00 48 85 c0 74 15 48 8b 54 24 70 48
0x00007ff822e3ed5c:   8b cd e8 9d d2 b6 ff 49 8b cf e8 05 d2 b6 ff 4c
0x00007ff822e3ed6c:   89 6d 20 4c 89 65 18 4c 89 7d 10 48 8b 5c 24 78
0x00007ff822e3ed7c:   48 83 c4 30 41 5f 41 5e 41 5d 41 5c 5f 5e 5d c3
0x00007ff822e3ed8c:   cc cc cc cc 4c 8b c9 48 3b ca 74 30 48 8b 41 28
0x00007ff822e3ed9c:   48 63 08 85 c9 7e 1e 4c 8b c1 33 c9 48 83 c0 08
0x00007ff822e3edac:   0f 1f 40 00 48 39 10 74 0f 48 ff c1 48 83 c0 08
0x00007ff822e3edbc:   49 3b c8 7c ef 32 c0 c3 49 89 51 20 b0 01 c3 cc
0x00007ff822e3edcc:   cc cc cc cc 48 8b 05 b9 9e 5e 00 48 39 41 18 74
0x00007ff822e3eddc:   20 83 79 08 00 7e 09 80 b9 34 01 00 00 00 75 11
0x00007ff822e3edec:   48 81 c1 a4 00 00 00 ba 00 00 00 80 e9 e3 db ac
0x00007ff822e3edfc:   ff c3 cc cc 40 53 48 83 ec 20 48 8b d9 4c 8b c2
0x00007ff822e3ee0c:   48 8b 89 98 00 00 00 48 8d 54 24 30 e8 63 33 cb
0x00007ff822e3ee1c:   ff 48 8b 10 48 89 53 70 48 83 c4 20 5b c3 cc cc
0x00007ff822e3ee2c:   cc cc cc cc 40 53 48 83 ec 20 48 89 51 18 48 8b
0x00007ff822e3ee3c:   d9 48 85 d2 74 08 48 8b ca e8 76 8c 20 00 80 3d
0x00007ff822e3ee4c:   5a a2 5c 00 00 75 09 80 3d 52 a2 5c 00 00 74 13
0x00007ff822e3ee5c:   83 7b 08 00 7e 0d 48 8b cb 48 83 c4 20 5b e9 31
0x00007ff822e3ee6c:   cb 21 00 48 83 c4 20 5b c3 cc cc cc cc cc cc cc
0x00007ff822e3ee7c:   cc cc cc cc 40 56 48 83 ec 20 48 8b 51 18 48 8b
0x00007ff822e3ee8c:   f1 48 85 d2 75 0d 48 8d 05 4f bb 37 00 48 83 c4 


Stack slot to memory mapping:
stack at sp + 0 slots: 0x00007ff822e62168 jvm.dll
stack at sp + 1 slots: 0x0000022c7f332118 points into unknown readable memory: 0x00000000a0fb8160 | 60 81 fb a0 00 00 00 00
stack at sp + 2 slots: 0x0000022c7f332118 points into unknown readable memory: 0x00000000a0fb8160 | 60 81 fb a0 00 00 00 00
stack at sp + 3 slots: 0x0000022c7d7241c0 is a thread
stack at sp + 4 slots: 0x00000062279f5c58 is pointing into the stack for thread: 0x0000022c7d7241c0
stack at sp + 5 slots: 0x0000022c7d7241c0 is a thread
stack at sp + 6 slots: 0x0000022c7d7241c0 is a thread
stack at sp + 7 slots: {method} {0x0000022c5d3be6f0} 'iterator' '()Ljava/util/Iterator;' in 'java/util/List'

--------------------------------------------------------------------------------
Decoding CodeBlob, name: ic_miss_stub, at  [0x0000022c4d88ca80, 0x0000022c4d88cc40]  448 bytes
[MachCode]
  0x0000022c4d88ca80: 5548 8bec | 9c48 83ec | 0848 81ec | 8000 0000 | 4889 4424 | 7848 894c | 2470 4889 | 5424 6848 
  0x0000022c4d88caa0: 895c 2460 | 4889 6c24 | 5048 8974 | 2448 4889 | 7c24 404c | 8944 2438 | 4c89 4c24 | 304c 8954 
  0x0000022c4d88cac0: 2428 4c89 | 5c24 204c | 8964 2418 | 4c89 6c24 | 104c 8974 | 2408 4c89 | 3c24 4881 | ec80 0a00 
  0x0000022c4d88cae0: 0048 0fae | 0424 c5f8 | 7748 83ec | 20c5 f877 | 4989 a790 | 0200 0049 | 8bcf 49ba | 2022 fe22 
  0x0000022c4d88cb00: f87f 0000 | 41ff d249 | c787 9002 | 0000 0000 | 0000 49c7 | 8798 0200 | 0000 0000 | 00c5 f877 
  0x0000022c4d88cb20: 4981 7f08 | 0000 0000 | 0f85 8e00 | 0000 498b | 9ff0 0200 | 0049 c787 | f002 0000 | 0000 0000 
  0x0000022c4d88cb40: 4889 9c24 | 000b 0000 | 4889 8424 | 180b 0000 | 4883 c420 | c5f8 7748 | 0fae 0c24 | 4881 c480 
  0x0000022c4d88cb60: 0a00 004c | 8b3c 244c | 8b74 2408 | 4c8b 6c24 | 104c 8b64 | 2418 4c8b | 5c24 204c | 8b54 2428 
  0x0000022c4d88cb80: 4c8b 4c24 | 304c 8b44 | 2438 488b | 7c24 4048 | 8b74 2448 | 488b 6c24 | 5048 8b5c | 2460 488b 
  0x0000022c4d88cba0: 5424 6848 | 8b4c 2470 | 488b 4424 | 7848 81c4 | 8000 0000 | 4883 c408 | 9d5d ffe0 | 4883 c420 
  0x0000022c4d88cbc0: c5f8 7748 | 0fae 0c24 | 4881 c480 | 0a00 004c | 8b3c 244c | 8b74 2408 | 4c8b 6c24 | 104c 8b64 
  0x0000022c4d88cbe0: 2418 4c8b | 5c24 204c | 8b54 2428 | 4c8b 4c24 | 304c 8b44 | 2438 488b | 7c24 4048 | 8b74 2448 
  0x0000022c4d88cc00: 488b 6c24 | 5048 8b5c | 2460 488b | 5424 6848 | 8b4c 2470 | 488b 4424 | 7848 81c4 | 8000 0000 
  0x0000022c4d88cc20: 4883 c408 | 9d5d 49c7 | 87e8 0200 | 0000 0000 | 0049 8b47 | 08e9 c642 | fbff f4f4 | f4f4 f4f4 
[/MachCode]
--------------------------------------------------------------------------------


Compiled method (c1)  116484 27920   !   3       jdk.nio.zipfs.ZipFileSystem::close (390 bytes)
 total in heap  [0x0000022c49085310,0x0000022c4908be38] = 27432
 relocation     [0x0000022c49085468,0x0000022c49085a70] = 1544
 main code      [0x0000022c49085a80,0x0000022c49089f40] = 17600
 stub code      [0x0000022c49089f40,0x0000022c4908a218] = 728
 oops           [0x0000022c4908a218,0x0000022c4908a228] = 16
 metadata       [0x0000022c4908a228,0x0000022c4908a318] = 240
 scopes data    [0x0000022c4908a318,0x0000022c4908acb0] = 2456
 scopes pcs     [0x0000022c4908acb0,0x0000022c4908b810] = 2912
 dependencies   [0x0000022c4908b810,0x0000022c4908b850] = 64
 handler table  [0x0000022c4908b850,0x0000022c4908bc98] = 1096
 nul chk table  [0x0000022c4908bc98,0x0000022c4908be38] = 416

[Constant Pool (empty)]

[MachCode]
[Entry Point]
  # {method} {0x0000022c798902f8} 'close' '()V' in 'jdk/nio/zipfs/ZipFileSystem'
  #           [sp+0x160]  (sp of caller)
  0x0000022c49085a80: 448b 5208 | 49bb 0000 | 005d 2c02 | 0000 4d03 | d34c 3bd0 

  0x0000022c49085a94: ;   {runtime_call ic_miss_stub}
  0x0000022c49085a94: 0f85 e66f | 8004 660f | 1f44 0000 
[Verified Entry Point]
  0x0000022c49085aa0: 8984 2400 | 90ff ff55 | 4881 ec50 | 0100 0048 | 8954 2478 

  0x0000022c49085ab4: ;   {metadata(method data for {method} {0x0000022c798902f8} 'close' '()V' in 'jdk/nio/zipfs/ZipFileSystem')}
  0x0000022c49085ab4: 49b8 8897 | 030e 2c02 | 0000 418b | b0cc 0000 | 0083 c602 | 4189 b0cc | 0000 0081 | e6fe 0700 
  0x0000022c49085ad4: 0083 fe00 | 0f84 a639 | 0000 4c8b 

  0x0000022c49085ae0: ;   {metadata(method data for {method} {0x0000022c798902f8} 'close' '()V' in 'jdk/nio/zipfs/ZipFileSystem')}
  0x0000022c49085ae0: c248 be88 | 9703 0e2c | 0200 0048 | 8386 1001 

  0x0000022c49085af0: ;   {metadata(method data for {method} {0x0000022c79892ad8} 'beginWrite' '()V' in 'jdk/nio/zipfs/ZipFileSystem')}
  0x0000022c49085af0: 0000 0149 | b8c0 a967 | 072c 0200 | 0041 8bb0 | cc00 0000 | 83c6 0241 | 89b0 cc00 | 0000 81e6 
  0x0000022c49085b10: feff 1f00 | 83fe 000f | 8488 3900 | 0044 8b42 | 6849 83f8 | 000f 842a 

  0x0000022c49085b28: ;   {metadata('java/util/concurrent/locks/ReentrantReadWriteLock')}
  0x0000022c49085b28: 0000 0048 | b8a8 ea3e | 5e2c 0200 | 0041 8b58 | 0849 ba00 | 0000 5d2c | 0200 0049 | 03da 483b 
  0x0000022c49085b48: 4338 0f85 | 7639 0000 | e900 0000 | 0049 8bf0 

  0x0000022c49085b58: ; implicit exception: dispatches to 0x0000022c490894cb
  0x0000022c49085b58: 493b 0049 

  0x0000022c49085b5c: ;   {metadata(method data for {method} {0x0000022c79892ad8} 'beginWrite' '()V' in 'jdk/nio/zipfs/ZipFileSystem')}
  0x0000022c49085b5c: 8bf0 48bf | c0a9 6707 | 2c02 0000 | 4883 8728 | 0100 0001 

  0x0000022c49085b70: ;   {metadata(method data for {method} {0x0000022c797ae860} 'writeLock' '()Ljava/util/concurrent/locks/Lock;' in 'java/util/concurrent/locks/ReentrantReadWriteLock')}
  0x0000022c49085b70: 48be a853 | ff06 2c02 | 0000 8bbe | cc00 0000 | 83c7 0289 | becc 0000 | 0081 e7fe | ff1f 0083 
  0x0000022c49085b90: ff00 0f84 | 3839 0000 

  0x0000022c49085b98: ;   {metadata(method data for {method} {0x0000022c797ae860} 'writeLock' '()Ljava/util/concurrent/locks/Lock;' in 'java/util/concurrent/locks/ReentrantReadWriteLock')}
  0x0000022c49085b98: 498b f048 | bfa8 53ff | 062c 0200 | 0048 8387 | 2801 0000 | 0145 8b40 | 1049 3b00 

  0x0000022c49085bb4: ;   {metadata(method data for {method} {0x0000022c79892ad8} 'beginWrite' '()V' in 'jdk/nio/zipfs/ZipFileSystem')}
  0x0000022c49085bb4: 498b f048 | bfc0 a967 | 072c 0200 | 0048 8387 | 6001 0000 

  0x0000022c49085bc8: ;   {metadata(method data for {method} {0x0000022c797b3be0} 'lock' '()V' in 'java/util/concurrent/locks/ReentrantReadWriteLock$WriteLock')}
  0x0000022c49085bc8: 0148 be30 | 55ff 062c | 0200 008b | becc 0000 | 0083 c702 | 89be cc00 | 0000 81e7 | feff 1f00 
  0x0000022c49085be8: 83ff 000f | 8405 3900 | 0041 8b70 | 0c48 3b06 

  0x0000022c49085bf8: ;   {metadata(method data for {method} {0x0000022c797b3be0} 'lock' '()V' in 'java/util/concurrent/locks/ReentrantReadWriteLock$WriteLock')}
  0x0000022c49085bf8: 4c8b c648 | bf30 55ff | 062c 0200 | 0048 8387 | 1001 0000 | 0141 b801 | 0000 0048 

  0x0000022c49085c14: ;   {optimized virtual_call}
  0x0000022c49085c14: 8bd6 90e8 

  0x0000022c49085c18: ; ImmutableOopMap {[120]=Oop }
                      ;*invokevirtual acquire {reexecute=0 rethrow=0 return_oop=0}
                      ; - java.util.concurrent.locks.ReentrantReadWriteLock$WriteLock::lock@5 (line 959)
                      ; - jdk.nio.zipfs.ZipFileSystem::beginWrite@9 (line 1195)
                      ; - jdk.nio.zipfs.ZipFileSystem::close@1 (line 478)
  0x0000022c49085c18: c461 3ffe | 488b 5424 | 7844 0fbe | 422d 4183 

  0x0000022c49085c28: ;   {metadata(method data for {method} {0x0000022c798902f8} 'close' '()V' in 'jdk/nio/zipfs/ZipFileSystem')}
  0x0000022c49085c28: f800 49b8 | 8897 030e | 2c02 0000 | 48be 4801 | 0000 0000 | 0000 0f85 | 0a00 0000 | 48be 5801 
  0x0000022c49085c48: 0000 0000 | 0000 498b | 3c30 488d | 7f01 4989 | 3c30 0f85 | a402 0000 

  0x0000022c49085c60: ;   {metadata(method data for {method} {0x0000022c798902f8} 'close' '()V' in 'jdk/nio/zipfs/ZipFileSystem')}
  0x0000022c49085c60: 4c8b c248 | be88 9703 | 0e2c 0200 | 0048 8386 | 6801 0000 

  0x0000022c49085c74: ;   {metadata(method data for {method} {0x0000022c79892b88} 'endWrite' '()V' in 'jdk/nio/zipfs/ZipFileSystem')}
  0x0000022c49085c74: 0149 b880 | ab67 072c | 0200 0041 | 8bb0 cc00 | 0000 83c6 | 0241 89b0 | cc00 0000 | 81e6 feff 
  0x0000022c49085c94: 1f00 83fe | 000f 847d | 3800 0044 | 8b42 6849 | 83f8 000f | 842a 0000 

  0x0000022c49085cac: ;   {metadata('java/util/concurrent/locks/ReentrantReadWriteLock')}
  0x0000022c49085cac: 0048 bba8 | ea3e 5e2c | 0200 0041 | 8b78 0849 | ba00 0000 | 5d2c 0200 | 0049 03fa | 483b 5f38 
  0x0000022c49085ccc: 0f85 6b38 | 0000 e900 | 0000 0049 | 8bd0 493b | 0049 8bd0 

  0x0000022c49085ce0: ;   {metadata(method data for {method} {0x0000022c79892b88} 'endWrite' '()V' in 'jdk/nio/zipfs/ZipFileSystem')}
  0x0000022c49085ce0: 48be 80ab | 6707 2c02 | 0000 4883 | 8628 0100 

  0x0000022c49085cf0: ;   {metadata(method data for {method} {0x0000022c797ae860} 'writeLock' '()Ljava/util/concurrent/locks/Lock;' in 'java/util/concurrent/locks/ReentrantReadWriteLock')}
  0x0000022c49085cf0: 0001 48ba | a853 ff06 | 2c02 0000 | 8bb2 cc00 | 0000 83c6 | 0289 b2cc | 0000 0081 | e6fe ff1f 
  0x0000022c49085d10: 0083 fe00 | 0f84 2d38 | 0000 498b 

  0x0000022c49085d1c: ;   {metadata(method data for {method} {0x0000022c797ae860} 'writeLock' '()Ljava/util/concurrent/locks/Lock;' in 'java/util/concurrent/locks/ReentrantReadWriteLock')}
  0x0000022c49085d1c: d048 bea8 | 53ff 062c | 0200 0048 | 8386 2801 | 0000 0145 | 8b40 1049 | 3b00 498b 

  0x0000022c49085d38: ;   {metadata(method data for {method} {0x0000022c79892b88} 'endWrite' '()V' in 'jdk/nio/zipfs/ZipFileSystem')}
  0x0000022c49085d38: d048 be80 | ab67 072c | 0200 0048 | 8386 6001 

  0x0000022c49085d48: ;   {metadata(method data for {method} {0x0000022c797b3ea8} 'unlock' '()V' in 'java/util/concurrent/locks/ReentrantReadWriteLock$WriteLock')}
  0x0000022c49085d48: 0000 0148 | bab8 56ff | 062c 0200 | 008b b2cc | 0000 0083 | c602 89b2 | cc00 0000 | 81e6 feff 
  0x0000022c49085d68: 1f00 83fe | 000f 84fa | 3700 0041 | 8b70 0c48 | 3b06 4c8b 

  0x0000022c49085d7c: ;   {metadata(method data for {method} {0x0000022c797b3ea8} 'unlock' '()V' in 'java/util/concurrent/locks/ReentrantReadWriteLock$WriteLock')}
  0x0000022c49085d7c: c648 bab8 | 56ff 062c | 0200 0048 | 8382 1001 

  0x0000022c49085d8c: ;   {metadata(method data for {method} {0x0000022c5d034ee0} 'release' '(I)Z' in 'java/util/concurrent/locks/AbstractQueuedSynchronizer')}
  0x0000022c49085d8c: 0000 0149 | b800 c49a | 782c 0200 | 0041 8b90 | cc00 0000 | 83c2 0241 | 8990 cc00 | 0000 81e2 
  0x0000022c49085dac: feff 1f00 | 83fa 000f | 84da 3700 | 004c 8bc6 

  0x0000022c49085dbc: ;   {metadata(method data for {method} {0x0000022c5d034ee0} 'release' '(I)Z' in 'java/util/concurrent/locks/AbstractQueuedSynchronizer')}
  0x0000022c49085dbc: 48ba 00c4 | 9a78 2c02 | 0000 458b | 4008 49ba | 0000 005d | 2c02 0000 | 4d03 c24c | 3b82 2001 
  0x0000022c49085ddc: 0000 750d | 4883 8228 | 0100 0001 | e966 0000 | 004c 3b82 | 3001 0000 | 750d 4883 | 8238 0100 
  0x0000022c49085dfc: 0001 e950 | 0000 0048 | 81ba 2001 | 0000 0000 | 0000 7517 | 4c89 8220 | 0100 0048 | c782 2801 
  0x0000022c49085e1c: 0000 0100 | 0000 e92c | 0000 0048 | 81ba 3001 | 0000 0000 | 0000 7517 | 4c89 8230 | 0100 0048 
  0x0000022c49085e3c: c782 3801 | 0000 0100 | 0000 e908 | 0000 0048 | 8382 1001 | 0000 0141 | b801 0000 | 0048 8bd6 
  0x0000022c49085e5c: 4889 b424 | 8000 0000 

  0x0000022c49085e64: ;   {optimized virtual_call}
  0x0000022c49085e64: 6666 90e8 

  0x0000022c49085e68: ; ImmutableOopMap {[128]=Oop }
                      ;*invokevirtual tryRelease {reexecute=0 rethrow=0 return_oop=0}
                      ; - java.util.concurrent.locks.AbstractQueuedSynchronizer::release@2 (line 1007)
                      ; - java.util.concurrent.locks.ReentrantReadWriteLock$WriteLock::unlock@5 (line 1147)
                      ; - jdk.nio.zipfs.ZipFileSystem::endWrite@9 (line 1199)
                      ; - jdk.nio.zipfs.ZipFileSystem::close@12 (line 484)
  0x0000022c49085e68: 3456 2406 

  0x0000022c49085e6c: ;   {metadata(method data for {method} {0x0000022c5d034ee0} 'release' '(I)Z' in 'java/util/concurrent/locks/AbstractQueuedSynchronizer')}
  0x0000022c49085e6c: 83f8 0048 | ba00 c49a | 782c 0200 | 0048 be48 | 0100 0000 | 0000 000f | 840a 0000 | 0048 be58 
  0x0000022c49085e8c: 0100 0000 | 0000 0048 | 8b3c 3248 | 8d7f 0148 | 893c 320f | 8443 0000 | 0048 8bb4 | 2480 0000 
  0x0000022c49085eac: 008b 5614 

  0x0000022c49085eb0: ;   {metadata(method data for {method} {0x0000022c5d034ee0} 'release' '(I)Z' in 'java/util/concurrent/locks/AbstractQueuedSynchronizer')}
  0x0000022c49085eb0: 48be 00c4 | 9a78 2c02 | 0000 4883 | 8668 0100 | 0001 0f1f 

  0x0000022c49085ec4: ;   {static_call}
  0x0000022c49085ec4: 4400 00e8 

  0x0000022c49085ec8: ; ImmutableOopMap {}
                      ;*invokestatic signalNext {reexecute=0 rethrow=0 return_oop=0}
                      ; - java.util.concurrent.locks.AbstractQueuedSynchronizer::release@12 (line 1008)
                      ; - java.util.concurrent.locks.ReentrantReadWriteLock$WriteLock::unlock@5 (line 1147)
                      ; - jdk.nio.zipfs.ZipFileSystem::endWrite@9 (line 1199)
                      ; - jdk.nio.zipfs.ZipFileSystem::close@12 (line 484)
  0x0000022c49085ec8: 54b3 df04 | 41b8 0100 | 0000 4881 | c450 0100 

  0x0000022c49085ed8: ;   {poll_return}
  0x0000022c49085ed8: 005d 493b | a748 0300 | 000f 87cd | 3600 00c3 | 41b8 0000 | 0000 4881 | c450 0100 

  0x0000022c49085ef4: ;   {poll_return}
  0x0000022c49085ef4: 005d 493b | a748 0300 | 000f 87c7 | 3600 00c3 | 41b8 0000 | 0000 4488 | 422d f083 | 4424 c000 
  0x0000022c49085f14: ;   {metadata(method data for {method} {0x0000022c798902f8} 'close' '()V' in 'jdk/nio/zipfs/ZipFileSystem')}
  0x0000022c49085f14: 4c8b c248 | be88 9703 | 0e2c 0200 | 0048 8386 | a001 0000 

  0x0000022c49085f28: ;   {metadata(method data for {method} {0x0000022c79892b88} 'endWrite' '()V' in 'jdk/nio/zipfs/ZipFileSystem')}
  0x0000022c49085f28: 0149 b880 | ab67 072c | 0200 0041 | 8bb0 cc00 | 0000 83c6 | 0241 89b0 | cc00 0000 | 81e6 feff 
  0x0000022c49085f48: 1f00 83fe | 000f 848d | 3600 0044 | 8b42 6849 | 83f8 000f | 842a 0000 

  0x0000022c49085f60: ;   {metadata('java/util/concurrent/locks/ReentrantReadWriteLock')}
  0x0000022c49085f60: 0048 b8a8 | ea3e 5e2c | 0200 0041 | 8b58 0849 | ba00 0000 | 5d2c 0200 | 0049 03da | 483b 4338 
  0x0000022c49085f80: 0f85 7b36 | 0000 e900 | 0000 0049 | 8bf0 493b | 0049 8bf0 

  0x0000022c49085f94: ;   {metadata(method data for {method} {0x0000022c79892b88} 'endWrite' '()V' in 'jdk/nio/zipfs/ZipFileSystem')}
  0x0000022c49085f94: 48bf 80ab | 6707 2c02 | 0000 4883 | 8728 0100 

  0x0000022c49085fa4: ;   {metadata(method data for {method} {0x0000022c797ae860} 'writeLock' '()Ljava/util/concurrent/locks/Lock;' in 'java/util/concurrent/locks/ReentrantReadWriteLock')}
  0x0000022c49085fa4: 0001 48be | a853 ff06 | 2c02 0000 | 8bbe cc00 | 0000 83c7 | 0289 becc | 0000 0081 | e7fe ff1f 
  0x0000022c49085fc4: 0083 ff00 | 0f84 3d36 | 0000 498b 

  0x0000022c49085fd0: ;   {metadata(method data for {method} {0x0000022c797ae860} 'writeLock' '()Ljava/util/concurrent/locks/Lock;' in 'java/util/concurrent/locks/ReentrantReadWriteLock')}
  0x0000022c49085fd0: f048 bfa8 | 53ff 062c | 0200 0048 | 8387 2801 | 0000 0145 | 8b40 1049 | 3b00 498b 

  0x0000022c49085fec: ;   {metadata(method data for {method} {0x0000022c79892b88} 'endWrite' '()V' in 'jdk/nio/zipfs/ZipFileSystem')}
  0x0000022c49085fec: f048 bf80 | ab67 072c | 0200 0048 | 8387 6001 

  0x0000022c49085ffc: ;   {metadata(method data for {method} {0x0000022c797b3ea8} 'unlock' '()V' in 'java/util/concurrent/locks/ReentrantReadWriteLock$WriteLock')}
  0x0000022c49085ffc: 0000 0148 | beb8 56ff | 062c 0200 | 008b becc | 0000 0083 | c702 89be | cc00 0000 | 81e7 feff 
  0x0000022c4908601c: 1f00 83ff | 000f 840a | 3600 0041 | 8b70 0c48 | 3b06 4c8b 

  0x0000022c49086030: ;   {metadata(method data for {method} {0x0000022c797b3ea8} 'unlock' '()V' in 'java/util/concurrent/locks/ReentrantReadWriteLock$WriteLock')}
  0x0000022c49086030: c648 bfb8 | 56ff 062c | 0200 0048 | 8387 1001 

  0x0000022c49086040: ;   {metadata(method data for {method} {0x0000022c5d034ee0} 'release' '(I)Z' in 'java/util/concurrent/locks/AbstractQueuedSynchronizer')}
  0x0000022c49086040: 0000 0149 | b800 c49a | 782c 0200 | 0041 8bb8 | cc00 0000 | 83c7 0241 | 89b8 cc00 | 0000 81e7 
  0x0000022c49086060: feff 1f00 | 83ff 000f | 84ea 3500 | 004c 8bc6 

  0x0000022c49086070: ;   {metadata(method data for {method} {0x0000022c5d034ee0} 'release' '(I)Z' in 'java/util/concurrent/locks/AbstractQueuedSynchronizer')}
  0x0000022c49086070: 48bf 00c4 | 9a78 2c02 | 0000 458b | 4008 49ba | 0000 005d | 2c02 0000 | 4d03 c24c | 3b87 2001 
  0x0000022c49086090: 0000 750d | 4883 8728 | 0100 0001 | e966 0000 | 004c 3b87 | 3001 0000 | 750d 4883 | 8738 0100 
  0x0000022c490860b0: 0001 e950 | 0000 0048 | 81bf 2001 | 0000 0000 | 0000 7517 | 4c89 8720 | 0100 0048 | c787 2801 
  0x0000022c490860d0: 0000 0100 | 0000 e92c | 0000 0048 | 81bf 3001 | 0000 0000 | 0000 7517 | 4c89 8730 | 0100 0048 
  0x0000022c490860f0: c787 3801 | 0000 0100 | 0000 e908 | 0000 0048 | 8387 1001 | 0000 0141 | b801 0000 | 0048 8bd6 
  0x0000022c49086110: 4889 b424 | 8800 0000 | 0f1f 8000 

  0x0000022c4908611c: ;   {optimized virtual_call}
  0x0000022c4908611c: 0000 00e8 

  0x0000022c49086120: ; ImmutableOopMap {[120]=Oop [136]=Oop }
                      ;*invokevirtual tryRelease {reexecute=0 rethrow=0 return_oop=0}
                      ; - java.util.concurrent.locks.AbstractQueuedSynchronizer::release@2 (line 1007)
                      ; - java.util.concurrent.locks.ReentrantReadWriteLock$WriteLock::unlock@5 (line 1147)
                      ; - jdk.nio.zipfs.ZipFileSystem::endWrite@9 (line 1199)
                      ; - jdk.nio.zipfs.ZipFileSystem::close@22 (line 484)
  0x0000022c49086120: 7c53 2406 

  0x0000022c49086124: ;   {metadata(method data for {method} {0x0000022c5d034ee0} 'release' '(I)Z' in 'java/util/concurrent/locks/AbstractQueuedSynchronizer')}
  0x0000022c49086124: 83f8 0048 | ba00 c49a | 782c 0200 | 0048 be48 | 0100 0000 | 0000 000f | 840a 0000 | 0048 be58 
  0x0000022c49086144: 0100 0000 | 0000 0048 | 8b3c 3248 | 8d7f 0148 | 893c 320f | 8431 0000 | 0048 8bb4 | 2488 0000 
  0x0000022c49086164: 008b 5614 

  0x0000022c49086168: ;   {metadata(method data for {method} {0x0000022c5d034ee0} 'release' '(I)Z' in 'java/util/concurrent/locks/AbstractQueuedSynchronizer')}
  0x0000022c49086168: 48be 00c4 | 9a78 2c02 | 0000 4883 | 8668 0100 | 0001 0f1f 

  0x0000022c4908617c: ;   {static_call}
  0x0000022c4908617c: 4400 00e8 

  0x0000022c49086180: ; ImmutableOopMap {[120]=Oop }
                      ;*invokestatic signalNext {reexecute=0 rethrow=0 return_oop=0}
                      ; - java.util.concurrent.locks.AbstractQueuedSynchronizer::release@12 (line 1008)
                      ; - java.util.concurrent.locks.ReentrantReadWriteLock$WriteLock::unlock@5 (line 1147)
                      ; - jdk.nio.zipfs.ZipFileSystem::endWrite@9 (line 1199)
                      ; - jdk.nio.zipfs.ZipFileSystem::close@22 (line 484)
  0x0000022c49086180: 9cb0 df04 | ba01 0000 | 00e9 0500 | 0000 ba00 

  0x0000022c49086190: ;   {metadata(method data for {method} {0x0000022c798902f8} 'close' '()V' in 'jdk/nio/zipfs/ZipFileSystem')}
  0x0000022c49086190: 0000 0048 | ba88 9703 | 0e2c 0200 | 00ff 82d8 | 0100 0048 | 8b54 2478 | 8b72 5448 | 3b06 488b 
  0x0000022c490861b0: ;   {metadata(method data for {method} {0x0000022c798902f8} 'close' '()V' in 'jdk/nio/zipfs/ZipFileSystem')}
  0x0000022c490861b0: fe48 bb88 | 9703 0e2c | 0200 008b | 7f08 49ba | 0000 005d | 2c02 0000 | 4903 fa48 | 3bbb 3802 
  0x0000022c490861d0: 0000 750d | 4883 8340 | 0200 0001 | e966 0000 | 0048 3bbb | 4802 0000 | 750d 4883 | 8350 0200 
  0x0000022c490861f0: 0001 e950 | 0000 0048 | 81bb 3802 | 0000 0000 | 0000 7517 | 4889 bb38 | 0200 0048 | c783 4002 
  0x0000022c49086210: 0000 0100 | 0000 e92c | 0000 0048 | 81bb 4802 | 0000 0000 | 0000 7517 | 4889 bb48 | 0200 0048 
  0x0000022c49086230: c783 5002 | 0000 0100 | 0000 e908 | 0000 0048 | 8383 2802 | 0000 0148 | 8bd6 6666 | 9048 b8e0 
  0x0000022c49086250: 431e 5d2c 

  0x0000022c49086254: ;   {virtual_call}
  0x0000022c49086254: 0200 00e8 

  0x0000022c49086258: ; ImmutableOopMap {[120]=Oop }
                      ;*invokeinterface isEmpty {reexecute=0 rethrow=0 return_oop=0}
                      ; - jdk.nio.zipfs.ZipFileSystem::close@39 (line 486)
  0x0000022c49086258: e45d 0000 

  0x0000022c4908625c: ;   {metadata(method data for {method} {0x0000022c798902f8} 'close' '()V' in 'jdk/nio/zipfs/ZipFileSystem')}
  0x0000022c4908625c: 83f8 0048 | ba88 9703 | 0e2c 0200 | 0048 be60 | 0200 0000 | 0000 000f | 850a 0000 | 0048 be70 
  0x0000022c4908627c: 0200 0000 | 0000 0048 | 8b3c 3248 | 8d7f 0148 | 893c 320f | 8558 0600 | 0048 8b54 | 2478 488b 
  0x0000022c4908629c: ;   {metadata('java/util/HashSet')}
  0x0000022c4908629c: da48 bad8 | 7d10 5d2c | 0200 0049 | 8b87 0801 | 0000 488d | 7810 493b | bf18 0100 | 000f 87be 
  0x0000022c490862bc: 3300 0049 | 89bf 0801 | 0000 48c7 | 0001 0000 | 0048 8bca | 49ba 0000 | 005d 2c02 | 0000 492b 
  0x0000022c490862dc: ca89 4808 | 4833 c989 | 480c 4833 | c944 8b43 | 5448 8bd0 

  0x0000022c490862f0: ;   {metadata(method data for {method} {0x0000022c798902f8} 'close' '()V' in 'jdk/nio/zipfs/ZipFileSystem')}
  0x0000022c490862f0: 48be 8897 | 030e 2c02 | 0000 4883 | 8680 0200 | 0001 488b | d048 8984 | 2490 0000 

  0x0000022c4908630c: ;   {optimized virtual_call}
  0x0000022c4908630c: 0066 90e8 

  0x0000022c49086310: ; ImmutableOopMap {[120]=Oop [144]=Oop }
                      ;*invokespecial <init> {reexecute=0 rethrow=0 return_oop=0}
                      ; - jdk.nio.zipfs.ZipFileSystem::close@55 (line 487)
  0x0000022c49086310: 6c6a 8004 | 488b 8424 | 9000 0000 

  0x0000022c4908631c: ;   {metadata(method data for {method} {0x0000022c798902f8} 'close' '()V' in 'jdk/nio/zipfs/ZipFileSystem')}
  0x0000022c4908631c: 48ba 8897 | 030e 2c02 | 0000 8b40 | 0849 ba00 | 0000 5d2c | 0200 0049 | 03c2 483b | 82a0 0200 
  0x0000022c4908633c: 0075 0d48 | 8382 a802 | 0000 01e9 | 6600 0000 | 483b 82b0 | 0200 0075 | 0d48 8382 | b802 0000 
  0x0000022c4908635c: 01e9 5000 | 0000 4881 | baa0 0200 | 0000 0000 | 0075 1748 | 8982 a002 | 0000 48c7 | 82a8 0200 
  0x0000022c4908637c: 0001 0000 | 00e9 2c00 | 0000 4881 | bab0 0200 | 0000 0000 | 0075 1748 | 8982 b002 | 0000 48c7 
  0x0000022c4908639c: 82b8 0200 | 0001 0000 | 00e9 0800 | 0000 4883 | 8290 0200 

  0x0000022c490863b0: ;   {metadata(method data for {method} {0x0000022c5d109380} 'iterator' '()Ljava/util/Iterator;' in 'java/util/HashSet')}
  0x0000022c490863b0: 0001 48ba | f0ff 0278 | 2c02 0000 | 8bb2 cc00 | 0000 83c6 | 0289 b2cc | 0000 0081 | e6fe ff1f 
  0x0000022c490863d0: 0083 fe00 | 0f84 b032 | 0000 488b | 8424 9000 | 0000 8b50 | 0c48 3b02 

  0x0000022c490863e8: ;   {metadata(method data for {method} {0x0000022c5d109380} 'iterator' '()Ljava/util/Iterator;' in 'java/util/HashSet')}
  0x0000022c490863e8: 488b f248 | bff0 ff02 | 782c 0200 | 008b 7608 | 49ba 0000 | 005d 2c02 | 0000 4903 | f248 3bb7 
  0x0000022c49086408: 2001 0000 | 750d 4883 | 8728 0100 | 0001 e966 | 0000 0048 | 3bb7 3001 | 0000 750d | 4883 8738 
  0x0000022c49086428: 0100 0001 | e950 0000 | 0048 81bf | 2001 0000 | 0000 0000 | 7517 4889 | b720 0100 | 0048 c787 
  0x0000022c49086448: 2801 0000 | 0100 0000 | e92c 0000 | 0048 81bf | 3001 0000 | 0000 0000 | 7517 4889 | b730 0100 
  0x0000022c49086468: 0048 c787 | 3801 0000 | 0100 0000 | e908 0000 | 0048 8387 | 1001 0000 | 010f 1f40 | 0048 b8ff 
  0x0000022c49086488: ffff ffff 

  0x0000022c4908648c: ;   {virtual_call}
  0x0000022c4908648c: ffff ffe8 

  0x0000022c49086490: ; ImmutableOopMap {[120]=Oop }
                      ;*invokevirtual keySet {reexecute=0 rethrow=0 return_oop=0}
                      ; - java.util.HashSet::iterator@4 (line 174)
                      ; - jdk.nio.zipfs.ZipFileSystem::close@60 (line 488)
  0x0000022c49086490: ec6b 8004 

  0x0000022c49086494: ; implicit exception: dispatches to 0x0000022c490896b0
  0x0000022c49086494: 483b 0048 

  0x0000022c49086498: ;   {metadata(method data for {method} {0x0000022c5d109380} 'iterator' '()Ljava/util/Iterator;' in 'java/util/HashSet')}
  0x0000022c49086498: 8bd0 48be | f0ff 0278 | 2c02 0000 | 8b52 0849 | ba00 0000 | 5d2c 0200 | 0049 03d2 | 483b 9658 
  0x0000022c490864b8: 0100 0075 | 0d48 8386 | 6001 0000 | 01e9 6600 | 0000 483b | 9668 0100 | 0075 0d48 | 8386 7001 
  0x0000022c490864d8: 0000 01e9 | 5000 0000 | 4881 be58 | 0100 0000 | 0000 0075 | 1748 8996 | 5801 0000 | 48c7 8660 
  0x0000022c490864f8: 0100 0001 | 0000 00e9 | 2c00 0000 | 4881 be68 | 0100 0000 | 0000 0075 | 1748 8996 | 6801 0000 
  0x0000022c49086518: 48c7 8670 | 0100 0001 | 0000 00e9 | 0800 0000 | 4883 8648 | 0100 0001 | 488b d066 | 9048 b8ff 
  0x0000022c49086538: ffff ffff 

  0x0000022c4908653c: ;   {virtual_call}
  0x0000022c4908653c: ffff ffe8 

  0x0000022c49086540: ; ImmutableOopMap {[120]=Oop }
                      ;*invokeinterface iterator {reexecute=0 rethrow=0 return_oop=0}
                      ; - java.util.HashSet::iterator@7 (line 174)
                      ; - jdk.nio.zipfs.ZipFileSystem::close@60 (line 488)
  0x0000022c49086540: 3c6b 8004 | 4889 8424 | 9800 0000 | e9b0 0200 | 000f 1f80 | 0000 0000 | 488b 8424 | 9800 0000 
  0x0000022c49086560: ;   {metadata(method data for {method} {0x0000022c798902f8} 'close' '()V' in 'jdk/nio/zipfs/ZipFileSystem')}
  0x0000022c49086560: 48ba 8897 | 030e 2c02 | 0000 8b40 | 0849 ba00 | 0000 5d2c | 0200 0049 | 03c2 483b | 8230 0300 
  0x0000022c49086580: 0075 0d48 | 8382 3803 | 0000 01e9 | 6600 0000 | 483b 8240 | 0300 0075 | 0d48 8382 | 4803 0000 
  0x0000022c490865a0: 01e9 5000 | 0000 4881 | ba30 0300 | 0000 0000 | 0075 1748 | 8982 3003 | 0000 48c7 | 8238 0300 
  0x0000022c490865c0: 0001 0000 | 00e9 2c00 | 0000 4881 | ba40 0300 | 0000 0000 | 0075 1748 | 8982 4003 | 0000 48c7 
  0x0000022c490865e0: 8248 0300 | 0001 0000 | 00e9 0800 | 0000 4883 | 8220 0300 | 0001 488b | 9424 9800 | 0000 0f1f 
  0x0000022c49086600: 8000 0000 | 0048 b8ff | ffff ffff 

  0x0000022c4908660c: ;   {virtual_call}
  0x0000022c4908660c: ffff ffe8 

  0x0000022c49086610: ; ImmutableOopMap {[120]=Oop [152]=Oop }
                      ;*invokeinterface next {reexecute=0 rethrow=0 return_oop=0}
                      ; - jdk.nio.zipfs.ZipFileSystem::close@76 (line 488)
  0x0000022c49086610: 6c6a 8004 | 4883 f800 

  0x0000022c49086618: ;   {metadata(method data for {method} {0x0000022c798902f8} 'close' '()V' in 'jdk/nio/zipfs/ZipFileSystem')}
  0x0000022c49086618: 7516 48bf | 8897 030e | 2c02 0000 | 808f 5103 | 0000 01e9 | d300 0000 

  0x0000022c49086630: ;   {metadata('java/io/InputStream')}
  0x0000022c49086630: 48bb 10a0 | 015d 2c02 | 0000 8b78 | 0849 ba00 | 0000 5d2c | 0200 0049 | 03fa 483b | 5f38 0f85 
  0x0000022c49086650: 9300 0000 

  0x0000022c49086654: ;   {metadata(method data for {method} {0x0000022c798902f8} 'close' '()V' in 'jdk/nio/zipfs/ZipFileSystem')}
  0x0000022c49086654: 48bf 8897 | 030e 2c02 | 0000 8b58 | 0849 ba00 | 0000 5d2c | 0200 0049 | 03da 483b | 9f68 0300 
  0x0000022c49086674: 0075 0d48 | 8387 7003 | 0000 01e9 | 7f00 0000 | 483b 9f78 | 0300 0075 | 0d48 8387 | 8003 0000 
  0x0000022c49086694: 01e9 6900 | 0000 4881 | bf68 0300 | 0000 0000 | 0075 1748 | 899f 6803 | 0000 48c7 | 8770 0300 
  0x0000022c490866b4: 0001 0000 | 00e9 4500 | 0000 4881 | bf78 0300 | 0000 0000 | 0075 1748 | 899f 7803 | 0000 48c7 
  0x0000022c490866d4: 8780 0300 | 0001 0000 | 00e9 2100 | 0000 e91c 

  0x0000022c490866e4: ;   {metadata(method data for {method} {0x0000022c798902f8} 'close' '()V' in 'jdk/nio/zipfs/ZipFileSystem')}
  0x0000022c490866e4: 0000 0048 | bf88 9703 | 0e2c 0200 | 0048 83af | 5803 0000 | 01e9 b72f | 0000 e900 | 0000 0048 
  0x0000022c49086704: 8bd0 483b | 0248 8bf2 

  0x0000022c4908670c: ;   {metadata(method data for {method} {0x0000022c798902f8} 'close' '()V' in 'jdk/nio/zipfs/ZipFileSystem')}
  0x0000022c4908670c: 48bf 8897 | 030e 2c02 | 0000 8b76 | 0849 ba00 | 0000 5d2c | 0200 0049 | 03f2 483b | b7a0 0300 
  0x0000022c4908672c: 0075 0d48 | 8387 a803 | 0000 01e9 | 6600 0000 | 483b b7b0 | 0300 0075 | 0d48 8387 | b803 0000 
  0x0000022c4908674c: 01e9 5000 | 0000 4881 | bfa0 0300 | 0000 0000 | 0075 1748 | 89b7 a003 | 0000 48c7 | 87a8 0300 
  0x0000022c4908676c: 0001 0000 | 00e9 2c00 | 0000 4881 | bfb0 0300 | 0000 0000 | 0075 1748 | 89b7 b003 | 0000 48c7 
  0x0000022c4908678c: 87b8 0300 | 0001 0000 | 00e9 0800 | 0000 4883 | 8790 0300 | 0001 6666 | 9048 b8ff | ffff ffff 
  0x0000022c490867ac: ;   {virtual_call}
  0x0000022c490867ac: ffff ffe8 

  0x0000022c490867b0: ; ImmutableOopMap {[120]=Oop [152]=Oop }
                      ;*invokevirtual close {reexecute=0 rethrow=0 return_oop=0}
                      ; - jdk.nio.zipfs.ZipFileSystem::close@86 (line 489)
  0x0000022c490867b0: cc68 8004 

  0x0000022c490867b4: ;   {metadata(method data for {method} {0x0000022c798902f8} 'close' '()V' in 'jdk/nio/zipfs/ZipFileSystem')}
  0x0000022c490867b4: 49b8 8897 | 030e 2c02 | 0000 418b | 90d0 0000 | 0083 c202 | 4189 90d0 | 0000 0081 | e2fe 3f00 
  0x0000022c490867d4: 0083 fa00 | 0f84 e52e | 0000 4d8b | 9750 0300 

  0x0000022c490867e4: ; ImmutableOopMap {[120]=Oop [152]=Oop }
                      ;*goto {reexecute=1 rethrow=0 return_oop=0}
                      ; - (reexecute) jdk.nio.zipfs.ZipFileSystem::close@89 (line 489)
                      ;   {poll}
  0x0000022c490867e4: 0041 8502 

  0x0000022c490867e8: ;   {metadata(method data for {method} {0x0000022c798902f8} 'close' '()V' in 'jdk/nio/zipfs/ZipFileSystem')}
  0x0000022c490867e8: 49b8 8897 | 030e 2c02 | 0000 41ff | 80c8 0300 | 0048 8b84 | 2498 0000 | 0048 3b00 

  0x0000022c49086804: ;   {metadata(method data for {method} {0x0000022c798902f8} 'close' '()V' in 'jdk/nio/zipfs/ZipFileSystem')}
  0x0000022c49086804: 488b d048 | be88 9703 | 0e2c 0200 | 008b 5208 | 49ba 0000 | 005d 2c02 | 0000 4903 | d248 3b96 
  0x0000022c49086824: d802 0000 | 750d 4883 | 86e0 0200 | 0001 e966 | 0000 0048 | 3b96 e802 | 0000 750d | 4883 86f0 
  0x0000022c49086844: 0200 0001 | e950 0000 | 0048 81be | d802 0000 | 0000 0000 | 7517 4889 | 96d8 0200 | 0048 c786 
  0x0000022c49086864: e002 0000 | 0100 0000 | e92c 0000 | 0048 81be | e802 0000 | 0000 0000 | 7517 4889 | 96e8 0200 
  0x0000022c49086884: 0048 c786 | f002 0000 | 0100 0000 | e908 0000 | 0048 8386 | c802 0000 | 0148 8bd0 | 0f1f 4400 
  0x0000022c490868a4: 0048 b8ff | ffff ffff 

  0x0000022c490868ac: ;   {virtual_call}
  0x0000022c490868ac: ffff ffe8 

  0x0000022c490868b0: ; ImmutableOopMap {[120]=Oop [152]=Oop }
                      ;*invokeinterface hasNext {reexecute=0 rethrow=0 return_oop=0}
                      ; - jdk.nio.zipfs.ZipFileSystem::close@67 (line 488)
  0x0000022c490868b0: cc67 8004 

  0x0000022c490868b4: ;   {metadata(method data for {method} {0x0000022c798902f8} 'close' '()V' in 'jdk/nio/zipfs/ZipFileSystem')}
  0x0000022c490868b4: 83f8 0048 | ba88 9703 | 0e2c 0200 | 0048 be10 | 0300 0000 | 0000 000f | 850a 0000 | 0048 be00 
  0x0000022c490868d4: 0300 0000 | 0000 0048 | 8b3c 3248 | 8d7f 0148 | 893c 320f | 856b fcff | ff48 8b54 | 2478 4c8b 
  0x0000022c490868f4: ;   {metadata(method data for {method} {0x0000022c798902f8} 'close' '()V' in 'jdk/nio/zipfs/ZipFileSystem')}
  0x0000022c490868f4: c248 be88 | 9703 0e2c | 0200 0048 | 8386 e003 

  0x0000022c49086904: ;   {metadata(method data for {method} {0x0000022c79892ad8} 'beginWrite' '()V' in 'jdk/nio/zipfs/ZipFileSystem')}
  0x0000022c49086904: 0000 0149 | b8c0 a967 | 072c 0200 | 0041 8bb0 | cc00 0000 | 83c6 0241 | 89b0 cc00 | 0000 81e6 
  0x0000022c49086924: feff 1f00 | 83fe 000f | 84b8 2d00 | 0044 8b42 | 6849 83f8 | 000f 842a 

  0x0000022c4908693c: ;   {metadata('java/util/concurrent/locks/ReentrantReadWriteLock')}
  0x0000022c4908693c: 0000 0048 | b8a8 ea3e | 5e2c 0200 | 0041 8b58 | 0849 ba00 | 0000 5d2c | 0200 0049 | 03da 483b 
  0x0000022c4908695c: 4338 0f85 | a62d 0000 | e900 0000 | 0049 8bf0 

  0x0000022c4908696c: ; implicit exception: dispatches to 0x0000022c4908970f
  0x0000022c4908696c: 493b 0049 

  0x0000022c49086970: ;   {metadata(method data for {method} {0x0000022c79892ad8} 'beginWrite' '()V' in 'jdk/nio/zipfs/ZipFileSystem')}
  0x0000022c49086970: 8bf0 48bf | c0a9 6707 | 2c02 0000 | 4883 8728 | 0100 0001 

  0x0000022c49086984: ;   {metadata(method data for {method} {0x0000022c797ae860} 'writeLock' '()Ljava/util/concurrent/locks/Lock;' in 'java/util/concurrent/locks/ReentrantReadWriteLock')}
  0x0000022c49086984: 48be a853 | ff06 2c02 | 0000 8bbe | cc00 0000 | 83c7 0289 | becc 0000 | 0081 e7fe | ff1f 0083 
  0x0000022c490869a4: ff00 0f84 | 682d 0000 

  0x0000022c490869ac: ;   {metadata(method data for {method} {0x0000022c797ae860} 'writeLock' '()Ljava/util/concurrent/locks/Lock;' in 'java/util/concurrent/locks/ReentrantReadWriteLock')}
  0x0000022c490869ac: 498b f048 | bfa8 53ff | 062c 0200 | 0048 8387 | 2801 0000 | 0145 8b40 | 1049 3b00 

  0x0000022c490869c8: ;   {metadata(method data for {method} {0x0000022c79892ad8} 'beginWrite' '()V' in 'jdk/nio/zipfs/ZipFileSystem')}
  0x0000022c490869c8: 498b f048 | bfc0 a967 | 072c 0200 | 0048 8387 | 6001 0000 

  0x0000022c490869dc: ;   {metadata(method data for {method} {0x0000022c797b3be0} 'lock' '()V' in 'java/util/concurrent/locks/ReentrantReadWriteLock$WriteLock')}
  0x0000022c490869dc: 0148 be30 | 55ff 062c | 0200 008b | becc 0000 | 0083 c702 | 89be cc00 | 0000 81e7 | feff 1f00 
  0x0000022c490869fc: 83ff 000f | 8435 2d00 | 0041 8b70 | 0c48 3b06 

  0x0000022c49086a0c: ;   {metadata(method data for {method} {0x0000022c797b3be0} 'lock' '()V' in 'java/util/concurrent/locks/ReentrantReadWriteLock$WriteLock')}
  0x0000022c49086a0c: 4c8b c648 | bf30 55ff | 062c 0200 | 0048 8387 | 1001 0000 | 0141 b801 | 0000 0048 | 8bd6 0f1f 
  0x0000022c49086a2c: ;   {optimized virtual_call}
  0x0000022c49086a2c: 4400 00e8 

  0x0000022c49086a30: ; ImmutableOopMap {[120]=Oop }
                      ;*invokevirtual acquire {reexecute=0 rethrow=0 return_oop=0}
                      ; - java.util.concurrent.locks.ReentrantReadWriteLock$WriteLock::lock@5 (line 959)
                      ; - jdk.nio.zipfs.ZipFileSystem::beginWrite@9 (line 1195)
                      ; - jdk.nio.zipfs.ZipFileSystem::close@93 (line 491)
  0x0000022c49086a30: ac53 3ffe | 488b 5424 

  0x0000022c49086a38: ;   {metadata(method data for {method} {0x0000022c798902f8} 'close' '()V' in 'jdk/nio/zipfs/ZipFileSystem')}
  0x0000022c49086a38: 7849 b888 | 9703 0e2c | 0200 004d | 8d80 2804 

  0x0000022c49086a48: ;   {metadata('jdk/nio/zipfs/ZipFileSystem')}
  0x0000022c49086a48: 0000 48be | 205e 405e | 2c02 0000 | 4933 7008 | 48f7 c6fc | ffff ff74 | 0449 8970 

  0x0000022c49086a64: ;   {metadata(method data for {method} {0x0000022c5d0e1560} 'linkToTargetMethod' '(Ljava/lang/Object;Ljava/lang/Object;)Ljava/lang/Object;' in 'java/lang/invoke/Invokers$Holder')}
  0x0000022c49086a64: 0849 b848 | 6096 782c | 0200 004d | 8d80 0002 

  0x0000022c49086a74: ;   {oop(a 'java/lang/invoke/DirectMethodHandle$Constructor'{0x0000000082216c68})}
  0x0000022c49086a74: 0000 48be | 686c 2182 | 0000 0000 | 4885 f675 | 0d41 f640 | 1001 7506 | f049 8348 

  0x0000022c49086a90: ;   {metadata(method data for {method} {0x0000022c798902f8} 'close' '()V' in 'jdk/nio/zipfs/ZipFileSystem')}
  0x0000022c49086a90: 1001 49b8 | 8897 030e | 2c02 0000 | 4983 8018 | 0400 0001 

  0x0000022c49086aa4: ;   {metadata(method data for {method} {0x0000022c5d0e1560} 'linkToTargetMethod' '(Ljava/lang/Object;Ljava/lang/Object;)Ljava/lang/Object;' in 'java/lang/invoke/Invokers$Holder')}
  0x0000022c49086aa4: 49b8 4860 | 9678 2c02 | 0000 418b | b8cc 0000 | 0083 c702 | 4189 b8cc | 0000 0081 | e7fe ff1f 
  0x0000022c49086ac4: 0083 ff00 | 0f84 922c 

  0x0000022c49086acc: ;   {metadata(method data for {method} {0x0000022c5d0e0e60} 'newInvokeSpecial' '(Ljava/lang/Object;Ljava/lang/Object;)Ljava/lang/Object;' in 'java/lang/invoke/DirectMethodHandle$Holder')}
  0x0000022c49086acc: 0000 49b8 | 488c 9c78 | 2c02 0000 | 4d8d 8040 | 0200 0048 | 85f6 750b | 41f6 0001 | 7505 f049 
  0x0000022c49086aec: ;   {metadata(method data for {method} {0x0000022c5d0e1560} 'linkToTargetMethod' '(Ljava/lang/Object;Ljava/lang/Object;)Ljava/lang/Object;' in 'java/lang/invoke/Invokers$Holder')}
  0x0000022c49086aec: 8308 0149 | b848 6096 | 782c 0200 | 0049 8380 | 4801 0000 

  0x0000022c49086b00: ;   {metadata(method data for {method} {0x0000022c5d0e0e60} 'newInvokeSpecial' '(Ljava/lang/Object;Ljava/lang/Object;)Ljava/lang/Object;' in 'java/lang/invoke/DirectMethodHandle$Holder')}
  0x0000022c49086b00: 0149 b848 | 8c9c 782c | 0200 0041 | 8bb8 cc00 | 0000 83c7 | 0241 89b8 | cc00 0000 | 81e7 feff 
  0x0000022c49086b20: 1f00 83ff | 000f 8456 

  0x0000022c49086b28: ;   {metadata(method data for {method} {0x0000022c5d0e0e60} 'newInvokeSpecial' '(Ljava/lang/Object;Ljava/lang/Object;)Ljava/lang/Object;' in 'java/lang/invoke/DirectMethodHandle$Holder')}
  0x0000022c49086b28: 2c00 0049 | b848 8c9c | 782c 0200 | 004d 8d80 | 2001 0000 | 4885 f675 | 0d41 f640 | 0801 7506 
  0x0000022c49086b48: f049 8348 

  0x0000022c49086b4c: ;   {metadata(method data for {method} {0x0000022c5d0e0e60} 'newInvokeSpecial' '(Ljava/lang/Object;Ljava/lang/Object;)Ljava/lang/Object;' in 'java/lang/invoke/DirectMethodHandle$Holder')}
  0x0000022c49086b4c: 0801 49b8 | 488c 9c78 | 2c02 0000 | 4983 8010 | 0100 0001 

  0x0000022c49086b60: ;   {metadata(method data for {method} {0x0000022c5d39dc10} 'allocateInstance' '(Ljava/lang/Object;)Ljava/lang/Object;' in 'java/lang/invoke/DirectMethodHandle')}
  0x0000022c49086b60: 49b8 6041 | 1e78 2c02 | 0000 418b | b8cc 0000 | 0083 c702 | 4189 b8cc | 0000 0081 | e7fe ff1f 
  0x0000022c49086b80: 0083 ff00 | 0f84 182c 

  0x0000022c49086b88: ;   {oop(a 'jdk/internal/misc/Unsafe'{0x00000000809478f0})}
  0x0000022c49086b88: 0000 48bf | f078 9480 | 0000 0000 

  0x0000022c49086b94: ;   {metadata(method data for {method} {0x0000022c5d39dc10} 'allocateInstance' '(Ljava/lang/Object;)Ljava/lang/Object;' in 'java/lang/invoke/DirectMethodHandle')}
  0x0000022c49086b94: 4c8b c748 | bb60 411e | 782c 0200 | 0048 8383 | 4801 0000 

  0x0000022c49086ba8: ;   {oop(a 'java/lang/Class'{0x000000008220bf98} = 'jdk/nio/zipfs/ZipFileSystem$$Lambda$410+0x0000022c5e41e7f8')}
  0x0000022c49086ba8: 0149 b898 | bf20 8200 | 0000 0048 | 8bd7 4889 | b424 a000 

  0x0000022c49086bbc: ;   {optimized virtual_call}
  0x0000022c49086bbc: 0000 90e8 

  0x0000022c49086bc0: ; ImmutableOopMap {[160]=Oop [120]=Oop }
                      ;*invokevirtual allocateInstance {reexecute=0 rethrow=0 return_oop=0}
                      ; - java.lang.invoke.DirectMethodHandle::allocateInstance@12 (line 520)
                      ; - java.lang.invoke.DirectMethodHandle$Holder::newInvokeSpecial@1
                      ; - java.lang.invoke.Invokers$Holder::linkToTargetMethod@5
                      ; - jdk.nio.zipfs.ZipFileSystem::close@97 (line 493)
  0x0000022c49086bc0: fcba de04 

  0x0000022c49086bc4: ;   {metadata(method data for {method} {0x0000022c5d0e0e60} 'newInvokeSpecial' '(Ljava/lang/Object;Ljava/lang/Object;)Ljava/lang/Object;' in 'java/lang/invoke/DirectMethodHandle$Holder')}
  0x0000022c49086bc4: 48ba 488c | 9c78 2c02 | 0000 488d | 9230 0100 | 0048 85c0 | 750a f602 | 0175 05f0 | 4883 0a01 
  0x0000022c49086be4: ;   {metadata(method data for {method} {0x0000022c5d0e0e60} 'newInvokeSpecial' '(Ljava/lang/Object;Ljava/lang/Object;)Ljava/lang/Object;' in 'java/lang/invoke/DirectMethodHandle$Holder')}
  0x0000022c49086be4: 48ba 488c | 9c78 2c02 | 0000 488d | 9250 0100 | 0048 8bb4 | 24a0 0000 | 0048 85f6 | 750c f642 
  0x0000022c49086c04: 0801 7506 | f048 834a 

  0x0000022c49086c0c: ;   {metadata(method data for {method} {0x0000022c5d0e0e60} 'newInvokeSpecial' '(Ljava/lang/Object;Ljava/lang/Object;)Ljava/lang/Object;' in 'java/lang/invoke/DirectMethodHandle$Holder')}
  0x0000022c49086c0c: 0801 48ba | 488c 9c78 | 2c02 0000 | 4883 8240 | 0100 0001 

  0x0000022c49086c20: ;   {metadata(method data for {method} {0x0000022c5d39e6b8} 'constructorMethod' '(Ljava/lang/Object;)Ljava/lang/Object;' in 'java/lang/invoke/DirectMethodHandle')}
  0x0000022c49086c20: 48ba 2043 | 1e78 2c02 | 0000 8bb2 | cc00 0000 | 83c6 0289 | b2cc 0000 | 0081 e6fe | ff1f 0083 
  0x0000022c49086c40: fe00 0f84 | 7b2b 0000 

  0x0000022c49086c48: ;   {metadata(method data for {method} {0x0000022c5d0e0e60} 'newInvokeSpecial' '(Ljava/lang/Object;Ljava/lang/Object;)Ljava/lang/Object;' in 'java/lang/invoke/DirectMethodHandle$Holder')}
  0x0000022c49086c48: 48ba 488c | 9c78 2c02 | 0000 488d | 9260 0100 

  0x0000022c49086c58: ;   {oop(a 'java/lang/invoke/MemberName'{0x0000000082216cd8} = {method} {0x0000022c798c7c18} '<init>' '(Ljdk/nio/zipfs/ZipFileSystem;)V' in 'jdk/nio/zipfs/ZipFileSystem$$Lambda$410+0x0000022c5e41e7f8')}
  0x0000022c49086c58: 0048 bed8 | 6c21 8200 | 0000 0048 | 85f6 750a | f602 0175 | 05f0 4883 | 0a01 483b | 0048 8bd0 
  0x0000022c49086c78: ;   {metadata(method data for {method} {0x0000022c5d0e0e60} 'newInvokeSpecial' '(Ljava/lang/Object;Ljava/lang/Object;)Ljava/lang/Object;' in 'java/lang/invoke/DirectMethodHandle$Holder')}
  0x0000022c49086c78: 48be 488c | 9c78 2c02 | 0000 4883 | 86a8 0100 

  0x0000022c49086c88: ;   {metadata(method data for {method} {0x0000022c798c7c18} '<init>' '(Ljdk/nio/zipfs/ZipFileSystem;)V' in 'jdk/nio/zipfs/ZipFileSystem$$Lambda$410+0x0000022c5e41e7f8')}
  0x0000022c49086c88: 0001 48ba | 00a4 030e | 2c02 0000 | 8bb2 cc00 | 0000 83c6 | 0289 b2cc | 0000 0081 | e6fe ff1f 
  0x0000022c49086ca8: 0083 fe00 | 0f84 372b | 0000 488b 

  0x0000022c49086cb4: ;   {metadata(method data for {method} {0x0000022c798c7c18} '<init>' '(Ljdk/nio/zipfs/ZipFileSystem;)V' in 'jdk/nio/zipfs/ZipFileSystem$$Lambda$410+0x0000022c5e41e7f8')}
  0x0000022c49086cb4: d048 be00 | a403 0e2c | 0200 0048 | 8386 1001 

  0x0000022c49086cc4: ;   {metadata(method data for {method} {0x0000022c5d448c28} '<init>' '()V' in 'java/lang/Object')}
  0x0000022c49086cc4: 0000 0148 | bae8 7700 | 782c 0200 | 008b b2cc | 0000 0083 | c602 89b2 | cc00 0000 | 81e6 feff 
  0x0000022c49086ce4: 1f00 83fe | 000f 841b | 2b00 0041 | 0fbe 5738 | 83fa 000f | 852e 2b00 | 0048 8b54 | 2478 4c8b 
  0x0000022c49086d04: d244 8950 | 0c48 8bf0 | 4833 f248 | c1ee 1448 | 83fe 000f | 8529 2b00 

  0x0000022c49086d1c: ;   {metadata(method data for {method} {0x0000022c5d0e1560} 'linkToTargetMethod' '(Ljava/lang/Object;Ljava/lang/Object;)Ljava/lang/Object;' in 'java/lang/invoke/Invokers$Holder')}
  0x0000022c49086d1c: 0048 be48 | 6096 782c | 0200 0048 | 8db6 9001 | 0000 4885 | c075 0af6 | 0601 7505 | f048 830e 
  0x0000022c49086d3c: ;   {metadata(method data for {method} {0x0000022c798902f8} 'close' '()V' in 'jdk/nio/zipfs/ZipFileSystem')}
  0x0000022c49086d3c: 0148 be88 | 9703 0e2c | 0200 0048 | 8db6 3804 | 0000 4885 | c075 0cf6 | 0601 754d | f048 830e 
  0x0000022c49086d5c: 01eb 468b | 7808 49ba | 0000 005d | 2c02 0000 | 4903 fa4c | 8bd7 4833 | 3e48 f7c7 | fcff ffff 
  0x0000022c49086d7c: 7427 40f6 | c702 7521 | 48f7 06fe | ffff ff74 | 1549 8bfa | 4833 3e48 | f7c7 fcff | ffff 7409 
  0x0000022c49086d9c: 4883 0e02 | eb03 4889 

  0x0000022c49086da4: ;   {metadata(method data for {method} {0x0000022c798902f8} 'close' '()V' in 'jdk/nio/zipfs/ZipFileSystem')}
  0x0000022c49086da4: 3e48 be88 | 9703 0e2c | 0200 0048 | 8386 4804 | 0000 0148 | 8bd0 0f1f 

  0x0000022c49086dbc: ;   {static_call}
  0x0000022c49086dbc: 4400 00e8 

  0x0000022c49086dc0: ; ImmutableOopMap {[120]=Oop }
                      ;*invokestatic doPrivileged {reexecute=0 rethrow=0 return_oop=0}
                      ; - jdk.nio.zipfs.ZipFileSystem::close@102 (line 493)
  0x0000022c49086dc0: bc00 03fe | 488b 5424 | 788b 725c | 4883 fe00 | 0f84 2900 

  0x0000022c49086dd4: ;   {metadata('java/nio/channels/FileChannel')}
  0x0000022c49086dd4: 0000 48b9 | 682b 055e | 2c02 0000 | 8b46 0849 | ba00 0000 | 5d2c 0200 | 0049 03c2 | 483b 4840 
  0x0000022c49086df4: 0f85 642a | 0000 e900 | 0000 0048 | 8bfe 483b | 0648 8bfe 

  0x0000022c49086e08: ;   {metadata(method data for {method} {0x0000022c798902f8} 'close' '()V' in 'jdk/nio/zipfs/ZipFileSystem')}
  0x0000022c49086e08: 48bb 8897 | 030e 2c02 | 0000 8b7f | 0849 ba00 | 0000 5d2c | 0200 0049 | 03fa 483b | bb68 0400 
  0x0000022c49086e28: 0075 0d48 | 8383 7004 | 0000 01e9 | 6600 0000 | 483b bb78 | 0400 0075 | 0d48 8383 | 8004 0000 
  0x0000022c49086e48: 01e9 5000 | 0000 4881 | bb68 0400 | 0000 0000 | 0075 1748 | 89bb 6804 | 0000 48c7 | 8370 0400 
  0x0000022c49086e68: 0001 0000 | 00e9 2c00 | 0000 4881 | bb78 0400 | 0000 0000 | 0075 1748 | 89bb 7804 | 0000 48c7 
  0x0000022c49086e88: 8380 0400 | 0001 0000 | 00e9 0800 | 0000 4883 | 8358 0400 | 0001 488b | d666 0f1f 

  0x0000022c49086ea4: ;   {optimized virtual_call}
  0x0000022c49086ea4: 4400 00e8 

  0x0000022c49086ea8: ; ImmutableOopMap {[120]=Oop }
                      ;*invokeinterface close {reexecute=0 rethrow=0 return_oop=0}
                      ; - jdk.nio.zipfs.ZipFileSystem::close@110 (line 496)
  0x0000022c49086ea8: d490 b305 | 488b 5424 | 784c 8bc2 

  0x0000022c49086eb4: ;   {metadata(method data for {method} {0x0000022c798902f8} 'close' '()V' in 'jdk/nio/zipfs/ZipFileSystem')}
  0x0000022c49086eb4: 48be 8897 | 030e 2c02 | 0000 4883 | 8690 0400 

  0x0000022c49086ec4: ;   {metadata(method data for {method} {0x0000022c79892b88} 'endWrite' '()V' in 'jdk/nio/zipfs/ZipFileSystem')}
  0x0000022c49086ec4: 0001 49b8 | 80ab 6707 | 2c02 0000 | 418b b0cc | 0000 0083 | c602 4189 | b0cc 0000 | 0081 e6fe 
  0x0000022c49086ee4: ff1f 0083 | fe00 0f84 | 7829 0000 | 448b 4268 | 4983 f800 | 0f84 2a00 

  0x0000022c49086efc: ;   {metadata('java/util/concurrent/locks/ReentrantReadWriteLock')}
  0x0000022c49086efc: 0000 48b8 | a8ea 3e5e | 2c02 0000 | 418b 5808 | 49ba 0000 | 005d 2c02 | 0000 4903 | da48 3b43 
  0x0000022c49086f1c: 380f 8566 | 2900 00e9 | 0000 0000 | 498b f049 | 3b00 498b 

  0x0000022c49086f30: ;   {metadata(method data for {method} {0x0000022c79892b88} 'endWrite' '()V' in 'jdk/nio/zipfs/ZipFileSystem')}
  0x0000022c49086f30: f048 bf80 | ab67 072c | 0200 0048 | 8387 2801 

  0x0000022c49086f40: ;   {metadata(method data for {method} {0x0000022c797ae860} 'writeLock' '()Ljava/util/concurrent/locks/Lock;' in 'java/util/concurrent/locks/ReentrantReadWriteLock')}
  0x0000022c49086f40: 0000 0148 | bea8 53ff | 062c 0200 | 008b becc | 0000 0083 | c702 89be | cc00 0000 | 81e7 feff 
  0x0000022c49086f60: 1f00 83ff | 000f 8428 | 2900 0049 

  0x0000022c49086f6c: ;   {metadata(method data for {method} {0x0000022c797ae860} 'writeLock' '()Ljava/util/concurrent/locks/Lock;' in 'java/util/concurrent/locks/ReentrantReadWriteLock')}
  0x0000022c49086f6c: 8bf0 48bf | a853 ff06 | 2c02 0000 | 4883 8728 | 0100 0001 | 458b 4010 

  0x0000022c49086f84: ; implicit exception: dispatches to 0x0000022c490898b4
  0x0000022c49086f84: 493b 0049 

  0x0000022c49086f88: ;   {metadata(method data for {method} {0x0000022c79892b88} 'endWrite' '()V' in 'jdk/nio/zipfs/ZipFileSystem')}
  0x0000022c49086f88: 8bf0 48bf | 80ab 6707 | 2c02 0000 | 4883 8760 | 0100 0001 

  0x0000022c49086f9c: ;   {metadata(method data for {method} {0x0000022c797b3ea8} 'unlock' '()V' in 'java/util/concurrent/locks/ReentrantReadWriteLock$WriteLock')}
  0x0000022c49086f9c: 48be b856 | ff06 2c02 | 0000 8bbe | cc00 0000 | 83c7 0289 | becc 0000 | 0081 e7fe | ff1f 0083 
  0x0000022c49086fbc: ff00 0f84 | f528 0000 | 418b 700c 

  0x0000022c49086fc8: ; implicit exception: dispatches to 0x0000022c490898da
  0x0000022c49086fc8: 483b 064c 

  0x0000022c49086fcc: ;   {metadata(method data for {method} {0x0000022c797b3ea8} 'unlock' '()V' in 'java/util/concurrent/locks/ReentrantReadWriteLock$WriteLock')}
  0x0000022c49086fcc: 8bc6 48bf | b856 ff06 | 2c02 0000 | 4883 8710 | 0100 0001 

  0x0000022c49086fe0: ;   {metadata(method data for {method} {0x0000022c5d034ee0} 'release' '(I)Z' in 'java/util/concurrent/locks/AbstractQueuedSynchronizer')}
  0x0000022c49086fe0: 49b8 00c4 | 9a78 2c02 | 0000 418b | b8cc 0000 | 0083 c702 | 4189 b8cc | 0000 0081 | e7fe ff1f 
  0x0000022c49087000: 0083 ff00 | 0f84 d528 | 0000 4c8b 

  0x0000022c4908700c: ;   {metadata(method data for {method} {0x0000022c5d034ee0} 'release' '(I)Z' in 'java/util/concurrent/locks/AbstractQueuedSynchronizer')}
  0x0000022c4908700c: c648 bf00 | c49a 782c | 0200 0045 | 8b40 0849 | ba00 0000 | 5d2c 0200 | 004d 03c2 | 4c3b 8720 
  0x0000022c4908702c: 0100 0075 | 0d48 8387 | 2801 0000 | 01e9 6600 | 0000 4c3b | 8730 0100 | 0075 0d48 | 8387 3801 
  0x0000022c4908704c: 0000 01e9 | 5000 0000 | 4881 bf20 | 0100 0000 | 0000 0075 | 174c 8987 | 2001 0000 | 48c7 8728 
  0x0000022c4908706c: 0100 0001 | 0000 00e9 | 2c00 0000 | 4881 bf30 | 0100 0000 | 0000 0075 | 174c 8987 | 3001 0000 
  0x0000022c4908708c: 48c7 8738 | 0100 0001 | 0000 00e9 | 0800 0000 | 4883 8710 | 0100 0001 | 41b8 0100 | 0000 488b 
  0x0000022c490870ac: d648 89b4 | 24a8 0000 

  0x0000022c490870b4: ;   {optimized virtual_call}
  0x0000022c490870b4: 0066 90e8 

  0x0000022c490870b8: ; ImmutableOopMap {[168]=Oop [120]=Oop }
                      ;*invokevirtual tryRelease {reexecute=0 rethrow=0 return_oop=0}
                      ; - java.util.concurrent.locks.AbstractQueuedSynchronizer::release@2 (line 1007)
                      ; - java.util.concurrent.locks.ReentrantReadWriteLock$WriteLock::unlock@5 (line 1147)
                      ; - jdk.nio.zipfs.ZipFileSystem::endWrite@9 (line 1199)
                      ; - jdk.nio.zipfs.ZipFileSystem::close@116 (line 501)
  0x0000022c490870b8: e443 2406 

  0x0000022c490870bc: ;   {metadata(method data for {method} {0x0000022c5d034ee0} 'release' '(I)Z' in 'java/util/concurrent/locks/AbstractQueuedSynchronizer')}
  0x0000022c490870bc: 83f8 0048 | ba00 c49a | 782c 0200 | 0048 be48 | 0100 0000 | 0000 000f | 840a 0000 | 0048 be58 
  0x0000022c490870dc: 0100 0000 | 0000 0048 | 8b3c 3248 | 8d7f 0148 | 893c 320f | 8431 0000 | 0048 8bb4 | 24a8 0000 
  0x0000022c490870fc: 008b 5614 

  0x0000022c49087100: ;   {metadata(method data for {method} {0x0000022c5d034ee0} 'release' '(I)Z' in 'java/util/concurrent/locks/AbstractQueuedSynchronizer')}
  0x0000022c49087100: 48be 00c4 | 9a78 2c02 | 0000 4883 | 8668 0100 | 0001 0f1f 

  0x0000022c49087114: ;   {static_call}
  0x0000022c49087114: 4400 00e8 

  0x0000022c49087118: ; ImmutableOopMap {[120]=Oop }
                      ;*invokestatic signalNext {reexecute=0 rethrow=0 return_oop=0}
                      ; - java.util.concurrent.locks.AbstractQueuedSynchronizer::release@12 (line 1008)
                      ; - java.util.concurrent.locks.ReentrantReadWriteLock$WriteLock::unlock@5 (line 1147)
                      ; - jdk.nio.zipfs.ZipFileSystem::endWrite@9 (line 1199)
                      ; - jdk.nio.zipfs.ZipFileSystem::close@116 (line 501)
  0x0000022c49087118: 04a1 df04 | b801 0000 | 00e9 0500 | 0000 b800 

  0x0000022c49087128: ;   {metadata(method data for {method} {0x0000022c798902f8} 'close' '()V' in 'jdk/nio/zipfs/ZipFileSystem')}
  0x0000022c49087128: 0000 0048 | b888 9703 | 0e2c 0200 | 00ff 80c8 | 0400 0048 | 8b54 2478 | 8b72 7448 | 89b4 24b0 
  0x0000022c49087148: 0000 0048 | 8dbc 2420 | 0100 0048 | 8977 0848 | 8b06 4883 | c801 4889 | 07f0 480f | b13e 0f84 
  0x0000022c49087168: 1200 0000 | 482b c448 | 2507 f0ff | ff48 8907 | 0f85 8727 | 0000 8b7a | 7448 3b07 

  0x0000022c49087184: ;   {metadata(method data for {method} {0x0000022c798902f8} 'close' '()V' in 'jdk/nio/zipfs/ZipFileSystem')}
  0x0000022c49087184: 488b df48 | b888 9703 | 0e2c 0200 | 008b 5b08 | 49ba 0000 | 005d 2c02 | 0000 4903 | da48 3b98 
  0x0000022c490871a4: 9805 0000 | 750d 4883 | 80a0 0500 | 0001 e966 | 0000 0048 | 3b98 a805 | 0000 750d | 4883 80b0 
  0x0000022c490871c4: 0500 0001 | e950 0000 | 0048 81b8 | 9805 0000 | 0000 0000 | 7517 4889 | 9898 0500 | 0048 c780 
  0x0000022c490871e4: a005 0000 | 0100 0000 | e92c 0000 | 0048 81b8 | a805 0000 | 0000 0000 | 7517 4889 | 98a8 0500 
  0x0000022c49087204: 0048 c780 | b005 0000 | 0100 0000 | e908 0000 | 0048 8380 | 8805 0000 | 0148 8bd7 | 0f1f 4400 
  0x0000022c49087224: 0048 b818 | df00 5d2c 

  0x0000022c4908722c: ;   {virtual_call}
  0x0000022c4908722c: 0200 00e8 

  0x0000022c49087230: ; ImmutableOopMap {[176]=Oop [120]=Oop [296]=Oop }
                      ;*invokeinterface iterator {reexecute=0 rethrow=0 return_oop=0}
                      ; - jdk.nio.zipfs.ZipFileSystem::close@151 (line 505)
  0x0000022c49087230: ec03 e604 | 4889 8424 | b800 0000 | e92d 0200 | 000f 1f80 | 0000 0000 | 488b 8424 | b800 0000 
  0x0000022c49087250: ;   {metadata(method data for {method} {0x0000022c798902f8} 'close' '()V' in 'jdk/nio/zipfs/ZipFileSystem')}
  0x0000022c49087250: 48ba 8897 | 030e 2c02 | 0000 8b40 | 0849 ba00 | 0000 5d2c | 0200 0049 | 03c2 483b | 8228 0600 
  0x0000022c49087270: 0075 0d48 | 8382 3006 | 0000 01e9 | 6600 0000 | 483b 8238 | 0600 0075 | 0d48 8382 | 4006 0000 
  0x0000022c49087290: 01e9 5000 | 0000 4881 | ba28 0600 | 0000 0000 | 0075 1748 | 8982 2806 | 0000 48c7 | 8230 0600 
  0x0000022c490872b0: 0001 0000 | 00e9 2c00 | 0000 4881 | ba38 0600 | 0000 0000 | 0075 1748 | 8982 3806 | 0000 48c7 
  0x0000022c490872d0: 8240 0600 | 0001 0000 | 00e9 0800 | 0000 4883 | 8218 0600 | 0001 488b | 9424 b800 | 0000 0f1f 
  0x0000022c490872f0: 8000 0000 | 0048 b8e0 | ef19 5d2c 

  0x0000022c490872fc: ;   {virtual_call}
  0x0000022c490872fc: 0200 00e8 

  0x0000022c49087300: ; ImmutableOopMap {[120]=Oop [184]=Oop [176]=Oop [296]=Oop }
                      ;*invokeinterface next {reexecute=0 rethrow=0 return_oop=0}
                      ; - jdk.nio.zipfs.ZipFileSystem::close@167 (line 505)
  0x0000022c49087300: 1c3d e204 | 4883 f800 

  0x0000022c49087308: ;   {metadata(method data for {method} {0x0000022c798902f8} 'close' '()V' in 'jdk/nio/zipfs/ZipFileSystem')}
  0x0000022c49087308: 7516 48bf | 8897 030e | 2c02 0000 | 808f 4906 | 0000 01e9 | d200 0000 

  0x0000022c49087320: ;   {metadata('java/util/zip/Inflater')}
  0x0000022c49087320: 48bb f8e9 | 155d 2c02 | 0000 8b70 | 0849 ba00 | 0000 5d2c | 0200 0049 | 03f2 483b | de0f 8593 
  0x0000022c49087340: ;   {metadata(method data for {method} {0x0000022c798902f8} 'close' '()V' in 'jdk/nio/zipfs/ZipFileSystem')}
  0x0000022c49087340: 0000 0048 | bf88 9703 | 0e2c 0200 | 008b 5808 | 49ba 0000 | 005d 2c02 | 0000 4903 | da48 3b9f 
  0x0000022c49087360: 6006 0000 | 750d 4883 | 8768 0600 | 0001 e97f | 0000 0048 | 3b9f 7006 | 0000 750d | 4883 8778 
  0x0000022c49087380: 0600 0001 | e969 0000 | 0048 81bf | 6006 0000 | 0000 0000 | 7517 4889 | 9f60 0600 | 0048 c787 
  0x0000022c490873a0: 6806 0000 | 0100 0000 | e945 0000 | 0048 81bf | 7006 0000 | 0000 0000 | 7517 4889 | 9f70 0600 
  0x0000022c490873c0: 0048 c787 | 7806 0000 | 0100 0000 | e921 0000 | 00e9 1c00 

  0x0000022c490873d4: ;   {metadata(method data for {method} {0x0000022c798902f8} 'close' '()V' in 'jdk/nio/zipfs/ZipFileSystem')}
  0x0000022c490873d4: 0000 48bf | 8897 030e | 2c02 0000 | 4883 af50 | 0600 0001 | e930 2500 | 00e9 0000 | 0000 488b 
  0x0000022c490873f4: d048 3b02 

  0x0000022c490873f8: ;   {metadata(method data for {method} {0x0000022c798902f8} 'close' '()V' in 'jdk/nio/zipfs/ZipFileSystem')}
  0x0000022c490873f8: 488b f248 | bf88 9703 | 0e2c 0200 

  0x0000022c49087404: ;   {metadata('java/util/zip/Inflater')}
  0x0000022c49087404: 0049 baf8 | e915 5d2c | 0200 004c | 8997 9806 | 0000 4883 | 87a0 0600 

  0x0000022c4908741c: ;   {optimized virtual_call}
  0x0000022c4908741c: 0001 90e8 

  0x0000022c49087420: ; ImmutableOopMap {[120]=Oop [184]=Oop [176]=Oop [296]=Oop }
                      ;*invokevirtual end {reexecute=0 rethrow=0 return_oop=0}
                      ; - jdk.nio.zipfs.ZipFileSystem::close@177 (line 506)
  0x0000022c49087420: 7cd1 4afd 

  0x0000022c49087424: ;   {metadata(method data for {method} {0x0000022c798902f8} 'close' '()V' in 'jdk/nio/zipfs/ZipFileSystem')}
  0x0000022c49087424: 48b8 8897 | 030e 2c02 | 0000 8b90 | d000 0000 | 83c2 0289 | 90d0 0000 | 0081 e2fe | 3f00 0083 
  0x0000022c49087444: fa00 0f84 | df24 0000 | 4d8b 9750 

  0x0000022c49087450: ; ImmutableOopMap {[120]=Oop [184]=Oop [176]=Oop [296]=Oop }
                      ;*goto {reexecute=1 rethrow=0 return_oop=0}
                      ; - (reexecute) jdk.nio.zipfs.ZipFileSystem::close@180 (line 506)
                      ;   {poll}
  0x0000022c49087450: 0300 0041 

  0x0000022c49087454: ;   {metadata(method data for {method} {0x0000022c798902f8} 'close' '()V' in 'jdk/nio/zipfs/ZipFileSystem')}
  0x0000022c49087454: 8502 48b8 | 8897 030e | 2c02 0000 | ff80 c006 | 0000 488b | 8424 b800 | 0000 483b | 0048 8bd0 
  0x0000022c49087474: ;   {metadata(method data for {method} {0x0000022c798902f8} 'close' '()V' in 'jdk/nio/zipfs/ZipFileSystem')}
  0x0000022c49087474: 48bf 8897 | 030e 2c02 | 0000 8b52 | 0849 ba00 | 0000 5d2c | 0200 0049 | 03d2 483b | 97d0 0500 
  0x0000022c49087494: 0075 0d48 | 8387 d805 | 0000 01e9 | 6600 0000 | 483b 97e0 | 0500 0075 | 0d48 8387 | e805 0000 
  0x0000022c490874b4: 01e9 5000 | 0000 4881 | bfd0 0500 | 0000 0000 | 0075 1748 | 8997 d005 | 0000 48c7 | 87d8 0500 
  0x0000022c490874d4: 0001 0000 | 00e9 2c00 | 0000 4881 | bfe0 0500 | 0000 0000 | 0075 1748 | 8997 e005 | 0000 48c7 
  0x0000022c490874f4: 87e8 0500 | 0001 0000 | 00e9 0800 | 0000 4883 | 87c0 0500 | 0001 488b | d048 b8e0 | ef19 5d2c 
  0x0000022c49087514: ;   {virtual_call}
  0x0000022c49087514: 0200 00e8 

  0x0000022c49087518: ; ImmutableOopMap {[120]=Oop [184]=Oop [176]=Oop [296]=Oop }
                      ;*invokeinterface hasNext {reexecute=0 rethrow=0 return_oop=0}
                      ; - jdk.nio.zipfs.ZipFileSystem::close@158 (line 505)
  0x0000022c49087518: e4eb e004 

  0x0000022c4908751c: ;   {metadata(method data for {method} {0x0000022c798902f8} 'close' '()V' in 'jdk/nio/zipfs/ZipFileSystem')}
  0x0000022c4908751c: 83f8 0048 | ba88 9703 | 0e2c 0200 | 0048 be08 | 0600 0000 | 0000 000f | 850a 0000 | 0048 bef8 
  0x0000022c4908753c: 0500 0000 | 0000 0048 | 8b3c 3248 | 8d7f 0148 | 893c 320f | 85f3 fcff | ff48 8d84 | 2420 0100 
  0x0000022c4908755c: 0048 8b10 | 4885 d20f | 840f 0000 | 0048 8b70 | 08f0 480f | b116 0f85 | d923 0000 

  0x0000022c49087578: ;   {metadata(method data for {method} {0x0000022c798902f8} 'close' '()V' in 'jdk/nio/zipfs/ZipFileSystem')}
  0x0000022c49087578: 48b8 8897 | 030e 2c02 | 0000 ff80 | d806 0000 | 488b 5424 | 788b 7278 | 4889 b424 | c000 0000 
  0x0000022c49087598: 488d bc24 | 2001 0000 | 4889 7708 

  0x0000022c490875a4: ; implicit exception: dispatches to 0x0000022c49089967
  0x0000022c490875a4: 488b 0648 | 83c8 0148 | 8907 f048 | 0fb1 3e0f | 8412 0000 | 0048 2bc4 | 4825 07f0 | ffff 4889 
  0x0000022c490875c4: 070f 85a1 | 2300 008b | 7a78 483b | 0748 8bdf 

  0x0000022c490875d4: ;   {metadata(method data for {method} {0x0000022c798902f8} 'close' '()V' in 'jdk/nio/zipfs/ZipFileSystem')}
  0x0000022c490875d4: 48b8 8897 | 030e 2c02 | 0000 8b5b | 0849 ba00 | 0000 5d2c | 0200 0049 | 03da 483b | 9800 0700 
  0x0000022c490875f4: 0075 0d48 | 8380 0807 | 0000 01e9 | 6600 0000 | 483b 9810 | 0700 0075 | 0d48 8380 | 1807 0000 
  0x0000022c49087614: 01e9 5000 | 0000 4881 | b800 0700 | 0000 0000 | 0075 1748 | 8998 0007 | 0000 48c7 | 8008 0700 
  0x0000022c49087634: 0001 0000 | 00e9 2c00 | 0000 4881 | b810 0700 | 0000 0000 | 0075 1748 | 8998 1007 | 0000 48c7 
  0x0000022c49087654: 8018 0700 | 0001 0000 | 00e9 0800 | 0000 4883 | 80f0 0600 | 0001 488b | d748 b818 | df00 5d2c 
  0x0000022c49087674: ;   {virtual_call}
  0x0000022c49087674: 0200 00e8 

  0x0000022c49087678: ; ImmutableOopMap {[192]=Oop [120]=Oop [296]=Oop }
                      ;*invokeinterface iterator {reexecute=0 rethrow=0 return_oop=0}
                      ; - jdk.nio.zipfs.ZipFileSystem::close@206 (line 509)
  0x0000022c49087678: a4ff e504 | 4889 8424 | c800 0000 | e93a 0200 | 000f 1f80 | 0000 0000 | 488b 8424 | c800 0000 
  0x0000022c49087698: ;   {metadata(method data for {method} {0x0000022c798902f8} 'close' '()V' in 'jdk/nio/zipfs/ZipFileSystem')}
  0x0000022c49087698: 48ba 8897 | 030e 2c02 | 0000 8b40 | 0849 ba00 | 0000 5d2c | 0200 0049 | 03c2 483b | 8290 0700 
  0x0000022c490876b8: 0075 0d48 | 8382 9807 | 0000 01e9 | 6600 0000 | 483b 82a0 | 0700 0075 | 0d48 8382 | a807 0000 
  0x0000022c490876d8: 01e9 5000 | 0000 4881 | ba90 0700 | 0000 0000 | 0075 1748 | 8982 9007 | 0000 48c7 | 8298 0700 
  0x0000022c490876f8: 0001 0000 | 00e9 2c00 | 0000 4881 | baa0 0700 | 0000 0000 | 0075 1748 | 8982 a007 | 0000 48c7 
  0x0000022c49087718: 82a8 0700 | 0001 0000 | 00e9 0800 | 0000 4883 | 8280 0700 | 0001 488b | 9424 c800 | 0000 0f1f 
  0x0000022c49087738: 8000 0000 | 0048 b8ff | ffff ffff 

  0x0000022c49087744: ;   {virtual_call}
  0x0000022c49087744: ffff ffe8 

  0x0000022c49087748: ; ImmutableOopMap {[120]=Oop [200]=Oop [192]=Oop [296]=Oop }
                      ;*invokeinterface next {reexecute=0 rethrow=0 return_oop=0}
                      ; - jdk.nio.zipfs.ZipFileSystem::close@222 (line 509)
  0x0000022c49087748: 3459 8004 | 4883 f800 

  0x0000022c49087750: ;   {metadata(method data for {method} {0x0000022c798902f8} 'close' '()V' in 'jdk/nio/zipfs/ZipFileSystem')}
  0x0000022c49087750: 7516 48bf | 8897 030e | 2c02 0000 | 808f b107 | 0000 01e9 | fa00 0000 

  0x0000022c49087768: ;   {no_reloc}
  0x0000022c49087768: e926 2200 | 0000 0000 | 0000 8b78 | 0849 ba00 | 0000 5d2c | 0200 0049 | 03fa 483b | fb0f 8428 
  0x0000022c49087788: 0000 008b | 7314 483b | 1c37 0f84 | 1b00 0000 | 83fe 200f | 85a5 0000 

  0x0000022c490877a0: ;   {runtime_call slow_subtype_check Runtime1 stub}
  0x0000022c490877a0: 0057 53e8 | d812 8b04 | 5f5b 83fb | 000f 8493 

  0x0000022c490877b0: ;   {metadata(method data for {method} {0x0000022c798902f8} 'close' '()V' in 'jdk/nio/zipfs/ZipFileSystem')}
  0x0000022c490877b0: 0000 0048 | bf88 9703 | 0e2c 0200 | 008b 5808 | 49ba 0000 | 005d 2c02 | 0000 4903 | da48 3b9f 
  0x0000022c490877d0: c807 0000 | 750d 4883 | 87d0 0700 | 0001 e97f | 0000 0048 | 3b9f d807 | 0000 750d | 4883 87e0 
  0x0000022c490877f0: 0700 0001 | e969 0000 | 0048 81bf | c807 0000 | 0000 0000 | 7517 4889 | 9fc8 0700 | 0048 c787 
  0x0000022c49087810: d007 0000 | 0100 0000 | e945 0000 | 0048 81bf | d807 0000 | 0000 0000 | 7517 4889 | 9fd8 0700 
  0x0000022c49087830: 0048 c787 | e007 0000 | 0100 0000 | e921 0000 | 00e9 1c00 

  0x0000022c49087844: ;   {metadata(method data for {method} {0x0000022c798902f8} 'close' '()V' in 'jdk/nio/zipfs/ZipFileSystem')}
  0x0000022c49087844: 0000 48bf | 8897 030e | 2c02 0000 | 4883 afb8 | 0700 0001 | e940 2100 | 00e9 0000 | 0000 488b 
  0x0000022c49087864: d048 b8ff | ffff ffff 

  0x0000022c4908786c: ;   {virtual_call}
  0x0000022c4908786c: ffff ffe8 

  0x0000022c49087870: ; ImmutableOopMap {[120]=Oop [200]=Oop [192]=Oop [296]=Oop }
                      ;*invokevirtual end {reexecute=0 rethrow=0 return_oop=0}
                      ; - jdk.nio.zipfs.ZipFileSystem::close@232 (line 510)
  0x0000022c49087870: 0c58 8004 

  0x0000022c49087874: ;   {metadata(method data for {method} {0x0000022c798902f8} 'close' '()V' in 'jdk/nio/zipfs/ZipFileSystem')}
  0x0000022c49087874: 48b8 8897 | 030e 2c02 | 0000 448b | 80d0 0000 | 0041 83c0 | 0244 8980 | d000 0000 | 4181 e0fe 
  0x0000022c49087894: 3f00 0041 | 83f8 000f | 8405 2100 | 004d 8b97 

  0x0000022c490878a4: ; ImmutableOopMap {[120]=Oop [200]=Oop [192]=Oop [296]=Oop }
                      ;*goto {reexecute=1 rethrow=0 return_oop=0}
                      ; - (reexecute) jdk.nio.zipfs.ZipFileSystem::close@235 (line 510)
  0x0000022c490878a4: 5003 0000 

  0x0000022c490878a8: ;   {poll}
  0x0000022c490878a8: 4185 0248 | b888 9703 | 0e2c 0200 | 00ff 8028 | 0800 0048 | 8b84 24c8 | 0000 0048 | 3b00 488b 
  0x0000022c490878c8: ;   {metadata(method data for {method} {0x0000022c798902f8} 'close' '()V' in 'jdk/nio/zipfs/ZipFileSystem')}
  0x0000022c490878c8: d048 bf88 | 9703 0e2c | 0200 008b | 5208 49ba | 0000 005d | 2c02 0000 | 4903 d248 | 3b97 3807 
  0x0000022c490878e8: 0000 750d | 4883 8740 | 0700 0001 | e966 0000 | 0048 3b97 | 4807 0000 | 750d 4883 | 8750 0700 
  0x0000022c49087908: 0001 e950 | 0000 0048 | 81bf 3807 | 0000 0000 | 0000 7517 | 4889 9738 | 0700 0048 | c787 4007 
  0x0000022c49087928: 0000 0100 | 0000 e92c | 0000 0048 | 81bf 4807 | 0000 0000 | 0000 7517 | 4889 9748 | 0700 0048 
  0x0000022c49087948: c787 5007 | 0000 0100 | 0000 e908 | 0000 0048 | 8387 2807 | 0000 0148 | 8bd0 6666 | 9048 b8e0 
  0x0000022c49087968: ef19 5d2c 

  0x0000022c4908796c: ;   {virtual_call}
  0x0000022c4908796c: 0200 00e8 

  0x0000022c49087970: ; ImmutableOopMap {[120]=Oop [200]=Oop [192]=Oop [296]=Oop }
                      ;*invokeinterface hasNext {reexecute=0 rethrow=0 return_oop=0}
                      ; - jdk.nio.zipfs.ZipFileSystem::close@213 (line 509)
  0x0000022c49087970: 8ce7 e004 

  0x0000022c49087974: ;   {metadata(method data for {method} {0x0000022c798902f8} 'close' '()V' in 'jdk/nio/zipfs/ZipFileSystem')}
  0x0000022c49087974: 83f8 0048 | ba88 9703 | 0e2c 0200 | 0048 be70 | 0700 0000 | 0000 000f | 850a 0000 | 0048 be60 
  0x0000022c49087994: 0700 0000 | 0000 0048 | 8b3c 3248 | 8d7f 0148 | 893c 320f | 85e3 fcff | ff48 8d84 | 2420 0100 
  0x0000022c490879b4: 004c 8b00 | 4d85 c00f | 840f 0000 | 0048 8b50 | 08f0 4c0f | b102 0f85 | fc1f 0000 

  0x0000022c490879d0: ;   {metadata(method data for {method} {0x0000022c798902f8} 'close' '()V' in 'jdk/nio/zipfs/ZipFileSystem')}
  0x0000022c490879d0: 49b8 8897 | 030e 2c02 | 0000 41ff | 8040 0800 | 0048 8b54 | 2478 4c8b 

  0x0000022c490879e8: ;   {metadata(method data for {method} {0x0000022c798902f8} 'close' '()V' in 'jdk/nio/zipfs/ZipFileSystem')}
  0x0000022c490879e8: c248 be88 | 9703 0e2c | 0200 0048 | 8386 5808 

  0x0000022c490879f8: ;   {metadata(method data for {method} {0x0000022c79892ad8} 'beginWrite' '()V' in 'jdk/nio/zipfs/ZipFileSystem')}
  0x0000022c490879f8: 0000 0149 | b8c0 a967 | 072c 0200 | 0041 8bb0 | cc00 0000 | 83c6 0241 | 89b0 cc00 | 0000 81e6 
  0x0000022c49087a18: feff 1f00 | 83fe 000f | 84bd 1f00 | 0044 8b42 | 6849 83f8 | 000f 842a 

  0x0000022c49087a30: ;   {metadata('java/util/concurrent/locks/ReentrantReadWriteLock')}
  0x0000022c49087a30: 0000 0048 | b8a8 ea3e | 5e2c 0200 | 0041 8b58 | 0849 ba00 | 0000 5d2c | 0200 0049 | 03da 483b 
  0x0000022c49087a50: 4338 0f85 | ab1f 0000 | e900 0000 | 0049 8bf0 

  0x0000022c49087a60: ; implicit exception: dispatches to 0x0000022c49089a08
  0x0000022c49087a60: 493b 0049 

  0x0000022c49087a64: ;   {metadata(method data for {method} {0x0000022c79892ad8} 'beginWrite' '()V' in 'jdk/nio/zipfs/ZipFileSystem')}
  0x0000022c49087a64: 8bf0 48bf | c0a9 6707 | 2c02 0000 | 4883 8728 | 0100 0001 

  0x0000022c49087a78: ;   {metadata(method data for {method} {0x0000022c797ae860} 'writeLock' '()Ljava/util/concurrent/locks/Lock;' in 'java/util/concurrent/locks/ReentrantReadWriteLock')}
  0x0000022c49087a78: 48be a853 | ff06 2c02 | 0000 8bbe | cc00 0000 | 83c7 0289 | becc 0000 | 0081 e7fe | ff1f 0083 
  0x0000022c49087a98: ff00 0f84 | 6d1f 0000 

  0x0000022c49087aa0: ;   {metadata(method data for {method} {0x0000022c797ae860} 'writeLock' '()Ljava/util/concurrent/locks/Lock;' in 'java/util/concurrent/locks/ReentrantReadWriteLock')}
  0x0000022c49087aa0: 498b f048 | bfa8 53ff | 062c 0200 | 0048 8387 | 2801 0000 | 0145 8b40 | 1049 3b00 

  0x0000022c49087abc: ;   {metadata(method data for {method} {0x0000022c79892ad8} 'beginWrite' '()V' in 'jdk/nio/zipfs/ZipFileSystem')}
  0x0000022c49087abc: 498b f048 | bfc0 a967 | 072c 0200 | 0048 8387 | 6001 0000 

  0x0000022c49087ad0: ;   {metadata(method data for {method} {0x0000022c797b3be0} 'lock' '()V' in 'java/util/concurrent/locks/ReentrantReadWriteLock$WriteLock')}
  0x0000022c49087ad0: 0148 be30 | 55ff 062c | 0200 008b | becc 0000 | 0083 c702 | 89be cc00 | 0000 81e7 | feff 1f00 
  0x0000022c49087af0: 83ff 000f | 843a 1f00 | 0041 8b70 | 0c48 3b06 

  0x0000022c49087b00: ;   {metadata(method data for {method} {0x0000022c797b3be0} 'lock' '()V' in 'java/util/concurrent/locks/ReentrantReadWriteLock$WriteLock')}
  0x0000022c49087b00: 4c8b c648 | bf30 55ff | 062c 0200 | 0048 8387 | 1001 0000 | 0141 b801 | 0000 0048 

  0x0000022c49087b1c: ;   {optimized virtual_call}
  0x0000022c49087b1c: 8bd6 90e8 

  0x0000022c49087b20: ; ImmutableOopMap {[120]=Oop }
                      ;*invokevirtual acquire {reexecute=0 rethrow=0 return_oop=0}
                      ; - java.util.concurrent.locks.ReentrantReadWriteLock$WriteLock::lock@5 (line 959)
                      ; - jdk.nio.zipfs.ZipFileSystem::beginWrite@9 (line 1195)
                      ; - jdk.nio.zipfs.ZipFileSystem::close@251 (line 513)
  0x0000022c49087b20: bc42 3ffe | 488b 5424 | 7845 0fbe | 4738 4183 | f800 0f85 | 211f 0000 | c742 6c00 | 0000 004c 
  0x0000022c49087b40: ;   {metadata(method data for {method} {0x0000022c798902f8} 'close' '()V' in 'jdk/nio/zipfs/ZipFileSystem')}
  0x0000022c49087b40: 8bc2 48be | 8897 030e | 2c02 0000 | 4883 8690 | 0800 0001 

  0x0000022c49087b54: ;   {metadata(method data for {method} {0x0000022c79892b88} 'endWrite' '()V' in 'jdk/nio/zipfs/ZipFileSystem')}
  0x0000022c49087b54: 49b8 80ab | 6707 2c02 | 0000 418b | b0cc 0000 | 0083 c602 | 4189 b0cc | 0000 0081 | e6fe ff1f 
  0x0000022c49087b74: 0083 fe00 | 0f84 f71e | 0000 448b | 4268 4983 | f800 0f84 | 2a00 0000 

  0x0000022c49087b8c: ;   {metadata('java/util/concurrent/locks/ReentrantReadWriteLock')}
  0x0000022c49087b8c: 48b8 a8ea | 3e5e 2c02 | 0000 418b | 5808 49ba | 0000 005d | 2c02 0000 | 4903 da48 | 3b43 380f 
  0x0000022c49087bac: 85e5 1e00 | 00e9 0000 | 0000 498b | f049 3b00 

  0x0000022c49087bbc: ;   {metadata(method data for {method} {0x0000022c79892b88} 'endWrite' '()V' in 'jdk/nio/zipfs/ZipFileSystem')}
  0x0000022c49087bbc: 498b f048 | bf80 ab67 | 072c 0200 | 0048 8387 | 2801 0000 

  0x0000022c49087bd0: ;   {metadata(method data for {method} {0x0000022c797ae860} 'writeLock' '()Ljava/util/concurrent/locks/Lock;' in 'java/util/concurrent/locks/ReentrantReadWriteLock')}
  0x0000022c49087bd0: 0148 bea8 | 53ff 062c | 0200 008b | becc 0000 | 0083 c702 | 89be cc00 | 0000 81e7 | feff 1f00 
  0x0000022c49087bf0: 83ff 000f | 84a7 1e00 | 0049 8bf0 

  0x0000022c49087bfc: ;   {metadata(method data for {method} {0x0000022c797ae860} 'writeLock' '()Ljava/util/concurrent/locks/Lock;' in 'java/util/concurrent/locks/ReentrantReadWriteLock')}
  0x0000022c49087bfc: 48bf a853 | ff06 2c02 | 0000 4883 | 8728 0100 | 0001 458b | 4010 493b | 0049 8bf0 

  0x0000022c49087c18: ;   {metadata(method data for {method} {0x0000022c79892b88} 'endWrite' '()V' in 'jdk/nio/zipfs/ZipFileSystem')}
  0x0000022c49087c18: 48bf 80ab | 6707 2c02 | 0000 4883 | 8760 0100 

  0x0000022c49087c28: ;   {metadata(method data for {method} {0x0000022c797b3ea8} 'unlock' '()V' in 'java/util/concurrent/locks/ReentrantReadWriteLock$WriteLock')}
  0x0000022c49087c28: 0001 48be | b856 ff06 | 2c02 0000 | 8bbe cc00 | 0000 83c7 | 0289 becc | 0000 0081 | e7fe ff1f 
  0x0000022c49087c48: 0083 ff00 | 0f84 741e | 0000 418b | 700c 483b | 064c 8bc6 

  0x0000022c49087c5c: ;   {metadata(method data for {method} {0x0000022c797b3ea8} 'unlock' '()V' in 'java/util/concurrent/locks/ReentrantReadWriteLock$WriteLock')}
  0x0000022c49087c5c: 48bf b856 | ff06 2c02 | 0000 4883 | 8710 0100 

  0x0000022c49087c6c: ;   {metadata(method data for {method} {0x0000022c5d034ee0} 'release' '(I)Z' in 'java/util/concurrent/locks/AbstractQueuedSynchronizer')}
  0x0000022c49087c6c: 0001 49b8 | 00c4 9a78 | 2c02 0000 | 418b b8cc | 0000 0083 | c702 4189 | b8cc 0000 | 0081 e7fe 
  0x0000022c49087c8c: ff1f 0083 | ff00 0f84 | 541e 0000 

  0x0000022c49087c98: ;   {metadata(method data for {method} {0x0000022c5d034ee0} 'release' '(I)Z' in 'java/util/concurrent/locks/AbstractQueuedSynchronizer')}
  0x0000022c49087c98: 4c8b c648 | bf00 c49a | 782c 0200 | 0045 8b40 | 0849 ba00 | 0000 5d2c | 0200 004d | 03c2 4c3b 
  0x0000022c49087cb8: 8720 0100 | 0075 0d48 | 8387 2801 | 0000 01e9 | 6600 0000 | 4c3b 8730 | 0100 0075 | 0d48 8387 
  0x0000022c49087cd8: 3801 0000 | 01e9 5000 | 0000 4881 | bf20 0100 | 0000 0000 | 0075 174c | 8987 2001 | 0000 48c7 
  0x0000022c49087cf8: 8728 0100 | 0001 0000 | 00e9 2c00 | 0000 4881 | bf30 0100 | 0000 0000 | 0075 174c | 8987 3001 
  0x0000022c49087d18: 0000 48c7 | 8738 0100 | 0001 0000 | 00e9 0800 | 0000 4883 | 8710 0100 | 0001 41b8 | 0100 0000 
  0x0000022c49087d38: 488b d648 | 89b4 24d0 | 0000 000f 

  0x0000022c49087d44: ;   {optimized virtual_call}
  0x0000022c49087d44: 1f40 00e8 

  0x0000022c49087d48: ; ImmutableOopMap {[208]=Oop [120]=Oop }
                      ;*invokevirtual tryRelease {reexecute=0 rethrow=0 return_oop=0}
                      ; - java.util.concurrent.locks.AbstractQueuedSynchronizer::release@2 (line 1007)
                      ; - java.util.concurrent.locks.ReentrantReadWriteLock$WriteLock::unlock@5 (line 1147)
                      ; - jdk.nio.zipfs.ZipFileSystem::endWrite@9 (line 1199)
                      ; - jdk.nio.zipfs.ZipFileSystem::close@260 (line 518)
  0x0000022c49087d48: 5437 2406 

  0x0000022c49087d4c: ;   {metadata(method data for {method} {0x0000022c5d034ee0} 'release' '(I)Z' in 'java/util/concurrent/locks/AbstractQueuedSynchronizer')}
  0x0000022c49087d4c: 83f8 0048 | ba00 c49a | 782c 0200 | 0048 be48 | 0100 0000 | 0000 000f | 840a 0000 | 0048 be58 
  0x0000022c49087d6c: 0100 0000 | 0000 0048 | 8b3c 3248 | 8d7f 0148 | 893c 320f | 8431 0000 | 0048 8bb4 | 24d0 0000 
  0x0000022c49087d8c: 008b 5614 

  0x0000022c49087d90: ;   {metadata(method data for {method} {0x0000022c5d034ee0} 'release' '(I)Z' in 'java/util/concurrent/locks/AbstractQueuedSynchronizer')}
  0x0000022c49087d90: 48be 00c4 | 9a78 2c02 | 0000 4883 | 8668 0100 | 0001 0f1f 

  0x0000022c49087da4: ;   {static_call}
  0x0000022c49087da4: 4400 00e8 

  0x0000022c49087da8: ; ImmutableOopMap {[120]=Oop }
                      ;*invokestatic signalNext {reexecute=0 rethrow=0 return_oop=0}
                      ; - java.util.concurrent.locks.AbstractQueuedSynchronizer::release@12 (line 1008)
                      ; - java.util.concurrent.locks.ReentrantReadWriteLock$WriteLock::unlock@5 (line 1147)
                      ; - jdk.nio.zipfs.ZipFileSystem::endWrite@9 (line 1199)
                      ; - jdk.nio.zipfs.ZipFileSystem::close@260 (line 518)
  0x0000022c49087da8: 7494 df04 | b801 0000 | 00e9 0500 | 0000 b800 

  0x0000022c49087db8: ;   {metadata(method data for {method} {0x0000022c798902f8} 'close' '()V' in 'jdk/nio/zipfs/ZipFileSystem')}
  0x0000022c49087db8: 0000 0048 | b888 9703 | 0e2c 0200 | 00ff 80c8 | 0800 0048 | 8b54 2478 | 8b72 5848 | 8dbc 2420 
  0x0000022c49087dd8: 0100 0048 | 8977 0848 | 8b06 4883 | c801 4889 | 07f0 480f | b13e 0f84 | 1200 0000 | 482b c448 
  0x0000022c49087df8: 2507 f0ff | ff48 8907 | 0f85 0c1d | 0000 4889 | b424 d800 | 0000 8b7a | 5848 3b07 

  0x0000022c49087e14: ;   {metadata(method data for {method} {0x0000022c798902f8} 'close' '()V' in 'jdk/nio/zipfs/ZipFileSystem')}
  0x0000022c49087e14: 488b df48 | b888 9703 | 0e2c 0200 | 008b 5b08 | 49ba 0000 | 005d 2c02 | 0000 4903 | da48 3b98 
  0x0000022c49087e34: 2809 0000 | 750d 4883 | 8030 0900 | 0001 e966 | 0000 0048 | 3b98 3809 | 0000 750d | 4883 8040 
  0x0000022c49087e54: 0900 0001 | e950 0000 | 0048 81b8 | 2809 0000 | 0000 0000 | 7517 4889 | 9828 0900 | 0048 c780 
  0x0000022c49087e74: 3009 0000 | 0100 0000 | e92c 0000 | 0048 81b8 | 3809 0000 | 0000 0000 | 7517 4889 | 9838 0900 
  0x0000022c49087e94: 0048 c780 | 4009 0000 | 0100 0000 | e908 0000 | 0048 8380 | 1809 0000 | 0148 8bd7 | 0f1f 4400 
  0x0000022c49087eb4: 0048 b8e0 | 431e 5d2c 

  0x0000022c49087ebc: ;   {virtual_call}
  0x0000022c49087ebc: 0200 00e8 

  0x0000022c49087ec0: ; ImmutableOopMap {[216]=Oop [120]=Oop [296]=Oop }
                      ;*invokeinterface iterator {reexecute=0 rethrow=0 return_oop=0}
                      ; - jdk.nio.zipfs.ZipFileSystem::close@288 (line 523)
  0x0000022c49087ec0: fc5c 18fe | 4889 8424 | e000 0000 

  0x0000022c49087ecc: ;   {oop(NULL)}
  0x0000022c49087ecc: 48be 0000 | 0000 0000 | 0000 4889 | b424 e800 | 0000 6690 

  0x0000022c49087ee0: ; implicit exception: dispatches to 0x0000022c49089b2a
  0x0000022c49087ee0: 483b 0048 

  0x0000022c49087ee4: ;   {metadata(method data for {method} {0x0000022c798902f8} 'close' '()V' in 'jdk/nio/zipfs/ZipFileSystem')}
  0x0000022c49087ee4: 8bd0 48bf | 8897 030e | 2c02 0000 | 8b52 0849 | ba00 0000 | 5d2c 0200 | 0049 03d2 | 483b 9760 
  0x0000022c49087f04: 0900 0075 | 0d48 8387 | 6809 0000 | 01e9 6600 | 0000 483b | 9770 0900 | 0075 0d48 | 8387 7809 
  0x0000022c49087f24: 0000 01e9 | 5000 0000 | 4881 bf60 | 0900 0000 | 0000 0075 | 1748 8997 | 6009 0000 | 48c7 8768 
  0x0000022c49087f44: 0900 0001 | 0000 00e9 | 2c00 0000 | 4881 bf70 | 0900 0000 | 0000 0075 | 1748 8997 | 7009 0000 
  0x0000022c49087f64: 48c7 8778 | 0900 0001 | 0000 00e9 | 0800 0000 | 4883 8750 | 0900 0001 | 488b d066 | 0f1f 4400 
  0x0000022c49087f84: 0048 b850 | 211c 5d2c 

  0x0000022c49087f8c: ;   {virtual_call}
  0x0000022c49087f8c: 0200 00e8 

  0x0000022c49087f90: ; ImmutableOopMap {[216]=Oop [120]=Oop [224]=Oop [232]=Oop [296]=Oop }
                      ;*invokeinterface hasNext {reexecute=0 rethrow=0 return_oop=0}
                      ; - jdk.nio.zipfs.ZipFileSystem::close@295 (line 523)
  0x0000022c49087f90: ec19 e304 

  0x0000022c49087f94: ;   {metadata(method data for {method} {0x0000022c798902f8} 'close' '()V' in 'jdk/nio/zipfs/ZipFileSystem')}
  0x0000022c49087f94: 83f8 0048 | ba88 9703 | 0e2c 0200 | 0048 be88 | 0900 0000 | 0000 000f | 840a 0000 | 0048 be98 
  0x0000022c49087fb4: 0900 0000 | 0000 0048 | 8b3c 3248 | 8d7f 0148 | 893c 320f | 84ab 0600 | 0048 8b84 | 24e0 0000 
  0x0000022c49087fd4: ;   {metadata(method data for {method} {0x0000022c798902f8} 'close' '()V' in 'jdk/nio/zipfs/ZipFileSystem')}
  0x0000022c49087fd4: 0048 ba88 | 9703 0e2c | 0200 008b | 4008 49ba | 0000 005d | 2c02 0000 | 4903 c248 | 3b82 b809 
  0x0000022c49087ff4: 0000 750d | 4883 82c0 | 0900 0001 | e966 0000 | 0048 3b82 | c809 0000 | 750d 4883 | 82d0 0900 
  0x0000022c49088014: 0001 e950 | 0000 0048 | 81ba b809 | 0000 0000 | 0000 7517 | 4889 82b8 | 0900 0048 | c782 c009 
  0x0000022c49088034: 0000 0100 | 0000 e92c | 0000 0048 | 81ba c809 | 0000 0000 | 0000 7517 | 4889 82c8 | 0900 0048 
  0x0000022c49088054: c782 d009 | 0000 0100 | 0000 e908 | 0000 0048 | 8382 a809 | 0000 0148 | 8b94 24e0 | 0000 0066 
  0x0000022c49088074: 9048 b8ff | ffff ffff 

  0x0000022c4908807c: ;   {virtual_call}
  0x0000022c4908807c: ffff ffe8 

  0x0000022c49088080: ; ImmutableOopMap {[216]=Oop [120]=Oop [224]=Oop [232]=Oop [296]=Oop }
                      ;*invokeinterface next {reexecute=0 rethrow=0 return_oop=0}
                      ; - jdk.nio.zipfs.ZipFileSystem::close@304 (line 523)
  0x0000022c49088080: fc4f 8004 | 4883 f800 

  0x0000022c49088088: ;   {metadata(method data for {method} {0x0000022c798902f8} 'close' '()V' in 'jdk/nio/zipfs/ZipFileSystem')}
  0x0000022c49088088: 7516 48be | 8897 030e | 2c02 0000 | 808e d909 | 0000 01e9 | ee00 0000 

  0x0000022c490880a0: ;   {metadata('java/nio/file/Path')}
  0x0000022c490880a0: 48bf 082e | 135d 2c02 | 0000 8b70 | 0849 ba00 | 0000 5d2c | 0200 0049 | 03f2 483b | 7e20 0f84 
  0x0000022c490880c0: 1b00 0000 | 483b f70f | 8412 0000 

  0x0000022c490880cc: ;   {runtime_call slow_subtype_check Runtime1 stub}
  0x0000022c490880cc: 0056 57e8 | ac09 8b04 | 5e5e 83fe | 000f 8493 

  0x0000022c490880dc: ;   {metadata(method data for {method} {0x0000022c798902f8} 'close' '()V' in 'jdk/nio/zipfs/ZipFileSystem')}
  0x0000022c490880dc: 0000 0048 | be88 9703 | 0e2c 0200 | 008b 7808 | 49ba 0000 | 005d 2c02 | 0000 4903 | fa48 3bbe 
  0x0000022c490880fc: f009 0000 | 750d 4883 | 86f8 0900 | 0001 e97f | 0000 0048 | 3bbe 000a | 0000 750d | 4883 8608 
  0x0000022c4908811c: 0a00 0001 | e969 0000 | 0048 81be | f009 0000 | 0000 0000 | 7517 4889 | bef0 0900 | 0048 c786 
  0x0000022c4908813c: f809 0000 | 0100 0000 | e945 0000 | 0048 81be | 000a 0000 | 0000 0000 | 7517 4889 | be00 0a00 
  0x0000022c4908815c: 0048 c786 | 080a 0000 | 0100 0000 | e921 0000 | 00e9 1c00 

  0x0000022c49088170: ;   {metadata(method data for {method} {0x0000022c798902f8} 'close' '()V' in 'jdk/nio/zipfs/ZipFileSystem')}
  0x0000022c49088170: 0000 48be | 8897 030e | 2c02 0000 | 4883 aee0 | 0900 0001 | e9a6 1900 | 00e9 0000 | 0000 488b 
  0x0000022c49088190: d00f 1f80 | 0000 0000 

  0x0000022c49088198: ;   {no_reloc}
  0x0000022c49088198: e9aa 1900 | 0090 9090 | 9090 0f1f 

  0x0000022c490881a4: ;   {static_call}
  0x0000022c490881a4: 4400 00e8 

  0x0000022c490881a8: ; ImmutableOopMap {[216]=Oop [120]=Oop [224]=Oop [232]=Oop [296]=Oop }
                      ;*invokedynamic {reexecute=0 rethrow=0 return_oop=0}
                      ; - jdk.nio.zipfs.ZipFileSystem::close@316 (line 525)
  0x0000022c490881a8: d451 8004 

  0x0000022c490881ac: ;   {metadata(method data for {method} {0x0000022c798902f8} 'close' '()V' in 'jdk/nio/zipfs/ZipFileSystem')}
  0x0000022c490881ac: 48ba 8897 | 030e 2c02 | 0000 488d | 9238 0a00 | 0048 85c0 | 750c f602 | 0175 4df0 | 4883 0a01 
  0x0000022c490881cc: eb46 8b70 | 0849 ba00 | 0000 5d2c | 0200 0049 | 03f2 4c8b | d648 3332 | 48f7 c6fc | ffff ff74 
  0x0000022c490881ec: 2740 f6c6 | 0275 2148 | f702 feff | ffff 7415 | 498b f248 | 3332 48f7 | c6fc ffff | ff74 0948 
  0x0000022c4908820c: 830a 02eb | 0348 8932 

  0x0000022c49088214: ;   {metadata(method data for {method} {0x0000022c798902f8} 'close' '()V' in 'jdk/nio/zipfs/ZipFileSystem')}
  0x0000022c49088214: 48ba 8897 | 030e 2c02 | 0000 4883 | 8248 0a00 | 0001 488b | d066 0f1f 

  0x0000022c4908822c: ;   {static_call}
  0x0000022c4908822c: 4400 00e8 

  0x0000022c49088230: ; ImmutableOopMap {[216]=Oop [120]=Oop [224]=Oop [232]=Oop [296]=Oop }
                      ;*invokestatic doPrivileged {reexecute=0 rethrow=0 return_oop=0}
                      ; - jdk.nio.zipfs.ZipFileSystem::close@321 (line 525)
  0x0000022c49088230: 4c51 8004 

  0x0000022c49088234: ;   {metadata(method data for {method} {0x0000022c798902f8} 'close' '()V' in 'jdk/nio/zipfs/ZipFileSystem')}
  0x0000022c49088234: 48b8 8897 | 030e 2c02 | 0000 ff80 | 580a 0000 | 488b b424 | e800 0000 | e9cb 0300 | 0049 8b87 
  0x0000022c49088254: d803 0000 | 4d33 d24d | 8997 d803 | 0000 4d33 | d24d 8997 | e003 0000 | 4c8b c049 

  0x0000022c49088270: ;   {metadata(method data for {method} {0x0000022c798902f8} 'close' '()V' in 'jdk/nio/zipfs/ZipFileSystem')}
  0x0000022c49088270: 8bc0 48ba | 8897 030e | 2c02 0000 

  0x0000022c4908827c: ;   {metadata('java/security/PrivilegedActionException')}
  0x0000022c4908827c: 49ba 90ee | 155e 2c02 | 0000 4c89 | 9280 0a00 | 0048 8382 | 880a 0000 

  0x0000022c49088294: ;   {metadata(method data for {method} {0x0000022c787fa790} 'getException' '()Ljava/lang/Exception;' in 'java/security/PrivilegedActionException')}
  0x0000022c49088294: 0148 b8b0 | 4adf 052c | 0200 008b | 90cc 0000 | 0083 c202 | 8990 cc00 | 0000 81e2 | feff 1f00 
  0x0000022c490882b4: 83fa 000f | 8494 1800 | 0049 8bc0 

  0x0000022c490882c0: ;   {metadata(method data for {method} {0x0000022c787fa790} 'getException' '()Ljava/lang/Exception;' in 'java/security/PrivilegedActionException')}
  0x0000022c490882c0: 48ba b04a | df05 2c02 | 0000 4883 | 8210 0100 | 0001 488d | 9424 3001 | 0000 4c89 | 4208 498b 
  0x0000022c490882e0: 0048 83c8 | 0148 8902 | f049 0fb1 | 100f 8412 | 0000 0048 | 2bc4 4825 | 07f0 ffff | 4889 020f 
  0x0000022c49088300: 856d 1800 

  0x0000022c49088304: ;   {metadata(method data for {method} {0x0000022c5d02eac0} 'getCause' '()Ljava/lang/Throwable;' in 'java/lang/Throwable')}
  0x0000022c49088304: 0048 b810 | 7493 792c | 0200 008b | 90cc 0000 | 0083 c202 | 8990 cc00 | 0000 81e2 | feff 1f00 
  0x0000022c49088324: 83fa 000f | 8458 1800 | 0041 8b40 | 1849 3bc0 

  0x0000022c49088334: ;   {metadata(method data for {method} {0x0000022c5d02eac0} 'getCause' '()Ljava/lang/Throwable;' in 'java/lang/Throwable')}
  0x0000022c49088334: 49b8 1074 | 9379 2c02 | 0000 48ba | 1001 0000 | 0000 0000 | 0f85 0a00 | 0000 48ba | 2001 0000 
  0x0000022c49088354: 0000 0000 | 498b 3410 | 488d 7601 | 4989 3410 | 0f85 1f00 

  0x0000022c49088368: ;   {metadata(method data for {method} {0x0000022c5d02eac0} 'getCause' '()Ljava/lang/Throwable;' in 'java/lang/Throwable')}
  0x0000022c49088368: 0000 48b8 | 1074 9379 | 2c02 0000 | ff80 3001 

  0x0000022c49088378: ;   {oop(NULL)}
  0x0000022c49088378: 0000 49b8 | 0000 0000 | 0000 0000 | e903 0000 | 004c 8bc0 | 488d 8424 | 3001 0000 | 488b 1048 
  0x0000022c49088398: 85d2 0f84 | 0f00 0000 | 488b 7008 | f048 0fb1 | 160f 85f7 | 1700 0049 | 83f8 0075 

  0x0000022c490883b4: ;   {metadata(method data for {method} {0x0000022c787fa790} 'getException' '()Ljava/lang/Exception;' in 'java/security/PrivilegedActionException')}
  0x0000022c490883b4: 1648 beb0 | 4adf 052c | 0200 0080 | 8e19 0100 | 0001 e9d5 

  0x0000022c490883c8: ;   {metadata('java/lang/Exception')}
  0x0000022c490883c8: 0000 0048 | bf58 db02 | 5d2c 0200 | 0041 8b70 | 0849 ba00 | 0000 5d2c | 0200 0049 | 03f2 483b 
  0x0000022c490883e8: 7e40 0f85 | 9400 0000 

  0x0000022c490883f0: ;   {metadata(method data for {method} {0x0000022c787fa790} 'getException' '()Ljava/lang/Exception;' in 'java/security/PrivilegedActionException')}
  0x0000022c490883f0: 48be b04a | df05 2c02 | 0000 418b | 7808 49ba | 0000 005d | 2c02 0000 | 4903 fa48 | 3bbe 3001 
  0x0000022c49088410: 0000 750d | 4883 8638 | 0100 0001 | e97f 0000 | 0048 3bbe | 4001 0000 | 750d 4883 | 8648 0100 
  0x0000022c49088430: 0001 e969 | 0000 0048 | 81be 3001 | 0000 0000 | 0000 7517 | 4889 be30 | 0100 0048 | c786 3801 
  0x0000022c49088450: 0000 0100 | 0000 e945 | 0000 0048 | 81be 4001 | 0000 0000 | 0000 7517 | 4889 be40 | 0100 0048 
  0x0000022c49088470: c786 4801 | 0000 0100 | 0000 e921 | 0000 00e9 | 1c00 0000 

  0x0000022c49088484: ;   {metadata(method data for {method} {0x0000022c787fa790} 'getException' '()Ljava/lang/Exception;' in 'java/security/PrivilegedActionException')}
  0x0000022c49088484: 48be b04a | df05 2c02 | 0000 4883 | ae20 0100 | 0001 e921 | 1700 00e9 | 0000 0000 | 488b b424 
  0x0000022c490884a4: e800 0000 | 4983 f800 

  0x0000022c490884ac: ;   {metadata(method data for {method} {0x0000022c798902f8} 'close' '()V' in 'jdk/nio/zipfs/ZipFileSystem')}
  0x0000022c490884ac: 7516 48bf | 8897 030e | 2c02 0000 | 808f a10a | 0000 01e9 | d500 0000 

  0x0000022c490884c4: ;   {metadata('java/io/IOException')}
  0x0000022c490884c4: 48bb c847 | 045e 2c02 | 0000 418b | 7808 49ba | 0000 005d | 2c02 0000 | 4903 fa48 | 3b5f 480f 
  0x0000022c490884e4: 8594 0000 

  0x0000022c490884e8: ;   {metadata(method data for {method} {0x0000022c798902f8} 'close' '()V' in 'jdk/nio/zipfs/ZipFileSystem')}
  0x0000022c490884e8: 0048 bf88 | 9703 0e2c | 0200 0041 | 8b58 0849 | ba00 0000 | 5d2c 0200 | 0049 03da | 483b 9fb8 
  0x0000022c49088508: 0a00 0075 | 0d48 8387 | c00a 0000 | 01e9 7f00 | 0000 483b | 9fc8 0a00 | 0075 0d48 | 8387 d00a 
  0x0000022c49088528: 0000 01e9 | 6900 0000 | 4881 bfb8 | 0a00 0000 | 0000 0075 | 1748 899f | b80a 0000 | 48c7 87c0 
  0x0000022c49088548: 0a00 0001 | 0000 00e9 | 4500 0000 | 4881 bfc8 | 0a00 0000 | 0000 0075 | 1748 899f | c80a 0000 
  0x0000022c49088568: 48c7 87d0 | 0a00 0001 | 0000 00e9 | 2100 0000 | e91c 0000 

  0x0000022c4908857c: ;   {metadata(method data for {method} {0x0000022c798902f8} 'close' '()V' in 'jdk/nio/zipfs/ZipFileSystem')}
  0x0000022c4908857c: 0048 bf88 | 9703 0e2c | 0200 0048 | 83af a80a | 0000 01e9 | 3116 0000 | e900 0000 | 0048 83fe 
  0x0000022c4908859c: ;   {metadata(method data for {method} {0x0000022c798902f8} 'close' '()V' in 'jdk/nio/zipfs/ZipFileSystem')}
  0x0000022c4908859c: 0048 ba88 | 9703 0e2c | 0200 0048 | bfe0 0a00 | 0000 0000 | 000f 850a | 0000 0048 | bff0 0a00 
  0x0000022c490885bc: 0000 0000 | 0048 8b1c | 3a48 8d5b | 0148 891c | 3a0f 8518 

  0x0000022c490885d0: ;   {metadata(method data for {method} {0x0000022c798902f8} 'close' '()V' in 'jdk/nio/zipfs/ZipFileSystem')}
  0x0000022c490885d0: 0000 0048 | ba88 9703 | 0e2c 0200 | 00ff 8200 | 0b00 0049 | 8bf0 e931 | 0000 0048 | 3b06 488b 
  0x0000022c490885f0: ;   {metadata(method data for {method} {0x0000022c798902f8} 'close' '()V' in 'jdk/nio/zipfs/ZipFileSystem')}
  0x0000022c490885f0: d648 bf88 | 9703 0e2c | 0200 0048 | 8387 180b | 0000 0148 | 8bd6 4889 | b424 e800 

  0x0000022c4908860c: ;   {optimized virtual_call}
  0x0000022c4908860c: 0000 90e8 

  0x0000022c49088610: ; ImmutableOopMap {[216]=Oop [120]=Oop [224]=Oop [232]=Oop [296]=Oop }
                      ;*invokevirtual addSuppressed {reexecute=0 rethrow=0 return_oop=0}
                      ; - jdk.nio.zipfs.ZipFileSystem::close@353 (line 532)
  0x0000022c49088610: 6c47 8004 | 488b b424 | e800 0000 

  0x0000022c4908861c: ;   {metadata(method data for {method} {0x0000022c798902f8} 'close' '()V' in 'jdk/nio/zipfs/ZipFileSystem')}
  0x0000022c4908861c: 48b8 8897 | 030e 2c02 | 0000 448b | 80d0 0000 | 0041 83c0 | 0244 8980 | d000 0000 | 4181 e0fe 
  0x0000022c4908863c: 3f00 0041 | 83f8 000f | 848a 1500 | 004d 8b97 

  0x0000022c4908864c: ; ImmutableOopMap {[216]=Oop [120]=Oop [224]=Oop rsi=Oop [296]=Oop }
                      ;*goto {reexecute=1 rethrow=0 return_oop=0}
                      ; - (reexecute) jdk.nio.zipfs.ZipFileSystem::close@356 (line 534)
  0x0000022c4908864c: 5003 0000 

  0x0000022c49088650: ;   {poll}
  0x0000022c49088650: 4185 0248 | b888 9703 | 0e2c 0200 | 00ff 8050 | 0b00 0048 | 89b4 24e8 | 0000 0048 | 8b84 24e0 
  0x0000022c49088670: 0000 00e9 | 68f8 ffff | 488b b424 | e800 0000 | 488d 8424 | 2001 0000 | 4c8b 004d | 85c0 0f84 
  0x0000022c49088690: 0f00 0000 | 4c8b 4808 | f04d 0fb1 | 010f 8551 

  0x0000022c490886a0: ;   {metadata(method data for {method} {0x0000022c798902f8} 'close' '()V' in 'jdk/nio/zipfs/ZipFileSystem')}
  0x0000022c490886a0: 1500 0049 | b888 9703 | 0e2c 0200 | 0041 ff80 | 680b 0000 | 4889 b424 | e800 0000 | 488b 7424 
  0x0000022c490886c0: 788b 5630 | 448b 4634 

  0x0000022c490886c8: ; implicit exception: dispatches to 0x0000022c49089c0a
  0x0000022c490886c8: 483b 024c 

  0x0000022c490886cc: ;   {metadata(method data for {method} {0x0000022c798902f8} 'close' '()V' in 'jdk/nio/zipfs/ZipFileSystem')}
  0x0000022c490886cc: 8bca 48bb | 8897 030e | 2c02 0000 

  0x0000022c490886d8: ;   {metadata('jdk/nio/zipfs/ZipFileSystemProvider')}
  0x0000022c490886d8: 49ba f05a | 405e 2c02 | 0000 4c89 | 9390 0b00 | 0048 8383 | 980b 0000 | 014c 8bce 

  0x0000022c490886f4: ;   {optimized virtual_call}
  0x0000022c490886f4: 6666 90e8 

  0x0000022c490886f8: ; ImmutableOopMap {[232]=Oop }
                      ;*invokevirtual removeFileSystem {reexecute=0 rethrow=0 return_oop=0}
                      ; - jdk.nio.zipfs.ZipFileSystem::close@380 (line 536)
  0x0000022c490886f8: 6468 48fd | 488b bc24 | e800 0000 | 4883 ff00 

  0x0000022c49088708: ;   {metadata(method data for {method} {0x0000022c798902f8} 'close' '()V' in 'jdk/nio/zipfs/ZipFileSystem')}
  0x0000022c49088708: 48b8 8897 | 030e 2c02 | 0000 49b8 | b80b 0000 | 0000 0000 | 0f84 0a00 | 0000 49b8 | c80b 0000 
  0x0000022c49088728: 0000 0000 | 4a8b 1400 | 488d 5201 | 4a89 1400 | 0f84 ba06 | 0000 e9f3 | 0800 0048 | 8b74 2478 
  0x0000022c49088748: 498b 87d8 | 0300 004d | 33d2 4d89 | 97d8 0300 | 004d 33d2 | 4d89 97e0 | 0300 0048 | 8984 24f8 
  0x0000022c49088768: 0000 0048 

  0x0000022c4908876c: ;   {metadata(method data for {method} {0x0000022c798902f8} 'close' '()V' in 'jdk/nio/zipfs/ZipFileSystem')}
  0x0000022c4908876c: 8bd6 49b8 | 8897 030e | 2c02 0000 | 4983 80e0 | 0800 0001 

  0x0000022c49088780: ;   {metadata(method data for {method} {0x0000022c79892b88} 'endWrite' '()V' in 'jdk/nio/zipfs/ZipFileSystem')}
  0x0000022c49088780: 49b8 80ab | 6707 2c02 | 0000 418b | 90cc 0000 | 0083 c202 | 4189 90cc | 0000 0081 | e2fe ff1f 
  0x0000022c490887a0: 0083 fa00 | 0f84 6514 | 0000 448b | 4668 4983 | f800 0f84 | 2a00 0000 

  0x0000022c490887b8: ;   {metadata('java/util/concurrent/locks/ReentrantReadWriteLock')}
  0x0000022c490887b8: 48bb a8ea | 3e5e 2c02 | 0000 418b | 7808 49ba | 0000 005d | 2c02 0000 | 4903 fa48 | 3b5f 380f 
  0x0000022c490887d8: 8553 1400 | 00e9 0000 | 0000 498b | d049 3b00 

  0x0000022c490887e8: ;   {metadata(method data for {method} {0x0000022c79892b88} 'endWrite' '()V' in 'jdk/nio/zipfs/ZipFileSystem')}
  0x0000022c490887e8: 498b d048 | be80 ab67 | 072c 0200 | 0048 8386 | 2801 0000 

  0x0000022c490887fc: ;   {metadata(method data for {method} {0x0000022c797ae860} 'writeLock' '()Ljava/util/concurrent/locks/Lock;' in 'java/util/concurrent/locks/ReentrantReadWriteLock')}
  0x0000022c490887fc: 0148 baa8 | 53ff 062c | 0200 008b | b2cc 0000 | 0083 c602 | 89b2 cc00 | 0000 81e6 | feff 1f00 
  0x0000022c4908881c: 83fe 000f | 8415 1400 | 0049 8bd0 

  0x0000022c49088828: ;   {metadata(method data for {method} {0x0000022c797ae860} 'writeLock' '()Ljava/util/concurrent/locks/Lock;' in 'java/util/concurrent/locks/ReentrantReadWriteLock')}
  0x0000022c49088828: 48be a853 | ff06 2c02 | 0000 4883 | 8628 0100 | 0001 458b | 4010 493b | 0049 8bd0 

  0x0000022c49088844: ;   {metadata(method data for {method} {0x0000022c79892b88} 'endWrite' '()V' in 'jdk/nio/zipfs/ZipFileSystem')}
  0x0000022c49088844: 48be 80ab | 6707 2c02 | 0000 4883 | 8660 0100 

  0x0000022c49088854: ;   {metadata(method data for {method} {0x0000022c797b3ea8} 'unlock' '()V' in 'java/util/concurrent/locks/ReentrantReadWriteLock$WriteLock')}
  0x0000022c49088854: 0001 48ba | b856 ff06 | 2c02 0000 | 8bb2 cc00 | 0000 83c6 | 0289 b2cc | 0000 0081 | e6fe ff1f 
  0x0000022c49088874: 0083 fe00 | 0f84 e213 | 0000 418b | 700c 483b | 064c 8bc6 

  0x0000022c49088888: ;   {metadata(method data for {method} {0x0000022c797b3ea8} 'unlock' '()V' in 'java/util/concurrent/locks/ReentrantReadWriteLock$WriteLock')}
  0x0000022c49088888: 48ba b856 | ff06 2c02 | 0000 4883 | 8210 0100 

  0x0000022c49088898: ;   {metadata(method data for {method} {0x0000022c5d034ee0} 'release' '(I)Z' in 'java/util/concurrent/locks/AbstractQueuedSynchronizer')}
  0x0000022c49088898: 0001 49b8 | 00c4 9a78 | 2c02 0000 | 418b 90cc | 0000 0083 | c202 4189 | 90cc 0000 | 0081 e2fe 
  0x0000022c490888b8: ff1f 0083 | fa00 0f84 | c213 0000 

  0x0000022c490888c4: ;   {metadata(method data for {method} {0x0000022c5d034ee0} 'release' '(I)Z' in 'java/util/concurrent/locks/AbstractQueuedSynchronizer')}
  0x0000022c490888c4: 4c8b c648 | ba00 c49a | 782c 0200 | 0045 8b40 | 0849 ba00 | 0000 5d2c | 0200 004d | 03c2 4c3b 
  0x0000022c490888e4: 8220 0100 | 0075 0d48 | 8382 2801 | 0000 01e9 | 6600 0000 | 4c3b 8230 | 0100 0075 | 0d48 8382 
  0x0000022c49088904: 3801 0000 | 01e9 5000 | 0000 4881 | ba20 0100 | 0000 0000 | 0075 174c | 8982 2001 | 0000 48c7 
  0x0000022c49088924: 8228 0100 | 0001 0000 | 00e9 2c00 | 0000 4881 | ba30 0100 | 0000 0000 | 0075 174c | 8982 3001 
  0x0000022c49088944: 0000 48c7 | 8238 0100 | 0001 0000 | 00e9 0800 | 0000 4883 | 8210 0100 | 0001 41b8 | 0100 0000 
  0x0000022c49088964: 488b d648 | 89b4 24f0 

  0x0000022c4908896c: ;   {optimized virtual_call}
  0x0000022c4908896c: 0000 00e8 

  0x0000022c49088970: ; ImmutableOopMap {[240]=Oop [248]=Oop }
                      ;*invokevirtual tryRelease {reexecute=0 rethrow=0 return_oop=0}
                      ; - java.util.concurrent.locks.AbstractQueuedSynchronizer::release@2 (line 1007)
                      ; - java.util.concurrent.locks.ReentrantReadWriteLock$WriteLock::unlock@5 (line 1147)
                      ; - jdk.nio.zipfs.ZipFileSystem::endWrite@9 (line 1199)
                      ; - jdk.nio.zipfs.ZipFileSystem::close@269 (line 518)
  0x0000022c49088970: 0c44 8004 

  0x0000022c49088974: ;   {metadata(method data for {method} {0x0000022c5d034ee0} 'release' '(I)Z' in 'java/util/concurrent/locks/AbstractQueuedSynchronizer')}
  0x0000022c49088974: 83f8 0048 | ba00 c49a | 782c 0200 | 0048 be48 | 0100 0000 | 0000 000f | 840a 0000 | 0048 be58 
  0x0000022c49088994: 0100 0000 | 0000 0048 | 8b3c 3248 | 8d7f 0148 | 893c 320f | 8431 0000 | 0048 8bb4 | 24f0 0000 
  0x0000022c490889b4: 008b 5614 

  0x0000022c490889b8: ;   {metadata(method data for {method} {0x0000022c5d034ee0} 'release' '(I)Z' in 'java/util/concurrent/locks/AbstractQueuedSynchronizer')}
  0x0000022c490889b8: 48be 00c4 | 9a78 2c02 | 0000 4883 | 8668 0100 | 0001 0f1f 

  0x0000022c490889cc: ;   {static_call}
  0x0000022c490889cc: 4400 00e8 

  0x0000022c490889d0: ; ImmutableOopMap {[248]=Oop }
                      ;*invokestatic signalNext {reexecute=0 rethrow=0 return_oop=0}
                      ; - java.util.concurrent.locks.AbstractQueuedSynchronizer::release@12 (line 1008)
                      ; - java.util.concurrent.locks.ReentrantReadWriteLock$WriteLock::unlock@5 (line 1147)
                      ; - jdk.nio.zipfs.ZipFileSystem::endWrite@9 (line 1199)
                      ; - jdk.nio.zipfs.ZipFileSystem::close@269 (line 518)
  0x0000022c490889d0: ac49 8004 | b801 0000 | 00e9 4b06 | 0000 b800 | 0000 00e9 | 4106 0000 | 488b 7424 | 7849 8b87 
  0x0000022c490889f0: d803 0000 | 4d33 d24d | 8997 d803 | 0000 4d33 | d24d 8997 | e003 0000 | 4c8b c049 

  0x0000022c49088a0c: ;   {metadata(method data for {method} {0x0000022c798902f8} 'close' '()V' in 'jdk/nio/zipfs/ZipFileSystem')}
  0x0000022c49088a0c: 8bc0 48ba | 8897 030e | 2c02 0000 

  0x0000022c49088a18: ;   {metadata('java/security/PrivilegedActionException')}
  0x0000022c49088a18: 49ba 90ee | 155e 2c02 | 0000 4c89 | 92f0 0400 | 0048 8382 | f804 0000 

  0x0000022c49088a30: ;   {metadata(method data for {method} {0x0000022c787fa790} 'getException' '()Ljava/lang/Exception;' in 'java/security/PrivilegedActionException')}
  0x0000022c49088a30: 0148 b8b0 | 4adf 052c | 0200 008b | 90cc 0000 | 0083 c202 | 8990 cc00 | 0000 81e2 | feff 1f00 
  0x0000022c49088a50: 83fa 000f | 844e 1200 | 0049 8bc0 

  0x0000022c49088a5c: ;   {metadata(method data for {method} {0x0000022c787fa790} 'getException' '()Ljava/lang/Exception;' in 'java/security/PrivilegedActionException')}
  0x0000022c49088a5c: 48ba b04a | df05 2c02 | 0000 4883 | 8210 0100 | 0001 488d | 9424 2001 | 0000 4c89 | 4208 498b 
  0x0000022c49088a7c: 0048 83c8 | 0148 8902 | f049 0fb1 | 100f 8412 | 0000 0048 | 2bc4 4825 | 07f0 ffff | 4889 020f 
  0x0000022c49088a9c: 8527 1200 

  0x0000022c49088aa0: ;   {metadata(method data for {method} {0x0000022c5d02eac0} 'getCause' '()Ljava/lang/Throwable;' in 'java/lang/Throwable')}
  0x0000022c49088aa0: 0048 b810 | 7493 792c | 0200 008b | 90cc 0000 | 0083 c202 | 8990 cc00 | 0000 81e2 | feff 1f00 
  0x0000022c49088ac0: 83fa 000f | 8412 1200 | 0041 8b40 | 1849 3bc0 

  0x0000022c49088ad0: ;   {metadata(method data for {method} {0x0000022c5d02eac0} 'getCause' '()Ljava/lang/Throwable;' in 'java/lang/Throwable')}
  0x0000022c49088ad0: 49b8 1074 | 9379 2c02 | 0000 48ba | 1001 0000 | 0000 0000 | 0f85 0a00 | 0000 48ba | 2001 0000 
  0x0000022c49088af0: 0000 0000 | 498b 3c10 | 488d 7f01 | 4989 3c10 | 0f85 1f00 

  0x0000022c49088b04: ;   {metadata(method data for {method} {0x0000022c5d02eac0} 'getCause' '()Ljava/lang/Throwable;' in 'java/lang/Throwable')}
  0x0000022c49088b04: 0000 48b8 | 1074 9379 | 2c02 0000 | ff80 3001 

  0x0000022c49088b14: ;   {oop(NULL)}
  0x0000022c49088b14: 0000 48bf | 0000 0000 | 0000 0000 | e903 0000 | 0048 8bf8 | 488d 8424 | 2001 0000 | 4c8b 004d 
  0x0000022c49088b34: 85c0 0f84 | 0f00 0000 | 488b 5008 | f04c 0fb1 | 020f 85b1 | 1100 00e9 | e102 0000 | 488b 7424 
  0x0000022c49088b54: 7849 8b87 | d803 0000 | 4d33 d24d | 8997 d803 | 0000 4d33 | d24d 8997 | e003 0000 

  0x0000022c49088b70: ;   {metadata(method data for {method} {0x0000022c798902f8} 'close' '()V' in 'jdk/nio/zipfs/ZipFileSystem')}
  0x0000022c49088b70: 488b d649 | b888 9703 | 0e2c 0200 | 0049 8380 | f001 0000 

  0x0000022c49088b84: ;   {metadata(method data for {method} {0x0000022c79892b88} 'endWrite' '()V' in 'jdk/nio/zipfs/ZipFileSystem')}
  0x0000022c49088b84: 0149 b880 | ab67 072c | 0200 0041 | 8b90 cc00 | 0000 83c2 | 0241 8990 | cc00 0000 | 81e2 feff 
  0x0000022c49088ba4: 1f00 83fa | 000f 8463 | 1100 0044 | 8b46 6849 | 83f8 000f | 842a 0000 

  0x0000022c49088bbc: ;   {metadata('java/util/concurrent/locks/ReentrantReadWriteLock')}
  0x0000022c49088bbc: 0048 bba8 | ea3e 5e2c | 0200 0041 | 8b78 0849 | ba00 0000 | 5d2c 0200 | 0049 03fa | 483b 5f38 
  0x0000022c49088bdc: 0f85 5111 | 0000 e900 | 0000 0049 | 8bd0 493b | 0049 8bd0 

  0x0000022c49088bf0: ;   {metadata(method data for {method} {0x0000022c79892b88} 'endWrite' '()V' in 'jdk/nio/zipfs/ZipFileSystem')}
  0x0000022c49088bf0: 48be 80ab | 6707 2c02 | 0000 4883 | 8628 0100 

  0x0000022c49088c00: ;   {metadata(method data for {method} {0x0000022c797ae860} 'writeLock' '()Ljava/util/concurrent/locks/Lock;' in 'java/util/concurrent/locks/ReentrantReadWriteLock')}
  0x0000022c49088c00: 0001 48ba | a853 ff06 | 2c02 0000 | 8bb2 cc00 | 0000 83c6 | 0289 b2cc | 0000 0081 | e6fe ff1f 
  0x0000022c49088c20: 0083 fe00 | 0f84 1311 | 0000 498b 

  0x0000022c49088c2c: ;   {metadata(method data for {method} {0x0000022c797ae860} 'writeLock' '()Ljava/util/concurrent/locks/Lock;' in 'java/util/concurrent/locks/ReentrantReadWriteLock')}
  0x0000022c49088c2c: d048 bea8 | 53ff 062c | 0200 0048 | 8386 2801 | 0000 0145 | 8b40 1049 | 3b00 498b 

  0x0000022c49088c48: ;   {metadata(method data for {method} {0x0000022c79892b88} 'endWrite' '()V' in 'jdk/nio/zipfs/ZipFileSystem')}
  0x0000022c49088c48: d048 be80 | ab67 072c | 0200 0048 | 8386 6001 

  0x0000022c49088c58: ;   {metadata(method data for {method} {0x0000022c797b3ea8} 'unlock' '()V' in 'java/util/concurrent/locks/ReentrantReadWriteLock$WriteLock')}
  0x0000022c49088c58: 0000 0148 | bab8 56ff | 062c 0200 | 008b b2cc | 0000 0083 | c602 89b2 | cc00 0000 | 81e6 feff 
  0x0000022c49088c78: 1f00 83fe | 000f 84e0 | 1000 0041 | 8b70 0c48 | 3b06 4c8b 

  0x0000022c49088c8c: ;   {metadata(method data for {method} {0x0000022c797b3ea8} 'unlock' '()V' in 'java/util/concurrent/locks/ReentrantReadWriteLock$WriteLock')}
  0x0000022c49088c8c: c648 bab8 | 56ff 062c | 0200 0048 | 8382 1001 

  0x0000022c49088c9c: ;   {metadata(method data for {method} {0x0000022c5d034ee0} 'release' '(I)Z' in 'java/util/concurrent/locks/AbstractQueuedSynchronizer')}
  0x0000022c49088c9c: 0000 0149 | b800 c49a | 782c 0200 | 0041 8b90 | cc00 0000 | 83c2 0241 | 8990 cc00 | 0000 81e2 
  0x0000022c49088cbc: feff 1f00 | 83fa 000f | 84c0 1000 | 004c 8bc6 

  0x0000022c49088ccc: ;   {metadata(method data for {method} {0x0000022c5d034ee0} 'release' '(I)Z' in 'java/util/concurrent/locks/AbstractQueuedSynchronizer')}
  0x0000022c49088ccc: 48ba 00c4 | 9a78 2c02 | 0000 458b | 4008 49ba | 0000 005d | 2c02 0000 | 4d03 c24c | 3b82 2001 
  0x0000022c49088cec: 0000 750d | 4883 8228 | 0100 0001 | e966 0000 | 004c 3b82 | 3001 0000 | 750d 4883 | 8238 0100 
  0x0000022c49088d0c: 0001 e950 | 0000 0048 | 81ba 2001 | 0000 0000 | 0000 7517 | 4c89 8220 | 0100 0048 | c782 2801 
  0x0000022c49088d2c: 0000 0100 | 0000 e92c | 0000 0048 | 81ba 3001 | 0000 0000 | 0000 7517 | 4c89 8230 | 0100 0048 
  0x0000022c49088d4c: c782 3801 | 0000 0100 | 0000 e908 | 0000 0048 | 8382 1001 | 0000 0141 | b801 0000 | 0048 8bd6 
  0x0000022c49088d6c: 4889 8424 | 0801 0000 | 4889 b424 | 0001 0000 

  0x0000022c49088d7c: ;   {optimized virtual_call}
  0x0000022c49088d7c: 6666 90e8 

  0x0000022c49088d80: ; ImmutableOopMap {[264]=Oop [256]=Oop }
                      ;*invokevirtual tryRelease {reexecute=0 rethrow=0 return_oop=0}
                      ; - java.util.concurrent.locks.AbstractQueuedSynchronizer::release@2 (line 1007)
                      ; - java.util.concurrent.locks.ReentrantReadWriteLock$WriteLock::unlock@5 (line 1147)
                      ; - jdk.nio.zipfs.ZipFileSystem::endWrite@9 (line 1199)
                      ; - jdk.nio.zipfs.ZipFileSystem::close@30 (line 484)
  0x0000022c49088d80: fc3f 8004 

  0x0000022c49088d84: ;   {metadata(method data for {method} {0x0000022c5d034ee0} 'release' '(I)Z' in 'java/util/concurrent/locks/AbstractQueuedSynchronizer')}
  0x0000022c49088d84: 83f8 0048 | ba00 c49a | 782c 0200 | 0048 be48 | 0100 0000 | 0000 000f | 840a 0000 | 0048 be58 
  0x0000022c49088da4: 0100 0000 | 0000 0048 | 8b3c 3248 | 8d7f 0148 | 893c 320f | 8431 0000 | 0048 8bb4 | 2400 0100 
  0x0000022c49088dc4: 008b 5614 

  0x0000022c49088dc8: ;   {metadata(method data for {method} {0x0000022c5d034ee0} 'release' '(I)Z' in 'java/util/concurrent/locks/AbstractQueuedSynchronizer')}
  0x0000022c49088dc8: 48be 00c4 | 9a78 2c02 | 0000 4883 | 8668 0100 | 0001 0f1f 

  0x0000022c49088ddc: ;   {static_call}
  0x0000022c49088ddc: 4400 00e8 

  0x0000022c49088de0: ; ImmutableOopMap {[264]=Oop }
                      ;*invokestatic signalNext {reexecute=0 rethrow=0 return_oop=0}
                      ; - java.util.concurrent.locks.AbstractQueuedSynchronizer::release@12 (line 1008)
                      ; - java.util.concurrent.locks.ReentrantReadWriteLock$WriteLock::unlock@5 (line 1147)
                      ; - jdk.nio.zipfs.ZipFileSystem::endWrite@9 (line 1199)
                      ; - jdk.nio.zipfs.ZipFileSystem::close@30 (line 484)
  0x0000022c49088de0: 9c45 8004 | b801 0000 | 00e9 3600 | 0000 b800 | 0000 00e9 | 2c00 0000 | 4881 c450 | 0100 005d 
  0x0000022c49088e00: ;   {poll_return}
  0x0000022c49088e00: 493b a748 | 0300 000f | 879d 0f00 | 00c3 4881 | c450 0100 

  0x0000022c49088e14: ;   {poll_return}
  0x0000022c49088e14: 005d 493b | a748 0300 | 000f 879d | 0f00 00c3 | 488b 8424 | 0801 0000 | e9e6 1000 | 0048 83ff 
  0x0000022c49088e34: ;   {metadata(method data for {method} {0x0000022c787fa790} 'getException' '()Ljava/lang/Exception;' in 'java/security/PrivilegedActionException')}
  0x0000022c49088e34: 0075 1749 | b8b0 4adf | 052c 0200 | 0041 8088 | 1901 0000 | 01e9 d400 

  0x0000022c49088e4c: ;   {metadata('java/lang/Exception')}
  0x0000022c49088e4c: 0000 48b8 | 58db 025d | 2c02 0000 | 448b 4708 | 49ba 0000 | 005d 2c02 | 0000 4d03 | c249 3b40 
  0x0000022c49088e6c: 400f 8593 

  0x0000022c49088e70: ;   {metadata(method data for {method} {0x0000022c787fa790} 'getException' '()Ljava/lang/Exception;' in 'java/security/PrivilegedActionException')}
  0x0000022c49088e70: 0000 0049 | b8b0 4adf | 052c 0200 | 008b 4708 | 49ba 0000 | 005d 2c02 | 0000 4903 | c249 3b80 
  0x0000022c49088e90: 3001 0000 | 750d 4983 | 8038 0100 | 0001 e97f | 0000 0049 | 3b80 4001 | 0000 750d | 4983 8048 
  0x0000022c49088eb0: 0100 0001 | e969 0000 | 0049 81b8 | 3001 0000 | 0000 0000 | 7517 4989 | 8030 0100 | 0049 c780 
  0x0000022c49088ed0: 3801 0000 | 0100 0000 | e945 0000 | 0049 81b8 | 4001 0000 | 0000 0000 | 7517 4989 | 8040 0100 
  0x0000022c49088ef0: 0049 c780 | 4801 0000 | 0100 0000 | e921 0000 | 00e9 1c00 

  0x0000022c49088f04: ;   {metadata(method data for {method} {0x0000022c787fa790} 'getException' '()Ljava/lang/Exception;' in 'java/security/PrivilegedActionException')}
  0x0000022c49088f04: 0000 49b8 | b04a df05 | 2c02 0000 | 4983 a820 | 0100 0001 | e9b9 0e00 | 00e9 0000 | 0000 488b 
  0x0000022c49088f24: c748 83f8 

  0x0000022c49088f28: ;   {metadata(method data for {method} {0x0000022c798902f8} 'close' '()V' in 'jdk/nio/zipfs/ZipFileSystem')}
  0x0000022c49088f28: 0075 1749 | b888 9703 | 0e2c 0200 | 0041 8088 | 1105 0000 | 01e9 d400 

  0x0000022c49088f40: ;   {metadata('java/io/IOException')}
  0x0000022c49088f40: 0000 48bf | c847 045e | 2c02 0000 | 448b 4008 | 49ba 0000 | 005d 2c02 | 0000 4d03 | c249 3b78 
  0x0000022c49088f60: 480f 8593 

  0x0000022c49088f64: ;   {metadata(method data for {method} {0x0000022c798902f8} 'close' '()V' in 'jdk/nio/zipfs/ZipFileSystem')}
  0x0000022c49088f64: 0000 0049 | b888 9703 | 0e2c 0200 | 008b 7808 | 49ba 0000 | 005d 2c02 | 0000 4903 | fa49 3bb8 
  0x0000022c49088f84: 2805 0000 | 750d 4983 | 8030 0500 | 0001 e97f | 0000 0049 | 3bb8 3805 | 0000 750d | 4983 8040 
  0x0000022c49088fa4: 0500 0001 | e969 0000 | 0049 81b8 | 2805 0000 | 0000 0000 | 7517 4989 | b828 0500 | 0049 c780 
  0x0000022c49088fc4: 3005 0000 | 0100 0000 | e945 0000 | 0049 81b8 | 3805 0000 | 0000 0000 | 7517 4989 | b838 0500 
  0x0000022c49088fe4: 0049 c780 | 4005 0000 | 0100 0000 | e921 0000 | 00e9 1c00 

  0x0000022c49088ff8: ;   {metadata(method data for {method} {0x0000022c798902f8} 'close' '()V' in 'jdk/nio/zipfs/ZipFileSystem')}
  0x0000022c49088ff8: 0000 49b8 | 8897 030e | 2c02 0000 | 4983 a818 | 0500 0001 | e9ce 0d00 | 00e9 0000 | 0000 483b 
  0x0000022c49089018: ; ImmutableOopMap {rsi=Oop [120]=Oop rax=Oop }
                      ;*athrow {reexecute=1 rethrow=0 return_oop=0}
                      ; - (reexecute) jdk.nio.zipfs.ZipFileSystem::close@130 (line 499)
                      ;   {section_word}
  0x0000022c49089018: 0048 ba19 | 9008 492c 

  0x0000022c49089020: ;   {runtime_call handle_exception_nofpu Runtime1 stub}
  0x0000022c49089020: 0200 00e8 | 58e8 8a04 | 9048 8b84 | 24f8 0000 | 00e9 e10e | 0000 483b | 0748 8bc7 | e9d6 0e00 
  0x0000022c49089040: 0048 8b74 | 2478 498b | 87d8 0300 | 004d 33d2 | 4d89 97d8 | 0300 004d | 33d2 4d89 | 97e0 0300 
  0x0000022c49089060: 0048 8bd0 | 488d 8424 | 2001 0000 | 4c8b 004d | 85c0 0f84 | 0f00 0000 | 488b 7808 | f04c 0fb1 
  0x0000022c49089080: 070f 856b | 0d00 0048 

  0x0000022c49089088: ; ImmutableOopMap {rsi=Oop [120]=Oop rax=Oop }
                      ;*invokespecial getCause {reexecute=0 rethrow=0 return_oop=0}
                      ; - java.security.PrivilegedActionException::getException@1 (line 82)
                      ; - jdk.nio.zipfs.ZipFileSystem::close@124 (line 499)
                      ;   {section_word}
  0x0000022c49089088: 8bc2 48ba | 8a90 0849 | 2c02 0000 

  0x0000022c49089094: ;   {runtime_call handle_exception_nofpu Runtime1 stub}
  0x0000022c49089094: e8e7 e78a | 0490 488b | 7424 7849 | 8b87 d803 | 0000 4d33 | d24d 8997 | d803 0000 | 4d33 d24d 
  0x0000022c490890b4: 8997 e003 | 0000 4889 | 8424 1801 | 0000 488b 

  0x0000022c490890c4: ;   {metadata(method data for {method} {0x0000022c798902f8} 'close' '()V' in 'jdk/nio/zipfs/ZipFileSystem')}
  0x0000022c490890c4: d649 b888 | 9703 0e2c | 0200 0049 | 8380 5005 

  0x0000022c490890d4: ;   {metadata(method data for {method} {0x0000022c79892b88} 'endWrite' '()V' in 'jdk/nio/zipfs/ZipFileSystem')}
  0x0000022c490890d4: 0000 0149 | b880 ab67 | 072c 0200 | 0041 8b90 | cc00 0000 | 83c2 0241 | 8990 cc00 | 0000 81e2 
  0x0000022c490890f4: feff 1f00 | 83fa 000f | 8407 0d00 | 0044 8b46 | 6849 83f8 | 000f 842a 

  0x0000022c4908910c: ;   {metadata('java/util/concurrent/locks/ReentrantReadWriteLock')}
  0x0000022c4908910c: 0000 0048 | bba8 ea3e | 5e2c 0200 | 0041 8b78 | 0849 ba00 | 0000 5d2c | 0200 0049 | 03fa 483b 
  0x0000022c4908912c: 5f38 0f85 | f50c 0000 | e900 0000 | 0049 8bd0 

  0x0000022c4908913c: ; implicit exception: dispatches to 0x0000022c49089e2e
  0x0000022c4908913c: 493b 0049 

  0x0000022c49089140: ;   {metadata(method data for {method} {0x0000022c79892b88} 'endWrite' '()V' in 'jdk/nio/zipfs/ZipFileSystem')}
  0x0000022c49089140: 8bd0 48be | 80ab 6707 | 2c02 0000 | 4883 8628 | 0100 0001 

  0x0000022c49089154: ;   {metadata(method data for {method} {0x0000022c797ae860} 'writeLock' '()Ljava/util/concurrent/locks/Lock;' in 'java/util/concurrent/locks/ReentrantReadWriteLock')}
  0x0000022c49089154: 48ba a853 | ff06 2c02 | 0000 8bb2 | cc00 0000 | 83c6 0289 | b2cc 0000 | 0081 e6fe | ff1f 0083 
  0x0000022c49089174: fe00 0f84 | b70c 0000 

  0x0000022c4908917c: ;   {metadata(method data for {method} {0x0000022c797ae860} 'writeLock' '()Ljava/util/concurrent/locks/Lock;' in 'java/util/concurrent/locks/ReentrantReadWriteLock')}
  0x0000022c4908917c: 498b d048 | bea8 53ff | 062c 0200 | 0048 8386 | 2801 0000 | 0145 8b40 | 1049 3b00 

  0x0000022c49089198: ;   {metadata(method data for {method} {0x0000022c79892b88} 'endWrite' '()V' in 'jdk/nio/zipfs/ZipFileSystem')}
  0x0000022c49089198: 498b d048 | be80 ab67 | 072c 0200 | 0048 8386 | 6001 0000 

  0x0000022c490891ac: ;   {metadata(method data for {method} {0x0000022c797b3ea8} 'unlock' '()V' in 'java/util/concurrent/locks/ReentrantReadWriteLock$WriteLock')}
  0x0000022c490891ac: 0148 bab8 | 56ff 062c | 0200 008b | b2cc 0000 | 0083 c602 | 89b2 cc00 | 0000 81e6 | feff 1f00 
  0x0000022c490891cc: 83fe 000f | 8484 0c00 | 0041 8b70 | 0c48 3b06 

  0x0000022c490891dc: ;   {metadata(method data for {method} {0x0000022c797b3ea8} 'unlock' '()V' in 'java/util/concurrent/locks/ReentrantReadWriteLock$WriteLock')}
  0x0000022c490891dc: 4c8b c648 | bab8 56ff | 062c 0200 | 0048 8382 | 1001 0000 

  0x0000022c490891f0: ;   {metadata(method data for {method} {0x0000022c5d034ee0} 'release' '(I)Z' in 'java/util/concurrent/locks/AbstractQueuedSynchronizer')}
  0x0000022c490891f0: 0149 b800 | c49a 782c | 0200 0041 | 8b90 cc00 | 0000 83c2 | 0241 8990 | cc00 0000 | 81e2 feff 
  0x0000022c49089210: 1f00 83fa | 000f 8464 | 0c00 004c 

  0x0000022c4908921c: ;   {metadata(method data for {method} {0x0000022c5d034ee0} 'release' '(I)Z' in 'java/util/concurrent/locks/AbstractQueuedSynchronizer')}
  0x0000022c4908921c: 8bc6 48ba | 00c4 9a78 | 2c02 0000 | 458b 4008 | 49ba 0000 | 005d 2c02 | 0000 4d03 | c24c 3b82 
  0x0000022c4908923c: 2001 0000 | 750d 4883 | 8228 0100 | 0001 e966 | 0000 004c | 3b82 3001 | 0000 750d | 4883 8238 
  0x0000022c4908925c: 0100 0001 | e950 0000 | 0048 81ba | 2001 0000 | 0000 0000 | 7517 4c89 | 8220 0100 | 0048 c782 
  0x0000022c4908927c: 2801 0000 | 0100 0000 | e92c 0000 | 0048 81ba | 3001 0000 | 0000 0000 | 7517 4c89 | 8230 0100 
  0x0000022c4908929c: 0048 c782 | 3801 0000 | 0100 0000 | e908 0000 | 0048 8382 | 1001 0000 | 0141 b801 | 0000 0048 
  0x0000022c490892bc: 8bd6 4889 | b424 1001 

  0x0000022c490892c4: ;   {optimized virtual_call}
  0x0000022c490892c4: 0000 90e8 

  0x0000022c490892c8: ; ImmutableOopMap {[280]=Oop [272]=Oop }
                      ;*invokevirtual tryRelease {reexecute=0 rethrow=0 return_oop=0}
                      ; - java.util.concurrent.locks.AbstractQueuedSynchronizer::release@2 (line 1007)
                      ; - java.util.concurrent.locks.ReentrantReadWriteLock$WriteLock::unlock@5 (line 1147)
                      ; - jdk.nio.zipfs.ZipFileSystem::endWrite@9 (line 1199)
                      ; - jdk.nio.zipfs.ZipFileSystem::close@134 (line 501)
  0x0000022c490892c8: b43a 8004 

  0x0000022c490892cc: ;   {metadata(method data for {method} {0x0000022c5d034ee0} 'release' '(I)Z' in 'java/util/concurrent/locks/AbstractQueuedSynchronizer')}
  0x0000022c490892cc: 83f8 0048 | ba00 c49a | 782c 0200 | 0048 be48 | 0100 0000 | 0000 000f | 840a 0000 | 0048 be58 
  0x0000022c490892ec: 0100 0000 | 0000 0048 | 8b3c 3248 | 8d7f 0148 | 893c 320f | 8431 0000 | 0048 8bb4 | 2410 0100 
  0x0000022c4908930c: 008b 5614 

  0x0000022c49089310: ;   {metadata(method data for {method} {0x0000022c5d034ee0} 'release' '(I)Z' in 'java/util/concurrent/locks/AbstractQueuedSynchronizer')}
  0x0000022c49089310: 48be 00c4 | 9a78 2c02 | 0000 4883 | 8668 0100 | 0001 0f1f 

  0x0000022c49089324: ;   {static_call}
  0x0000022c49089324: 4400 00e8 

  0x0000022c49089328: ; ImmutableOopMap {[280]=Oop }
                      ;*invokestatic signalNext {reexecute=0 rethrow=0 return_oop=0}
                      ; - java.util.concurrent.locks.AbstractQueuedSynchronizer::release@12 (line 1008)
                      ; - java.util.concurrent.locks.ReentrantReadWriteLock$WriteLock::unlock@5 (line 1147)
                      ; - jdk.nio.zipfs.ZipFileSystem::endWrite@9 (line 1199)
                      ; - jdk.nio.zipfs.ZipFileSystem::close@134 (line 501)
  0x0000022c49089328: 5440 8004 | b801 0000 | 00e9 0500 | 0000 b800 | 0000 0048 | 8b84 2418 | 0100 00e9 | cf0b 0000 
  0x0000022c49089348: 488b 9c24 | e000 0000 | 488b 7424 | 7849 8b87 | d803 0000 | 4d33 d24d | 8997 d803 | 0000 4d33 
  0x0000022c49089368: d24d 8997 | e003 0000 | 488b d048 | 8d84 2430 | 0100 004c | 8b00 4d85 | c00f 840f | 0000 004c 
  0x0000022c49089388: 8b48 08f0 | 4d0f b101 | 0f85 0a0b | 0000 488b 

  0x0000022c49089398: ; ImmutableOopMap {rcx=Oop rdi=Oop rsi=Oop [120]=Oop rbx=Oop [224]=Oop [296]=Oop rax=Oop }
                      ;*invokespecial getCause {reexecute=0 rethrow=0 return_oop=0}
                      ; - java.security.PrivilegedActionException::getException@1 (line 82)
                      ; - jdk.nio.zipfs.ZipFileSystem::close@332 (line 528)
                      ;   {section_word}
  0x0000022c49089398: c248 ba99 | 9308 492c 

  0x0000022c490893a0: ;   {runtime_call handle_exception_nofpu Runtime1 stub}
  0x0000022c490893a0: 0200 00e8 | d8e4 8a04 | 9049 8b87 | d803 0000 | 4d33 d24d | 8997 d803 | 0000 4d33 | d24d 8997 
  0x0000022c490893c0: e003 0000 | 488b f048 | 8d84 2420 | 0100 0048 | 8b38 4885 | ff0f 840f | 0000 0048 | 8b58 08f0 
  0x0000022c490893e0: 480f b13b | 0f85 cc0a | 0000 488b | c6e9 250b | 0000 498b | 87d8 0300 | 004d 33d2 | 4d89 97d8 
  0x0000022c49089400: 0300 004d | 33d2 4d89 | 97e0 0300 | 0048 8bf0 | 488d 8424 | 2001 0000 | 488b 3848 | 85ff 0f84 
  0x0000022c49089420: 0f00 0000 | 488b 5808 | f048 0fb1 | 3b0f 8599 | 0a00 0048 | 8bc6 e9dc | 0a00 0049 | 8b87 d803 
  0x0000022c49089440: 0000 4d33 | d24d 8997 | d803 0000 | 4d33 d24d | 8997 e003 | 0000 488b | f048 8d84 | 2420 0100 
  0x0000022c49089460: 0048 8b38 | 4885 ff0f | 840f 0000 | 0048 8b58 | 08f0 480f | b13b 0f85 | 660a 0000 | 488b c6e9 
  0x0000022c49089480: 930a 0000 

  0x0000022c49089484: ;   {metadata({method} {0x0000022c798902f8} 'close' '()V' in 'jdk/nio/zipfs/ZipFileSystem')}
  0x0000022c49089484: 49ba f002 | 8979 2c02 | 0000 4c89 | 5424 0848 | c704 24ff 

  0x0000022c49089498: ;   {runtime_call counter_overflow Runtime1 stub}
  0x0000022c49089498: ffff ffe8 

  0x0000022c4908949c: ; ImmutableOopMap {rdx=Oop [120]=Oop }
                      ;*synchronization entry
                      ; - jdk.nio.zipfs.ZipFileSystem::close@-1 (line 478)
  0x0000022c4908949c: e01c 8b04 | e939 c6ff 

  0x0000022c490894a4: ;   {metadata({method} {0x0000022c79892ad8} 'beginWrite' '()V' in 'jdk/nio/zipfs/ZipFileSystem')}
  0x0000022c490894a4: ff49 bad0 | 2a89 792c | 0200 004c | 8954 2408 | 48c7 0424 | ffff ffff 

  0x0000022c490894bc: ;   {runtime_call counter_overflow Runtime1 stub}
  0x0000022c490894bc: e8bf 1c8b 

  0x0000022c490894c0: ; ImmutableOopMap {rdx=Oop [120]=Oop }
                      ;*synchronization entry
                      ; - jdk.nio.zipfs.ZipFileSystem::beginWrite@-1 (line 1195)
                      ; - jdk.nio.zipfs.ZipFileSystem::close@1 (line 478)
  0x0000022c490894c0: 04e9 57c6 

  0x0000022c490894c4: ;   {runtime_call throw_incompatible_class_change_error Runtime1 stub}
  0x0000022c490894c4: ffff e8d5 

  0x0000022c490894c8: ; ImmutableOopMap {rdx=Oop [120]=Oop r8=Oop }
                      ;*invokeinterface writeLock {reexecute=0 rethrow=0 return_oop=0}
                      ; - jdk.nio.zipfs.ZipFileSystem::beginWrite@4 (line 1195)
                      ; - jdk.nio.zipfs.ZipFileSystem::close@1 (line 478)
                      ;   {runtime_call throw_null_pointer_exception Runtime1 stub}
  0x0000022c490894c8: f28a 04e8 

  0x0000022c490894cc: ; ImmutableOopMap {rdx=Oop [120]=Oop r8=Oop }
                      ;*invokeinterface writeLock {reexecute=0 rethrow=0 return_oop=0}
                      ; - jdk.nio.zipfs.ZipFileSystem::beginWrite@4 (line 1195)
                      ; - jdk.nio.zipfs.ZipFileSystem::close@1 (line 478)
  0x0000022c490894cc: d0c5 8a04 

  0x0000022c490894d0: ;   {metadata({method} {0x0000022c797ae860} 'writeLock' '()Ljava/util/concurrent/locks/Lock;' in 'java/util/concurrent/locks/ReentrantReadWriteLock')}
  0x0000022c490894d0: 49ba 58e8 | 7a79 2c02 | 0000 4c89 | 5424 0848 | c704 24ff 

  0x0000022c490894e4: ;   {runtime_call counter_overflow Runtime1 stub}
  0x0000022c490894e4: ffff ffe8 

  0x0000022c490894e8: ; ImmutableOopMap {rdx=Oop [120]=Oop r8=Oop }
                      ;*synchronization entry
                      ; - java.util.concurrent.locks.ReentrantReadWriteLock::writeLock@-1 (line 216)
                      ; - jdk.nio.zipfs.ZipFileSystem::beginWrite@4 (line 1195)
                      ; - jdk.nio.zipfs.ZipFileSystem::close@1 (line 478)
  0x0000022c490894e8: 941c 8b04 | e9a7 c6ff 

  0x0000022c490894f0: ;   {runtime_call throw_null_pointer_exception Runtime1 stub}
  0x0000022c490894f0: ffe8 aac5 

  0x0000022c490894f4: ; ImmutableOopMap {rdx=Oop [120]=Oop r8=Oop }
                      ;*invokeinterface lock {reexecute=0 rethrow=0 return_oop=0}
                      ; - jdk.nio.zipfs.ZipFileSystem::beginWrite@9 (line 1195)
                      ; - jdk.nio.zipfs.ZipFileSystem::close@1 (line 478)
                      ;   {metadata({method} {0x0000022c797b3be0} 'lock' '()V' in 'java/util/concurrent/locks/ReentrantReadWriteLock$WriteLock')}
  0x0000022c490894f4: 8a04 49ba | d83b 7b79 | 2c02 0000 | 4c89 5424 | 0848 c704 | 24ff ffff 

  0x0000022c4908950c: ;   {runtime_call counter_overflow Runtime1 stub}
  0x0000022c4908950c: ffe8 6e1c 

  0x0000022c49089510: ; ImmutableOopMap {rdx=Oop [120]=Oop r8=Oop }
                      ;*synchronization entry
                      ; - java.util.concurrent.locks.ReentrantReadWriteLock$WriteLock::lock@-1 (line 959)
                      ; - jdk.nio.zipfs.ZipFileSystem::beginWrite@9 (line 1195)
                      ; - jdk.nio.zipfs.ZipFileSystem::close@1 (line 478)
  0x0000022c49089510: 8b04 e9da 

  0x0000022c49089514: ;   {runtime_call throw_null_pointer_exception Runtime1 stub}
  0x0000022c49089514: c6ff ffe8 

  0x0000022c49089518: ; ImmutableOopMap {rdx=Oop [120]=Oop rsi=Oop }
                      ;*invokevirtual acquire {reexecute=0 rethrow=0 return_oop=0}
                      ; - java.util.concurrent.locks.ReentrantReadWriteLock$WriteLock::lock@5 (line 959)
                      ; - jdk.nio.zipfs.ZipFileSystem::beginWrite@9 (line 1195)
                      ; - jdk.nio.zipfs.ZipFileSystem::close@1 (line 478)
  0x0000022c49089518: 84c5 8a04 

  0x0000022c4908951c: ;   {metadata({method} {0x0000022c79892b88} 'endWrite' '()V' in 'jdk/nio/zipfs/ZipFileSystem')}
  0x0000022c4908951c: 49ba 802b | 8979 2c02 | 0000 4c89 | 5424 0848 | c704 24ff 

  0x0000022c49089530: ;   {runtime_call counter_overflow Runtime1 stub}
  0x0000022c49089530: ffff ffe8 

  0x0000022c49089534: ; ImmutableOopMap {rdx=Oop [120]=Oop }
                      ;*synchronization entry
                      ; - jdk.nio.zipfs.ZipFileSystem::endWrite@-1 (line 1199)
                      ; - jdk.nio.zipfs.ZipFileSystem::close@12 (line 484)
  0x0000022c49089534: 481c 8b04 | e962 c7ff 

  0x0000022c4908953c: ;   {runtime_call throw_incompatible_class_change_error Runtime1 stub}
  0x0000022c4908953c: ffe8 5ef2 

  0x0000022c49089540: ; ImmutableOopMap {r8=Oop }
                      ;*invokeinterface writeLock {reexecute=0 rethrow=0 return_oop=0}
                      ; - jdk.nio.zipfs.ZipFileSystem::endWrite@4 (line 1199)
                      ; - jdk.nio.zipfs.ZipFileSystem::close@12 (line 484)
                      ;   {runtime_call throw_null_pointer_exception Runtime1 stub}
  0x0000022c49089540: 8a04 e859 

  0x0000022c49089544: ; ImmutableOopMap {r8=Oop }
                      ;*invokeinterface writeLock {reexecute=0 rethrow=0 return_oop=0}
                      ; - jdk.nio.zipfs.ZipFileSystem::endWrite@4 (line 1199)
                      ; - jdk.nio.zipfs.ZipFileSystem::close@12 (line 484)
                      ;   {metadata({method} {0x0000022c797ae860} 'writeLock' '()Ljava/util/concurrent/locks/Lock;' in 'java/util/concurrent/locks/ReentrantReadWriteLock')}
  0x0000022c49089544: c58a 0449 | ba58 e87a | 792c 0200 | 004c 8954 | 2408 48c7 | 0424 ffff 

  0x0000022c4908955c: ;   {runtime_call counter_overflow Runtime1 stub}
  0x0000022c4908955c: ffff e81d 

  0x0000022c49089560: ; ImmutableOopMap {r8=Oop }
                      ;*synchronization entry
                      ; - java.util.concurrent.locks.ReentrantReadWriteLock::writeLock@-1 (line 216)
                      ; - jdk.nio.zipfs.ZipFileSystem::endWrite@4 (line 1199)
                      ; - jdk.nio.zipfs.ZipFileSystem::close@12 (line 484)
  0x0000022c49089560: 1c8b 04e9 | b2c7 ffff 

  0x0000022c49089568: ;   {runtime_call throw_null_pointer_exception Runtime1 stub}
  0x0000022c49089568: e833 c58a 

  0x0000022c4908956c: ; ImmutableOopMap {r8=Oop }
                      ;*invokeinterface unlock {reexecute=0 rethrow=0 return_oop=0}
                      ; - jdk.nio.zipfs.ZipFileSystem::endWrite@9 (line 1199)
                      ; - jdk.nio.zipfs.ZipFileSystem::close@12 (line 484)
                      ;   {metadata({method} {0x0000022c797b3ea8} 'unlock' '()V' in 'java/util/concurrent/locks/ReentrantReadWriteLock$WriteLock')}
  0x0000022c4908956c: 0449 baa0 | 3e7b 792c | 0200 004c | 8954 2408 | 48c7 0424 | ffff ffff 

  0x0000022c49089584: ;   {runtime_call counter_overflow Runtime1 stub}
  0x0000022c49089584: e8f7 1b8b 

  0x0000022c49089588: ; ImmutableOopMap {r8=Oop }
                      ;*synchronization entry
                      ; - java.util.concurrent.locks.ReentrantReadWriteLock$WriteLock::unlock@-1 (line 1147)
                      ; - jdk.nio.zipfs.ZipFileSystem::endWrite@9 (line 1199)
                      ; - jdk.nio.zipfs.ZipFileSystem::close@12 (line 484)
  0x0000022c49089588: 04e9 e5c7 

  0x0000022c4908958c: ;   {runtime_call throw_null_pointer_exception Runtime1 stub}
  0x0000022c4908958c: ffff e80d 

  0x0000022c49089590: ; ImmutableOopMap {rsi=Oop }
                      ;*invokevirtual release {reexecute=0 rethrow=0 return_oop=0}
                      ; - java.util.concurrent.locks.ReentrantReadWriteLock$WriteLock::unlock@5 (line 1147)
                      ; - jdk.nio.zipfs.ZipFileSystem::endWrite@9 (line 1199)
                      ; - jdk.nio.zipfs.ZipFileSystem::close@12 (line 484)
                      ;   {metadata({method} {0x0000022c5d034ee0} 'release' '(I)Z' in 'java/util/concurrent/locks/AbstractQueuedSynchronizer')}
  0x0000022c49089590: c58a 0449 | bad8 4e03 | 5d2c 0200 | 004c 8954 | 2408 48c7 | 0424 ffff 

  0x0000022c490895a8: ;   {runtime_call counter_overflow Runtime1 stub}
  0x0000022c490895a8: ffff e8d1 

  0x0000022c490895ac: ; ImmutableOopMap {rsi=Oop }
                      ;*synchronization entry
                      ; - java.util.concurrent.locks.AbstractQueuedSynchronizer::release@-1 (line 1007)
                      ; - java.util.concurrent.locks.ReentrantReadWriteLock$WriteLock::unlock@5 (line 1147)
                      ; - jdk.nio.zipfs.ZipFileSystem::endWrite@9 (line 1199)
                      ; - jdk.nio.zipfs.ZipFileSystem::close@12 (line 484)
  0x0000022c490895ac: 1b8b 04e9 | 05c8 ffff 

  0x0000022c490895b4: ;   {internal_word}
  0x0000022c490895b4: 49ba da5e | 0849 2c02 | 0000 4d89 | 9760 0300 

  0x0000022c490895c4: ;   {runtime_call SafepointBlob}
  0x0000022c490895c4: 00e9 369e 

  0x0000022c490895c8: ;   {internal_word}
  0x0000022c490895c8: 8004 49ba | f65e 0849 | 2c02 0000 | 4d89 9760 

  0x0000022c490895d8: ;   {runtime_call SafepointBlob}
  0x0000022c490895d8: 0300 00e9 | 209e 8004 

  0x0000022c490895e0: ;   {metadata({method} {0x0000022c79892b88} 'endWrite' '()V' in 'jdk/nio/zipfs/ZipFileSystem')}
  0x0000022c490895e0: 49ba 802b | 8979 2c02 | 0000 4c89 | 5424 0848 | c704 24ff 

  0x0000022c490895f4: ;   {runtime_call counter_overflow Runtime1 stub}
  0x0000022c490895f4: ffff ffe8 

  0x0000022c490895f8: ; ImmutableOopMap {rdx=Oop [120]=Oop }
                      ;*synchronization entry
                      ; - jdk.nio.zipfs.ZipFileSystem::endWrite@-1 (line 1199)
                      ; - jdk.nio.zipfs.ZipFileSystem::close@22 (line 484)
  0x0000022c490895f8: 841b 8b04 | e952 c9ff 

  0x0000022c49089600: ;   {runtime_call throw_incompatible_class_change_error Runtime1 stub}
  0x0000022c49089600: ffe8 9af1 

  0x0000022c49089604: ; ImmutableOopMap {rdx=Oop [120]=Oop r8=Oop }
                      ;*invokeinterface writeLock {reexecute=0 rethrow=0 return_oop=0}
                      ; - jdk.nio.zipfs.ZipFileSystem::endWrite@4 (line 1199)
                      ; - jdk.nio.zipfs.ZipFileSystem::close@22 (line 484)
                      ;   {runtime_call throw_null_pointer_exception Runtime1 stub}
  0x0000022c49089604: 8a04 e895 

  0x0000022c49089608: ; ImmutableOopMap {rdx=Oop [120]=Oop r8=Oop }
                      ;*invokeinterface writeLock {reexecute=0 rethrow=0 return_oop=0}
                      ; - jdk.nio.zipfs.ZipFileSystem::endWrite@4 (line 1199)
                      ; - jdk.nio.zipfs.ZipFileSystem::close@22 (line 484)
                      ;   {metadata({method} {0x0000022c797ae860} 'writeLock' '()Ljava/util/concurrent/locks/Lock;' in 'java/util/concurrent/locks/ReentrantReadWriteLock')}
  0x0000022c49089608: c48a 0449 | ba58 e87a | 792c 0200 | 004c 8954 | 2408 48c7 | 0424 ffff 

  0x0000022c49089620: ;   {runtime_call counter_overflow Runtime1 stub}
  0x0000022c49089620: ffff e859 

  0x0000022c49089624: ; ImmutableOopMap {rdx=Oop [120]=Oop r8=Oop }
                      ;*synchronization entry
                      ; - java.util.concurrent.locks.ReentrantReadWriteLock::writeLock@-1 (line 216)
                      ; - jdk.nio.zipfs.ZipFileSystem::endWrite@4 (line 1199)
                      ; - jdk.nio.zipfs.ZipFileSystem::close@22 (line 484)
  0x0000022c49089624: 1b8b 04e9 | a2c9 ffff 

  0x0000022c4908962c: ;   {runtime_call throw_null_pointer_exception Runtime1 stub}
  0x0000022c4908962c: e86f c48a 

  0x0000022c49089630: ; ImmutableOopMap {rdx=Oop [120]=Oop r8=Oop }
                      ;*invokeinterface unlock {reexecute=0 rethrow=0 return_oop=0}
                      ; - jdk.nio.zipfs.ZipFileSystem::endWrite@9 (line 1199)
                      ; - jdk.nio.zipfs.ZipFileSystem::close@22 (line 484)
                      ;   {metadata({method} {0x0000022c797b3ea8} 'unlock' '()V' in 'java/util/concurrent/locks/ReentrantReadWriteLock$WriteLock')}
  0x0000022c49089630: 0449 baa0 | 3e7b 792c | 0200 004c | 8954 2408 | 48c7 0424 | ffff ffff 

  0x0000022c49089648: ;   {runtime_call counter_overflow Runtime1 stub}
  0x0000022c49089648: e833 1b8b 

  0x0000022c4908964c: ; ImmutableOopMap {rdx=Oop [120]=Oop r8=Oop }
                      ;*synchronization entry
                      ; - java.util.concurrent.locks.ReentrantReadWriteLock$WriteLock::unlock@-1 (line 1147)
                      ; - jdk.nio.zipfs.ZipFileSystem::endWrite@9 (line 1199)
                      ; - jdk.nio.zipfs.ZipFileSystem::close@22 (line 484)
  0x0000022c4908964c: 04e9 d5c9 

  0x0000022c49089650: ;   {runtime_call throw_null_pointer_exception Runtime1 stub}
  0x0000022c49089650: ffff e849 

  0x0000022c49089654: ; ImmutableOopMap {rdx=Oop [120]=Oop rsi=Oop }
                      ;*invokevirtual release {reexecute=0 rethrow=0 return_oop=0}
                      ; - java.util.concurrent.locks.ReentrantReadWriteLock$WriteLock::unlock@5 (line 1147)
                      ; - jdk.nio.zipfs.ZipFileSystem::endWrite@9 (line 1199)
                      ; - jdk.nio.zipfs.ZipFileSystem::close@22 (line 484)
                      ;   {metadata({method} {0x0000022c5d034ee0} 'release' '(I)Z' in 'java/util/concurrent/locks/AbstractQueuedSynchronizer')}
  0x0000022c49089654: c48a 0449 | bad8 4e03 | 5d2c 0200 | 004c 8954 | 2408 48c7 | 0424 ffff 

  0x0000022c4908966c: ;   {runtime_call counter_overflow Runtime1 stub}
  0x0000022c4908966c: ffff e80d 

  0x0000022c49089670: ; ImmutableOopMap {rdx=Oop [120]=Oop rsi=Oop }
                      ;*synchronization entry
                      ; - java.util.concurrent.locks.AbstractQueuedSynchronizer::release@-1 (line 1007)
                      ; - java.util.concurrent.locks.ReentrantReadWriteLock$WriteLock::unlock@5 (line 1147)
                      ; - jdk.nio.zipfs.ZipFileSystem::endWrite@9 (line 1199)
                      ; - jdk.nio.zipfs.ZipFileSystem::close@22 (line 484)
  0x0000022c49089670: 1b8b 04e9 | f5c9 ffff 

  0x0000022c49089678: ;   {runtime_call throw_null_pointer_exception Runtime1 stub}
  0x0000022c49089678: e823 c48a 

  0x0000022c4908967c: ; ImmutableOopMap {rdx=Oop [120]=Oop rsi=Oop }
                      ;*invokeinterface isEmpty {reexecute=0 rethrow=0 return_oop=0}
                      ; - jdk.nio.zipfs.ZipFileSystem::close@39 (line 486)
  0x0000022c4908967c: 0448 8bd2 

  0x0000022c49089680: ;   {runtime_call fast_new_instance Runtime1 stub}
  0x0000022c49089680: e8fb cc8a 

  0x0000022c49089684: ; ImmutableOopMap {rbx=Oop [120]=Oop }
                      ;*new {reexecute=0 rethrow=0 return_oop=0}
                      ; - jdk.nio.zipfs.ZipFileSystem::close@47 (line 487)
  0x0000022c49089684: 04e9 5fcc 

  0x0000022c49089688: ;   {metadata({method} {0x0000022c5d109380} 'iterator' '()Ljava/util/Iterator;' in 'java/util/HashSet')}
  0x0000022c49089688: ffff 49ba | 7893 105d | 2c02 0000 | 4c89 5424 | 0848 c704 | 24ff ffff 

  0x0000022c490896a0: ;   {runtime_call counter_overflow Runtime1 stub}
  0x0000022c490896a0: ffe8 da1a 

  0x0000022c490896a4: ; ImmutableOopMap {[120]=Oop [144]=Oop }
                      ;*synchronization entry
                      ; - java.util.HashSet::iterator@-1 (line 174)
                      ; - jdk.nio.zipfs.ZipFileSystem::close@60 (line 488)
  0x0000022c490896a4: 8b04 e92f 

  0x0000022c490896a8: ;   {runtime_call throw_null_pointer_exception Runtime1 stub}
  0x0000022c490896a8: cdff ffe8 

  0x0000022c490896ac: ; ImmutableOopMap {[120]=Oop rdx=Oop }
                      ;*invokevirtual keySet {reexecute=0 rethrow=0 return_oop=0}
                      ; - java.util.HashSet::iterator@4 (line 174)
                      ; - jdk.nio.zipfs.ZipFileSystem::close@60 (line 488)
  0x0000022c490896ac: f0c3 8a04 

  0x0000022c490896b0: ;   {runtime_call throw_null_pointer_exception Runtime1 stub}
  0x0000022c490896b0: e8eb c38a 

  0x0000022c490896b4: ; ImmutableOopMap {[120]=Oop rax=Oop }
                      ;*invokeinterface iterator {reexecute=0 rethrow=0 return_oop=0}
                      ; - java.util.HashSet::iterator@7 (line 174)
                      ; - jdk.nio.zipfs.ZipFileSystem::close@60 (line 488)
  0x0000022c490896b4: 0448 8904 

  0x0000022c490896b8: ;   {runtime_call throw_class_cast_exception Runtime1 stub}
  0x0000022c490896b8: 24e8 e2ed 

  0x0000022c490896bc: ; ImmutableOopMap {[120]=Oop [152]=Oop }
                      ;*checkcast {reexecute=0 rethrow=0 return_oop=0}
                      ; - jdk.nio.zipfs.ZipFileSystem::close@81 (line 488)
                      ;   {runtime_call throw_null_pointer_exception Runtime1 stub}
  0x0000022c490896bc: 8a04 e8dd 

  0x0000022c490896c0: ; ImmutableOopMap {[120]=Oop [152]=Oop rdx=Oop }
                      ;*invokevirtual close {reexecute=0 rethrow=0 return_oop=0}
                      ; - jdk.nio.zipfs.ZipFileSystem::close@86 (line 489)
                      ;   {metadata({method} {0x0000022c798902f8} 'close' '()V' in 'jdk/nio/zipfs/ZipFileSystem')}
  0x0000022c490896c0: c38a 0449 | baf0 0289 | 792c 0200 | 004c 8954 | 2408 48c7 | 0424 5900 

  0x0000022c490896d8: ;   {runtime_call counter_overflow Runtime1 stub}
  0x0000022c490896d8: 0000 e8a1 

  0x0000022c490896dc: ; ImmutableOopMap {[120]=Oop [152]=Oop }
                      ;*goto {reexecute=1 rethrow=0 return_oop=0}
                      ; - (reexecute) jdk.nio.zipfs.ZipFileSystem::close@89 (line 489)
  0x0000022c490896dc: 1a8b 04e9 | fad0 ffff 

  0x0000022c490896e4: ;   {runtime_call throw_null_pointer_exception Runtime1 stub}
  0x0000022c490896e4: e8b7 c38a 

  0x0000022c490896e8: ; ImmutableOopMap {[120]=Oop rax=Oop [152]=Oop }
                      ;*invokeinterface hasNext {reexecute=0 rethrow=0 return_oop=0}
                      ; - jdk.nio.zipfs.ZipFileSystem::close@67 (line 488)
                      ;   {metadata({method} {0x0000022c79892ad8} 'beginWrite' '()V' in 'jdk/nio/zipfs/ZipFileSystem')}
  0x0000022c490896e8: 0449 bad0 | 2a89 792c | 0200 004c | 8954 2408 | 48c7 0424 | ffff ffff 

  0x0000022c49089700: ;   {runtime_call counter_overflow Runtime1 stub}
  0x0000022c49089700: e87b 1a8b 

  0x0000022c49089704: ; ImmutableOopMap {rdx=Oop [120]=Oop }
                      ;*synchronization entry
                      ; - jdk.nio.zipfs.ZipFileSystem::beginWrite@-1 (line 1195)
                      ; - jdk.nio.zipfs.ZipFileSystem::close@93 (line 491)
  0x0000022c49089704: 04e9 27d2 

  0x0000022c49089708: ;   {runtime_call throw_incompatible_class_change_error Runtime1 stub}
  0x0000022c49089708: ffff e891 

  0x0000022c4908970c: ; ImmutableOopMap {rdx=Oop [120]=Oop r8=Oop }
                      ;*invokeinterface writeLock {reexecute=0 rethrow=0 return_oop=0}
                      ; - jdk.nio.zipfs.ZipFileSystem::beginWrite@4 (line 1195)
                      ; - jdk.nio.zipfs.ZipFileSystem::close@93 (line 491)
                      ;   {runtime_call throw_null_pointer_exception Runtime1 stub}
  0x0000022c4908970c: f08a 04e8 

  0x0000022c49089710: ; ImmutableOopMap {rdx=Oop [120]=Oop r8=Oop }
                      ;*invokeinterface writeLock {reexecute=0 rethrow=0 return_oop=0}
                      ; - jdk.nio.zipfs.ZipFileSystem::beginWrite@4 (line 1195)
                      ; - jdk.nio.zipfs.ZipFileSystem::close@93 (line 491)
  0x0000022c49089710: 8cc3 8a04 

  0x0000022c49089714: ;   {metadata({method} {0x0000022c797ae860} 'writeLock' '()Ljava/util/concurrent/locks/Lock;' in 'java/util/concurrent/locks/ReentrantReadWriteLock')}
  0x0000022c49089714: 49ba 58e8 | 7a79 2c02 | 0000 4c89 | 5424 0848 | c704 24ff 

  0x0000022c49089728: ;   {runtime_call counter_overflow Runtime1 stub}
  0x0000022c49089728: ffff ffe8 

  0x0000022c4908972c: ; ImmutableOopMap {rdx=Oop [120]=Oop r8=Oop }
                      ;*synchronization entry
                      ; - java.util.concurrent.locks.ReentrantReadWriteLock::writeLock@-1 (line 216)
                      ; - jdk.nio.zipfs.ZipFileSystem::beginWrite@4 (line 1195)
                      ; - jdk.nio.zipfs.ZipFileSystem::close@93 (line 491)
  0x0000022c4908972c: 501a 8b04 | e977 d2ff 

  0x0000022c49089734: ;   {runtime_call throw_null_pointer_exception Runtime1 stub}
  0x0000022c49089734: ffe8 66c3 

  0x0000022c49089738: ; ImmutableOopMap {rdx=Oop [120]=Oop r8=Oop }
                      ;*invokeinterface lock {reexecute=0 rethrow=0 return_oop=0}
                      ; - jdk.nio.zipfs.ZipFileSystem::beginWrite@9 (line 1195)
                      ; - jdk.nio.zipfs.ZipFileSystem::close@93 (line 491)
                      ;   {metadata({method} {0x0000022c797b3be0} 'lock' '()V' in 'java/util/concurrent/locks/ReentrantReadWriteLock$WriteLock')}
  0x0000022c49089738: 8a04 49ba | d83b 7b79 | 2c02 0000 | 4c89 5424 | 0848 c704 | 24ff ffff 

  0x0000022c49089750: ;   {runtime_call counter_overflow Runtime1 stub}
  0x0000022c49089750: ffe8 2a1a 

  0x0000022c49089754: ; ImmutableOopMap {rdx=Oop [120]=Oop r8=Oop }
                      ;*synchronization entry
                      ; - java.util.concurrent.locks.ReentrantReadWriteLock$WriteLock::lock@-1 (line 959)
                      ; - jdk.nio.zipfs.ZipFileSystem::beginWrite@9 (line 1195)
                      ; - jdk.nio.zipfs.ZipFileSystem::close@93 (line 491)
  0x0000022c49089754: 8b04 e9aa 

  0x0000022c49089758: ;   {runtime_call throw_null_pointer_exception Runtime1 stub}
  0x0000022c49089758: d2ff ffe8 

  0x0000022c4908975c: ; ImmutableOopMap {rdx=Oop [120]=Oop rsi=Oop }
                      ;*invokevirtual acquire {reexecute=0 rethrow=0 return_oop=0}
                      ; - java.util.concurrent.locks.ReentrantReadWriteLock$WriteLock::lock@5 (line 959)
                      ; - jdk.nio.zipfs.ZipFileSystem::beginWrite@9 (line 1195)
                      ; - jdk.nio.zipfs.ZipFileSystem::close@93 (line 491)
  0x0000022c4908975c: 40c3 8a04 

  0x0000022c49089760: ;   {metadata({method} {0x0000022c5d0e1560} 'linkToTargetMethod' '(Ljava/lang/Object;Ljava/lang/Object;)Ljava/lang/Object;' in 'java/lang/invoke/Invokers$Holder')}
  0x0000022c49089760: 49ba 5815 | 0e5d 2c02 | 0000 4c89 | 5424 0848 | c704 24ff 

  0x0000022c49089774: ;   {runtime_call counter_overflow Runtime1 stub}
  0x0000022c49089774: ffff ffe8 

  0x0000022c49089778: ; ImmutableOopMap {rdx=Oop [120]=Oop rsi=Oop }
                      ;*synchronization entry
                      ; - java.lang.invoke.Invokers$Holder::linkToTargetMethod@-1
                      ; - jdk.nio.zipfs.ZipFileSystem::close@97 (line 493)
  0x0000022c49089778: 041a 8b04 | e94d d3ff 

  0x0000022c49089780: ;   {metadata({method} {0x0000022c5d0e0e60} 'newInvokeSpecial' '(Ljava/lang/Object;Ljava/lang/Object;)Ljava/lang/Object;' in 'java/lang/invoke/DirectMethodHandle$Holder')}
  0x0000022c49089780: ff49 ba58 | 0e0e 5d2c | 0200 004c | 8954 2408 | 48c7 0424 | ffff ffff 

  0x0000022c49089798: ;   {runtime_call counter_overflow Runtime1 stub}
  0x0000022c49089798: e8e3 198b 

  0x0000022c4908979c: ; ImmutableOopMap {rdx=Oop [120]=Oop rsi=Oop }
                      ;*synchronization entry
                      ; - java.lang.invoke.DirectMethodHandle$Holder::newInvokeSpecial@-1
                      ; - java.lang.invoke.Invokers$Holder::linkToTargetMethod@5
                      ; - jdk.nio.zipfs.ZipFileSystem::close@97 (line 493)
  0x0000022c4908979c: 04e9 89d3 

  0x0000022c490897a0: ;   {metadata({method} {0x0000022c5d39dc10} 'allocateInstance' '(Ljava/lang/Object;)Ljava/lang/Object;' in 'java/lang/invoke/DirectMethodHandle')}
  0x0000022c490897a0: ffff 49ba | 08dc 395d | 2c02 0000 | 4c89 5424 | 0848 c704 | 24ff ffff 

  0x0000022c490897b8: ;   {runtime_call counter_overflow Runtime1 stub}
  0x0000022c490897b8: ffe8 c219 

  0x0000022c490897bc: ; ImmutableOopMap {rdx=Oop [120]=Oop rsi=Oop }
                      ;*synchronization entry
                      ; - java.lang.invoke.DirectMethodHandle::allocateInstance@-1 (line 519)
                      ; - java.lang.invoke.DirectMethodHandle$Holder::newInvokeSpecial@1
                      ; - java.lang.invoke.Invokers$Holder::linkToTargetMethod@5
                      ; - jdk.nio.zipfs.ZipFileSystem::close@97 (line 493)
  0x0000022c490897bc: 8b04 e9c7 

  0x0000022c490897c0: ;   {metadata({method} {0x0000022c5d39e6b8} 'constructorMethod' '(Ljava/lang/Object;)Ljava/lang/Object;' in 'java/lang/invoke/DirectMethodHandle')}
  0x0000022c490897c0: d3ff ff49 | bab0 e639 | 5d2c 0200 | 004c 8954 | 2408 48c7 | 0424 ffff 

  0x0000022c490897d8: ;   {runtime_call counter_overflow Runtime1 stub}
  0x0000022c490897d8: ffff e8a1 

  0x0000022c490897dc: ; ImmutableOopMap {[120]=Oop rax=Oop }
                      ;*synchronization entry
                      ; - java.lang.invoke.DirectMethodHandle::constructorMethod@-1 (line 513)
                      ; - java.lang.invoke.DirectMethodHandle$Holder::newInvokeSpecial@6
                      ; - java.lang.invoke.Invokers$Holder::linkToTargetMethod@5
                      ; - jdk.nio.zipfs.ZipFileSystem::close@97 (line 493)
  0x0000022c490897dc: 198b 04e9 | 64d4 ffff 

  0x0000022c490897e4: ;   {runtime_call throw_null_pointer_exception Runtime1 stub}
  0x0000022c490897e4: e8b7 c28a 

  0x0000022c490897e8: ; ImmutableOopMap {[120]=Oop rax=Oop }
                      ;*invokestatic linkToSpecial {reexecute=0 rethrow=0 return_oop=0}
                      ; - java.lang.invoke.DirectMethodHandle$Holder::newInvokeSpecial@16
                      ; - java.lang.invoke.Invokers$Holder::linkToTargetMethod@5
                      ; - jdk.nio.zipfs.ZipFileSystem::close@97 (line 493)
                      ;   {metadata({method} {0x0000022c798c7c18} '<init>' '(Ljdk/nio/zipfs/ZipFileSystem;)V' in 'jdk/nio/zipfs/ZipFileSystem$$Lambda$410+0x0000022c5e41e7f8')}
  0x0000022c490897e8: 0449 ba10 | 7c8c 792c | 0200 004c | 8954 2408 | 48c7 0424 | ffff ffff 

  0x0000022c49089800: ;   {runtime_call counter_overflow Runtime1 stub}
  0x0000022c49089800: e87b 198b 

  0x0000022c49089804: ; ImmutableOopMap {[120]=Oop rax=Oop }
                      ;*synchronization entry
                      ; - jdk.nio.zipfs.ZipFileSystem$$Lambda$410/0x0000022c5e41e7f8::<init>@-1
                      ; - java.lang.invoke.DirectMethodHandle$Holder::newInvokeSpecial@16
                      ; - java.lang.invoke.Invokers$Holder::linkToTargetMethod@5
                      ; - jdk.nio.zipfs.ZipFileSystem::close@97 (line 493)
  0x0000022c49089804: 04e9 a8d4 

  0x0000022c49089808: ;   {metadata({method} {0x0000022c5d448c28} '<init>' '()V' in 'java/lang/Object')}
  0x0000022c49089808: ffff 49ba | 208c 445d | 2c02 0000 | 4c89 5424 | 0848 c704 | 24ff ffff 

  0x0000022c49089820: ;   {runtime_call counter_overflow Runtime1 stub}
  0x0000022c49089820: ffe8 5a19 

  0x0000022c49089824: ; ImmutableOopMap {[120]=Oop rax=Oop }
                      ;*synchronization entry
                      ; - java.lang.Object::<init>@-1 (line 44)
                      ; - jdk.nio.zipfs.ZipFileSystem$$Lambda$410/0x0000022c5e41e7f8::<init>@1
                      ; - java.lang.invoke.DirectMethodHandle$Holder::newInvokeSpecial@16
                      ; - java.lang.invoke.Invokers$Holder::linkToTargetMethod@5
                      ; - jdk.nio.zipfs.ZipFileSystem::close@97 (line 493)
  0x0000022c49089824: 8b04 e9c4 | d4ff ff8b | 500c 4883 | fa00 0f84 | c5d4 ffff | 4889 1424 

  0x0000022c4908983c: ;   {runtime_call g1_pre_barrier_slow}
  0x0000022c4908983c: e83f 1f8b | 04e9 b7d4 | ffff 4883 | fa00 0f84 | cdd4 ffff | 4889 0424 

  0x0000022c49089854: ;   {runtime_call g1_post_barrier_slow}
  0x0000022c49089854: e827 228b | 04e9 bfd4 

  0x0000022c4908985c: ;   {runtime_call throw_incompatible_class_change_error Runtime1 stub}
  0x0000022c4908985c: ffff e83d 

  0x0000022c49089860: ; ImmutableOopMap {rdx=Oop [120]=Oop rsi=Oop }
                      ;*invokeinterface close {reexecute=0 rethrow=0 return_oop=0}
                      ; - jdk.nio.zipfs.ZipFileSystem::close@110 (line 496)
                      ;   {runtime_call throw_null_pointer_exception Runtime1 stub}
  0x0000022c49089860: ef8a 04e8 

  0x0000022c49089864: ; ImmutableOopMap {rdx=Oop [120]=Oop rsi=Oop }
                      ;*invokeinterface close {reexecute=0 rethrow=0 return_oop=0}
                      ; - jdk.nio.zipfs.ZipFileSystem::close@110 (line 496)
  0x0000022c49089864: 38c2 8a04 

  0x0000022c49089868: ;   {metadata({method} {0x0000022c79892b88} 'endWrite' '()V' in 'jdk/nio/zipfs/ZipFileSystem')}
  0x0000022c49089868: 49ba 802b | 8979 2c02 | 0000 4c89 | 5424 0848 | c704 24ff 

  0x0000022c4908987c: ;   {runtime_call counter_overflow Runtime1 stub}
  0x0000022c4908987c: ffff ffe8 

  0x0000022c49089880: ; ImmutableOopMap {rdx=Oop [120]=Oop }
                      ;*synchronization entry
                      ; - jdk.nio.zipfs.ZipFileSystem::endWrite@-1 (line 1199)
                      ; - jdk.nio.zipfs.ZipFileSystem::close@116 (line 501)
  0x0000022c49089880: fc18 8b04 | e967 d6ff 

  0x0000022c49089888: ;   {runtime_call throw_incompatible_class_change_error Runtime1 stub}
  0x0000022c49089888: ffe8 12ef 

  0x0000022c4908988c: ; ImmutableOopMap {rdx=Oop [120]=Oop r8=Oop }
                      ;*invokeinterface writeLock {reexecute=0 rethrow=0 return_oop=0}
                      ; - jdk.nio.zipfs.ZipFileSystem::endWrite@4 (line 1199)
                      ; - jdk.nio.zipfs.ZipFileSystem::close@116 (line 501)
                      ;   {runtime_call throw_null_pointer_exception Runtime1 stub}
  0x0000022c4908988c: 8a04 e80d 

  0x0000022c49089890: ; ImmutableOopMap {rdx=Oop [120]=Oop r8=Oop }
                      ;*invokeinterface writeLock {reexecute=0 rethrow=0 return_oop=0}
                      ; - jdk.nio.zipfs.ZipFileSystem::endWrite@4 (line 1199)
                      ; - jdk.nio.zipfs.ZipFileSystem::close@116 (line 501)
                      ;   {metadata({method} {0x0000022c797ae860} 'writeLock' '()Ljava/util/concurrent/locks/Lock;' in 'java/util/concurrent/locks/ReentrantReadWriteLock')}
  0x0000022c49089890: c28a 0449 | ba58 e87a | 792c 0200 | 004c 8954 | 2408 48c7 | 0424 ffff 

  0x0000022c490898a8: ;   {runtime_call counter_overflow Runtime1 stub}
  0x0000022c490898a8: ffff e8d1 

  0x0000022c490898ac: ; ImmutableOopMap {rdx=Oop [120]=Oop r8=Oop }
                      ;*synchronization entry
                      ; - java.util.concurrent.locks.ReentrantReadWriteLock::writeLock@-1 (line 216)
                      ; - jdk.nio.zipfs.ZipFileSystem::endWrite@4 (line 1199)
                      ; - jdk.nio.zipfs.ZipFileSystem::close@116 (line 501)
  0x0000022c490898ac: 188b 04e9 | b7d6 ffff 

  0x0000022c490898b4: ;   {runtime_call throw_null_pointer_exception Runtime1 stub}
  0x0000022c490898b4: e8e7 c18a 

  0x0000022c490898b8: ; ImmutableOopMap {rdx=Oop [120]=Oop r8=Oop }
                      ;*invokeinterface unlock {reexecute=0 rethrow=0 return_oop=0}
                      ; - jdk.nio.zipfs.ZipFileSystem::endWrite@9 (line 1199)
                      ; - jdk.nio.zipfs.ZipFileSystem::close@116 (line 501)
                      ;   {metadata({method} {0x0000022c797b3ea8} 'unlock' '()V' in 'java/util/concurrent/locks/ReentrantReadWriteLock$WriteLock')}
  0x0000022c490898b8: 0449 baa0 | 3e7b 792c | 0200 004c | 8954 2408 | 48c7 0424 | ffff ffff 

  0x0000022c490898d0: ;   {runtime_call counter_overflow Runtime1 stub}
  0x0000022c490898d0: e8ab 188b 

  0x0000022c490898d4: ; ImmutableOopMap {rdx=Oop [120]=Oop r8=Oop }
                      ;*synchronization entry
                      ; - java.util.concurrent.locks.ReentrantReadWriteLock$WriteLock::unlock@-1 (line 1147)
                      ; - jdk.nio.zipfs.ZipFileSystem::endWrite@9 (line 1199)
                      ; - jdk.nio.zipfs.ZipFileSystem::close@116 (line 501)
  0x0000022c490898d4: 04e9 ead6 

  0x0000022c490898d8: ;   {runtime_call throw_null_pointer_exception Runtime1 stub}
  0x0000022c490898d8: ffff e8c1 

  0x0000022c490898dc: ; ImmutableOopMap {rdx=Oop [120]=Oop rsi=Oop }
                      ;*invokevirtual release {reexecute=0 rethrow=0 return_oop=0}
                      ; - java.util.concurrent.locks.ReentrantReadWriteLock$WriteLock::unlock@5 (line 1147)
                      ; - jdk.nio.zipfs.ZipFileSystem::endWrite@9 (line 1199)
                      ; - jdk.nio.zipfs.ZipFileSystem::close@116 (line 501)
                      ;   {metadata({method} {0x0000022c5d034ee0} 'release' '(I)Z' in 'java/util/concurrent/locks/AbstractQueuedSynchronizer')}
  0x0000022c490898dc: c18a 0449 | bad8 4e03 | 5d2c 0200 | 004c 8954 | 2408 48c7 | 0424 ffff 

  0x0000022c490898f4: ;   {runtime_call counter_overflow Runtime1 stub}
  0x0000022c490898f4: ffff e885 

  0x0000022c490898f8: ; ImmutableOopMap {rdx=Oop [120]=Oop rsi=Oop }
                      ;*synchronization entry
                      ; - java.util.concurrent.locks.AbstractQueuedSynchronizer::release@-1 (line 1007)
                      ; - java.util.concurrent.locks.ReentrantReadWriteLock$WriteLock::unlock@5 (line 1147)
                      ; - jdk.nio.zipfs.ZipFileSystem::endWrite@9 (line 1199)
                      ; - jdk.nio.zipfs.ZipFileSystem::close@116 (line 501)
  0x0000022c490898f8: 188b 04e9 | 0ad7 ffff 

  0x0000022c49089900: ;   {runtime_call throw_null_pointer_exception Runtime1 stub}
  0x0000022c49089900: e89b c18a 

  0x0000022c49089904: ; ImmutableOopMap {rdx=Oop [120]=Oop rsi=Oop [176]=Oop }
                      ;*monitorenter {reexecute=0 rethrow=0 return_oop=0}
                      ; - jdk.nio.zipfs.ZipFileSystem::close@146 (line 504)
  0x0000022c49089904: 0448 8974 | 2408 4889 

  0x0000022c4908990c: ;   {runtime_call monitorenter_nofpu Runtime1 stub}
  0x0000022c4908990c: 3c24 e86d 

  0x0000022c49089910: ; ImmutableOopMap {rdx=Oop [120]=Oop rsi=Oop [176]=Oop [296]=Oop }
                      ;*monitorenter {reexecute=0 rethrow=0 return_oop=0}
                      ; - jdk.nio.zipfs.ZipFileSystem::close@146 (line 504)
  0x0000022c49089910: f78a 04e9 | 66d8 ffff 

  0x0000022c49089918: ;   {runtime_call throw_null_pointer_exception Runtime1 stub}
  0x0000022c49089918: e883 c18a 

  0x0000022c4908991c: ; ImmutableOopMap {rdx=Oop [120]=Oop [176]=Oop rdi=Oop [296]=Oop }
                      ;*invokeinterface iterator {reexecute=0 rethrow=0 return_oop=0}
                      ; - jdk.nio.zipfs.ZipFileSystem::close@151 (line 505)
  0x0000022c4908991c: 0448 8904 

  0x0000022c49089920: ;   {runtime_call throw_class_cast_exception Runtime1 stub}
  0x0000022c49089920: 24e8 7aeb 

  0x0000022c49089924: ; ImmutableOopMap {[120]=Oop [184]=Oop [176]=Oop [296]=Oop }
                      ;*checkcast {reexecute=0 rethrow=0 return_oop=0}
                      ; - jdk.nio.zipfs.ZipFileSystem::close@172 (line 505)
                      ;   {runtime_call throw_null_pointer_exception Runtime1 stub}
  0x0000022c49089924: 8a04 e875 

  0x0000022c49089928: ; ImmutableOopMap {[120]=Oop [184]=Oop [176]=Oop rdx=Oop [296]=Oop }
                      ;*invokevirtual end {reexecute=0 rethrow=0 return_oop=0}
                      ; - jdk.nio.zipfs.ZipFileSystem::close@177 (line 506)
                      ;   {metadata({method} {0x0000022c798902f8} 'close' '()V' in 'jdk/nio/zipfs/ZipFileSystem')}
  0x0000022c49089928: c18a 0449 | baf0 0289 | 792c 0200 | 004c 8954 | 2408 48c7 | 0424 b400 

  0x0000022c49089940: ;   {runtime_call counter_overflow Runtime1 stub}
  0x0000022c49089940: 0000 e839 

  0x0000022c49089944: ; ImmutableOopMap {[120]=Oop [184]=Oop [176]=Oop [296]=Oop }
                      ;*goto {reexecute=1 rethrow=0 return_oop=0}
                      ; - (reexecute) jdk.nio.zipfs.ZipFileSystem::close@180 (line 506)
  0x0000022c49089944: 188b 04e9 | 00db ffff 

  0x0000022c4908994c: ;   {runtime_call throw_null_pointer_exception Runtime1 stub}
  0x0000022c4908994c: e84f c18a 

  0x0000022c49089950: ; ImmutableOopMap {[120]=Oop rax=Oop [184]=Oop [176]=Oop [296]=Oop }
                      ;*invokeinterface hasNext {reexecute=0 rethrow=0 return_oop=0}
                      ; - jdk.nio.zipfs.ZipFileSystem::close@158 (line 505)
  0x0000022c49089950: 0448 8d84 | 2420 0100 | 0048 8904 

  0x0000022c4908995c: ;   {runtime_call monitorexit_nofpu Runtime1 stub}
  0x0000022c4908995c: 24e8 1efd | 8a04 e911 

  0x0000022c49089964: ;   {runtime_call throw_null_pointer_exception Runtime1 stub}
  0x0000022c49089964: dcff ffe8 

  0x0000022c49089968: ; ImmutableOopMap {rdx=Oop [120]=Oop rsi=Oop [192]=Oop }
                      ;*monitorenter {reexecute=0 rethrow=0 return_oop=0}
                      ; - jdk.nio.zipfs.ZipFileSystem::close@201 (line 508)
  0x0000022c49089968: 34c1 8a04 | 4889 7424 | 0848 893c 

  0x0000022c49089974: ;   {runtime_call monitorenter_nofpu Runtime1 stub}
  0x0000022c49089974: 24e8 06f7 

  0x0000022c49089978: ; ImmutableOopMap {rdx=Oop [120]=Oop rsi=Oop [192]=Oop [296]=Oop }
                      ;*monitorenter {reexecute=0 rethrow=0 return_oop=0}
                      ; - jdk.nio.zipfs.ZipFileSystem::close@201 (line 508)
  0x0000022c49089978: 8a04 e94c 

  0x0000022c4908997c: ;   {runtime_call throw_null_pointer_exception Runtime1 stub}
  0x0000022c4908997c: dcff ffe8 

  0x0000022c49089980: ; ImmutableOopMap {rdx=Oop [120]=Oop [192]=Oop rdi=Oop [296]=Oop }
                      ;*invokeinterface iterator {reexecute=0 rethrow=0 return_oop=0}
                      ; - jdk.nio.zipfs.ZipFileSystem::close@206 (line 509)
  0x0000022c49089980: 1cc1 8a04 

  0x0000022c49089984: ;   {metadata(NULL)}
  0x0000022c49089984: 48bb 0000 | 0000 0000 | 0000 b800 

  0x0000022c49089990: ;   {runtime_call load_klass_patching Runtime1 stub}
  0x0000022c49089990: 0f05 0ae8 

  0x0000022c49089994: ; ImmutableOopMap {[120]=Oop [200]=Oop [192]=Oop rax=Oop [296]=Oop }
                      ;*checkcast {reexecute=1 rethrow=0 return_oop=0}
                      ; - (reexecute) jdk.nio.zipfs.ZipFileSystem::close@227 (line 509)
  0x0000022c49089994: 6807 8b04 | e9cb ddff | ff48 8904 

  0x0000022c490899a0: ;   {runtime_call throw_class_cast_exception Runtime1 stub}
  0x0000022c490899a0: 24e8 faea 

  0x0000022c490899a4: ; ImmutableOopMap {[120]=Oop [200]=Oop [192]=Oop rax=Oop [296]=Oop }
                      ;*checkcast {reexecute=0 rethrow=0 return_oop=0}
                      ; - jdk.nio.zipfs.ZipFileSystem::close@227 (line 509)
                      ;   {metadata({method} {0x0000022c798902f8} 'close' '()V' in 'jdk/nio/zipfs/ZipFileSystem')}
  0x0000022c490899a4: 8a04 49ba | f002 8979 | 2c02 0000 | 4c89 5424 | 0848 c704 | 24eb 0000 

  0x0000022c490899bc: ;   {runtime_call counter_overflow Runtime1 stub}
  0x0000022c490899bc: 00e8 be17 

  0x0000022c490899c0: ; ImmutableOopMap {[120]=Oop [200]=Oop [192]=Oop [296]=Oop }
                      ;*goto {reexecute=1 rethrow=0 return_oop=0}
                      ; - (reexecute) jdk.nio.zipfs.ZipFileSystem::close@235 (line 510)
  0x0000022c490899c0: 8b04 e9da 

  0x0000022c490899c4: ;   {runtime_call throw_null_pointer_exception Runtime1 stub}
  0x0000022c490899c4: deff ffe8 

  0x0000022c490899c8: ; ImmutableOopMap {[120]=Oop rax=Oop [200]=Oop [192]=Oop [296]=Oop }
                      ;*invokeinterface hasNext {reexecute=0 rethrow=0 return_oop=0}
                      ; - jdk.nio.zipfs.ZipFileSystem::close@213 (line 509)
  0x0000022c490899c8: d4c0 8a04 | 488d 8424 | 2001 0000 | 4889 0424 

  0x0000022c490899d8: ;   {runtime_call monitorexit_nofpu Runtime1 stub}
  0x0000022c490899d8: e8a3 fc8a | 04e9 eedf 

  0x0000022c490899e0: ;   {metadata({method} {0x0000022c79892ad8} 'beginWrite' '()V' in 'jdk/nio/zipfs/ZipFileSystem')}
  0x0000022c490899e0: ffff 49ba | d02a 8979 | 2c02 0000 | 4c89 5424 | 0848 c704 | 24ff ffff 

  0x0000022c490899f8: ;   {runtime_call counter_overflow Runtime1 stub}
  0x0000022c490899f8: ffe8 8217 

  0x0000022c490899fc: ; ImmutableOopMap {rdx=Oop [120]=Oop }
                      ;*synchronization entry
                      ; - jdk.nio.zipfs.ZipFileSystem::beginWrite@-1 (line 1195)
                      ; - jdk.nio.zipfs.ZipFileSystem::close@251 (line 513)
  0x0000022c490899fc: 8b04 e922 

  0x0000022c49089a00: ;   {runtime_call throw_incompatible_class_change_error Runtime1 stub}
  0x0000022c49089a00: e0ff ffe8 

  0x0000022c49089a04: ; ImmutableOopMap {rdx=Oop [120]=Oop r8=Oop }
                      ;*invokeinterface writeLock {reexecute=0 rethrow=0 return_oop=0}
                      ; - jdk.nio.zipfs.ZipFileSystem::beginWrite@4 (line 1195)
                      ; - jdk.nio.zipfs.ZipFileSystem::close@251 (line 513)
  0x0000022c49089a04: 98ed 8a04 

  0x0000022c49089a08: ;   {runtime_call throw_null_pointer_exception Runtime1 stub}
  0x0000022c49089a08: e893 c08a 

  0x0000022c49089a0c: ; ImmutableOopMap {rdx=Oop [120]=Oop r8=Oop }
                      ;*invokeinterface writeLock {reexecute=0 rethrow=0 return_oop=0}
                      ; - jdk.nio.zipfs.ZipFileSystem::beginWrite@4 (line 1195)
                      ; - jdk.nio.zipfs.ZipFileSystem::close@251 (line 513)
                      ;   {metadata({method} {0x0000022c797ae860} 'writeLock' '()Ljava/util/concurrent/locks/Lock;' in 'java/util/concurrent/locks/ReentrantReadWriteLock')}
  0x0000022c49089a0c: 0449 ba58 | e87a 792c | 0200 004c | 8954 2408 | 48c7 0424 | ffff ffff 

  0x0000022c49089a24: ;   {runtime_call counter_overflow Runtime1 stub}
  0x0000022c49089a24: e857 178b 

  0x0000022c49089a28: ; ImmutableOopMap {rdx=Oop [120]=Oop r8=Oop }
                      ;*synchronization entry
                      ; - java.util.concurrent.locks.ReentrantReadWriteLock::writeLock@-1 (line 216)
                      ; - jdk.nio.zipfs.ZipFileSystem::beginWrite@4 (line 1195)
                      ; - jdk.nio.zipfs.ZipFileSystem::close@251 (line 513)
  0x0000022c49089a28: 04e9 72e0 

  0x0000022c49089a2c: ;   {runtime_call throw_null_pointer_exception Runtime1 stub}
  0x0000022c49089a2c: ffff e86d 

  0x0000022c49089a30: ; ImmutableOopMap {rdx=Oop [120]=Oop r8=Oop }
                      ;*invokeinterface lock {reexecute=0 rethrow=0 return_oop=0}
                      ; - jdk.nio.zipfs.ZipFileSystem::beginWrite@9 (line 1195)
                      ; - jdk.nio.zipfs.ZipFileSystem::close@251 (line 513)
                      ;   {metadata({method} {0x0000022c797b3be0} 'lock' '()V' in 'java/util/concurrent/locks/ReentrantReadWriteLock$WriteLock')}
  0x0000022c49089a30: c08a 0449 | bad8 3b7b | 792c 0200 | 004c 8954 | 2408 48c7 | 0424 ffff 

  0x0000022c49089a48: ;   {runtime_call counter_overflow Runtime1 stub}
  0x0000022c49089a48: ffff e831 

  0x0000022c49089a4c: ; ImmutableOopMap {rdx=Oop [120]=Oop r8=Oop }
                      ;*synchronization entry
                      ; - java.util.concurrent.locks.ReentrantReadWriteLock$WriteLock::lock@-1 (line 959)
                      ; - jdk.nio.zipfs.ZipFileSystem::beginWrite@9 (line 1195)
                      ; - jdk.nio.zipfs.ZipFileSystem::close@251 (line 513)
  0x0000022c49089a4c: 178b 04e9 | a5e0 ffff 

  0x0000022c49089a54: ;   {runtime_call throw_null_pointer_exception Runtime1 stub}
  0x0000022c49089a54: e847 c08a 

  0x0000022c49089a58: ; ImmutableOopMap {rdx=Oop [120]=Oop rsi=Oop }
                      ;*invokevirtual acquire {reexecute=0 rethrow=0 return_oop=0}
                      ; - java.util.concurrent.locks.ReentrantReadWriteLock$WriteLock::lock@5 (line 959)
                      ; - jdk.nio.zipfs.ZipFileSystem::beginWrite@9 (line 1195)
                      ; - jdk.nio.zipfs.ZipFileSystem::close@251 (line 513)
  0x0000022c49089a58: 0444 8b42 | 6c49 83f8 | 000f 84d1 | e0ff ff4c 

  0x0000022c49089a68: ;   {runtime_call g1_pre_barrier_slow}
  0x0000022c49089a68: 8904 24e8 | 101d 8b04 | e9c3 e0ff 

  0x0000022c49089a74: ;   {metadata({method} {0x0000022c79892b88} 'endWrite' '()V' in 'jdk/nio/zipfs/ZipFileSystem')}
  0x0000022c49089a74: ff49 ba80 | 2b89 792c | 0200 004c | 8954 2408 | 48c7 0424 | ffff ffff 

  0x0000022c49089a8c: ;   {runtime_call counter_overflow Runtime1 stub}
  0x0000022c49089a8c: e8ef 168b 

  0x0000022c49089a90: ; ImmutableOopMap {rdx=Oop [120]=Oop }
                      ;*synchronization entry
                      ; - jdk.nio.zipfs.ZipFileSystem::endWrite@-1 (line 1199)
                      ; - jdk.nio.zipfs.ZipFileSystem::close@260 (line 518)
  0x0000022c49089a90: 04e9 e8e0 

  0x0000022c49089a94: ;   {runtime_call throw_incompatible_class_change_error Runtime1 stub}
  0x0000022c49089a94: ffff e805 

  0x0000022c49089a98: ; ImmutableOopMap {rdx=Oop [120]=Oop r8=Oop }
                      ;*invokeinterface writeLock {reexecute=0 rethrow=0 return_oop=0}
                      ; - jdk.nio.zipfs.ZipFileSystem::endWrite@4 (line 1199)
                      ; - jdk.nio.zipfs.ZipFileSystem::close@260 (line 518)
                      ;   {runtime_call throw_null_pointer_exception Runtime1 stub}
  0x0000022c49089a98: ed8a 04e8 

  0x0000022c49089a9c: ; ImmutableOopMap {rdx=Oop [120]=Oop r8=Oop }
                      ;*invokeinterface writeLock {reexecute=0 rethrow=0 return_oop=0}
                      ; - jdk.nio.zipfs.ZipFileSystem::endWrite@4 (line 1199)
                      ; - jdk.nio.zipfs.ZipFileSystem::close@260 (line 518)
  0x0000022c49089a9c: 00c0 8a04 

  0x0000022c49089aa0: ;   {metadata({method} {0x0000022c797ae860} 'writeLock' '()Ljava/util/concurrent/locks/Lock;' in 'java/util/concurrent/locks/ReentrantReadWriteLock')}
  0x0000022c49089aa0: 49ba 58e8 | 7a79 2c02 | 0000 4c89 | 5424 0848 | c704 24ff 

  0x0000022c49089ab4: ;   {runtime_call counter_overflow Runtime1 stub}
  0x0000022c49089ab4: ffff ffe8 

  0x0000022c49089ab8: ; ImmutableOopMap {rdx=Oop [120]=Oop r8=Oop }
                      ;*synchronization entry
                      ; - java.util.concurrent.locks.ReentrantReadWriteLock::writeLock@-1 (line 216)
                      ; - jdk.nio.zipfs.ZipFileSystem::endWrite@4 (line 1199)
                      ; - jdk.nio.zipfs.ZipFileSystem::close@260 (line 518)
  0x0000022c49089ab8: c416 8b04 | e938 e1ff 

  0x0000022c49089ac0: ;   {runtime_call throw_null_pointer_exception Runtime1 stub}
  0x0000022c49089ac0: ffe8 dabf 

  0x0000022c49089ac4: ; ImmutableOopMap {rdx=Oop [120]=Oop r8=Oop }
                      ;*invokeinterface unlock {reexecute=0 rethrow=0 return_oop=0}
                      ; - jdk.nio.zipfs.ZipFileSystem::endWrite@9 (line 1199)
                      ; - jdk.nio.zipfs.ZipFileSystem::close@260 (line 518)
                      ;   {metadata({method} {0x0000022c797b3ea8} 'unlock' '()V' in 'java/util/concurrent/locks/ReentrantReadWriteLock$WriteLock')}
  0x0000022c49089ac4: 8a04 49ba | a03e 7b79 | 2c02 0000 | 4c89 5424 | 0848 c704 | 24ff ffff 

  0x0000022c49089adc: ;   {runtime_call counter_overflow Runtime1 stub}
  0x0000022c49089adc: ffe8 9e16 

  0x0000022c49089ae0: ; ImmutableOopMap {rdx=Oop [120]=Oop r8=Oop }
                      ;*synchronization entry
                      ; - java.util.concurrent.locks.ReentrantReadWriteLock$WriteLock::unlock@-1 (line 1147)
                      ; - jdk.nio.zipfs.ZipFileSystem::endWrite@9 (line 1199)
                      ; - jdk.nio.zipfs.ZipFileSystem::close@260 (line 518)
  0x0000022c49089ae0: 8b04 e96b 

  0x0000022c49089ae4: ;   {runtime_call throw_null_pointer_exception Runtime1 stub}
  0x0000022c49089ae4: e1ff ffe8 

  0x0000022c49089ae8: ; ImmutableOopMap {rdx=Oop [120]=Oop rsi=Oop }
                      ;*invokevirtual release {reexecute=0 rethrow=0 return_oop=0}
                      ; - java.util.concurrent.locks.ReentrantReadWriteLock$WriteLock::unlock@5 (line 1147)
                      ; - jdk.nio.zipfs.ZipFileSystem::endWrite@9 (line 1199)
                      ; - jdk.nio.zipfs.ZipFileSystem::close@260 (line 518)
  0x0000022c49089ae8: b4bf 8a04 

  0x0000022c49089aec: ;   {metadata({method} {0x0000022c5d034ee0} 'release' '(I)Z' in 'java/util/concurrent/locks/AbstractQueuedSynchronizer')}
  0x0000022c49089aec: 49ba d84e | 035d 2c02 | 0000 4c89 | 5424 0848 | c704 24ff 

  0x0000022c49089b00: ;   {runtime_call counter_overflow Runtime1 stub}
  0x0000022c49089b00: ffff ffe8 

  0x0000022c49089b04: ; ImmutableOopMap {rdx=Oop [120]=Oop rsi=Oop }
                      ;*synchronization entry
                      ; - java.util.concurrent.locks.AbstractQueuedSynchronizer::release@-1 (line 1007)
                      ; - java.util.concurrent.locks.ReentrantReadWriteLock$WriteLock::unlock@5 (line 1147)
                      ; - jdk.nio.zipfs.ZipFileSystem::endWrite@9 (line 1199)
                      ; - jdk.nio.zipfs.ZipFileSystem::close@260 (line 518)
  0x0000022c49089b04: 7816 8b04 | e98b e1ff 

  0x0000022c49089b0c: ;   {runtime_call throw_null_pointer_exception Runtime1 stub}
  0x0000022c49089b0c: ffe8 8ebf 

  0x0000022c49089b10: ; ImmutableOopMap {rdx=Oop [120]=Oop rsi=Oop }
                      ;*monitorenter {reexecute=0 rethrow=0 return_oop=0}
                      ; - jdk.nio.zipfs.ZipFileSystem::close@283 (line 522)
  0x0000022c49089b10: 8a04 4889 | 7424 0848 

  0x0000022c49089b18: ;   {runtime_call monitorenter_nofpu Runtime1 stub}
  0x0000022c49089b18: 893c 24e8 

  0x0000022c49089b1c: ; ImmutableOopMap {rdx=Oop [120]=Oop rsi=Oop [296]=Oop }
                      ;*monitorenter {reexecute=0 rethrow=0 return_oop=0}
                      ; - jdk.nio.zipfs.ZipFileSystem::close@283 (line 522)
  0x0000022c49089b1c: 60f5 8a04 | e9e1 e2ff 

  0x0000022c49089b24: ;   {runtime_call throw_null_pointer_exception Runtime1 stub}
  0x0000022c49089b24: ffe8 76bf 

  0x0000022c49089b28: ; ImmutableOopMap {rdx=Oop [120]=Oop [216]=Oop rdi=Oop [296]=Oop }
                      ;*invokeinterface iterator {reexecute=0 rethrow=0 return_oop=0}
                      ; - jdk.nio.zipfs.ZipFileSystem::close@288 (line 523)
                      ;   {runtime_call throw_null_pointer_exception Runtime1 stub}
  0x0000022c49089b28: 8a04 e871 

  0x0000022c49089b2c: ; ImmutableOopMap {[216]=Oop [120]=Oop rax=Oop [224]=Oop [232]=Oop [296]=Oop }
                      ;*invokeinterface hasNext {reexecute=0 rethrow=0 return_oop=0}
                      ; - jdk.nio.zipfs.ZipFileSystem::close@295 (line 523)
  0x0000022c49089b2c: bf8a 0448 

  0x0000022c49089b30: ;   {runtime_call throw_class_cast_exception Runtime1 stub}
  0x0000022c49089b30: 8904 24e8 

  0x0000022c49089b34: ; ImmutableOopMap {[216]=Oop [120]=Oop [224]=Oop [232]=Oop [296]=Oop }
                      ;*checkcast {reexecute=0 rethrow=0 return_oop=0}
                      ; - jdk.nio.zipfs.ZipFileSystem::close@309 (line 523)
  0x0000022c49089b34: 68e9 8a04 | 49b8 0000 | 0000 0000 | 0000 b800 

  0x0000022c49089b44: ;   {runtime_call load_appendix_patching Runtime1 stub}
  0x0000022c49089b44: 0f05 0ae8 

  0x0000022c49089b48: ; ImmutableOopMap {[216]=Oop [120]=Oop [224]=Oop [232]=Oop rdx=Oop [296]=Oop }
                      ;*invokedynamic {reexecute=1 rethrow=0 return_oop=0}
                      ; - (reexecute) jdk.nio.zipfs.ZipFileSystem::close@316 (line 525)
  0x0000022c49089b48: b40e 8b04 | e947 e6ff 

  0x0000022c49089b50: ;   {metadata({method} {0x0000022c787fa790} 'getException' '()Ljava/lang/Exception;' in 'java/security/PrivilegedActionException')}
  0x0000022c49089b50: ff49 ba88 | a77f 782c | 0200 004c | 8954 2408 | 48c7 0424 | ffff ffff 

  0x0000022c49089b68: ;   {runtime_call counter_overflow Runtime1 stub}
  0x0000022c49089b68: e813 168b 

  0x0000022c49089b6c: ; ImmutableOopMap {[216]=Oop [120]=Oop [224]=Oop [232]=Oop r8=Oop [296]=Oop }
                      ;*synchronization entry
                      ; - java.security.PrivilegedActionException::getException@-1 (line 82)
                      ; - jdk.nio.zipfs.ZipFileSystem::close@332 (line 528)
  0x0000022c49089b6c: 04e9 4be7 | ffff 4c89 | 4424 0848 

  0x0000022c49089b78: ;   {runtime_call monitorenter_nofpu Runtime1 stub}
  0x0000022c49089b78: 8914 24e8 

  0x0000022c49089b7c: ; ImmutableOopMap {[216]=Oop [120]=Oop [224]=Oop [232]=Oop r8=Oop [296]=Oop [312]=Oop }
                      ;*synchronization entry
                      ; - java.lang.Throwable::getCause@-1 (line 421)
                      ; - java.security.PrivilegedActionException::getException@1 (line 82)
                      ; - jdk.nio.zipfs.ZipFileSystem::close@332 (line 528)
  0x0000022c49089b7c: 00f5 8a04 | e980 e7ff 

  0x0000022c49089b84: ;   {metadata({method} {0x0000022c5d02eac0} 'getCause' '()Ljava/lang/Throwable;' in 'java/lang/Throwable')}
  0x0000022c49089b84: ff49 bab8 | ea02 5d2c | 0200 004c | 8954 2408 | 48c7 0424 | ffff ffff 

  0x0000022c49089b9c: ;   {runtime_call counter_overflow Runtime1 stub}
  0x0000022c49089b9c: e8df 158b 

  0x0000022c49089ba0: ; ImmutableOopMap {[216]=Oop [120]=Oop [224]=Oop [232]=Oop r8=Oop [296]=Oop [312]=Oop }
                      ;*synchronization entry
                      ; - java.lang.Throwable::getCause@-1 (line 421)
                      ; - java.security.PrivilegedActionException::getException@1 (line 82)
                      ; - jdk.nio.zipfs.ZipFileSystem::close@332 (line 528)
  0x0000022c49089ba0: 04e9 87e7 | ffff 488d | 8424 3001 | 0000 4889 

  0x0000022c49089bb0: ;   {runtime_call monitorexit_nofpu Runtime1 stub}
  0x0000022c49089bb0: 0424 e8c9 | fa8a 04e9 | f3e7 ffff | 4c89 0424 

  0x0000022c49089bc0: ;   {runtime_call throw_class_cast_exception Runtime1 stub}
  0x0000022c49089bc0: e8db e88a 

  0x0000022c49089bc4: ; ImmutableOopMap {[216]=Oop [120]=Oop [224]=Oop [232]=Oop [296]=Oop }
                      ;*checkcast {reexecute=0 rethrow=0 return_oop=0}
                      ; - java.security.PrivilegedActionException::getException@4 (line 82)
                      ; - jdk.nio.zipfs.ZipFileSystem::close@332 (line 528)
  0x0000022c49089bc4: 044c 8904 

  0x0000022c49089bc8: ;   {runtime_call throw_class_cast_exception Runtime1 stub}
  0x0000022c49089bc8: 24e8 d2e8 

  0x0000022c49089bcc: ; ImmutableOopMap {[216]=Oop [120]=Oop [224]=Oop rsi=Oop [296]=Oop }
                      ;*checkcast {reexecute=0 rethrow=0 return_oop=0}
                      ; - jdk.nio.zipfs.ZipFileSystem::close@335 (line 528)
                      ;   {runtime_call throw_null_pointer_exception Runtime1 stub}
  0x0000022c49089bcc: 8a04 e8cd 

  0x0000022c49089bd0: ; ImmutableOopMap {[216]=Oop [120]=Oop [224]=Oop r8=Oop rsi=Oop [296]=Oop }
                      ;*invokevirtual addSuppressed {reexecute=0 rethrow=0 return_oop=0}
                      ; - jdk.nio.zipfs.ZipFileSystem::close@353 (line 532)
                      ;   {metadata({method} {0x0000022c798902f8} 'close' '()V' in 'jdk/nio/zipfs/ZipFileSystem')}
  0x0000022c49089bd0: be8a 0449 | baf0 0289 | 792c 0200 | 004c 8954 | 2408 48c7 | 0424 6401 

  0x0000022c49089be8: ;   {runtime_call counter_overflow Runtime1 stub}
  0x0000022c49089be8: 0000 e891 

  0x0000022c49089bec: ; ImmutableOopMap {[216]=Oop [120]=Oop [224]=Oop rsi=Oop [296]=Oop }
                      ;*goto {reexecute=1 rethrow=0 return_oop=0}
                      ; - (reexecute) jdk.nio.zipfs.ZipFileSystem::close@356 (line 534)
  0x0000022c49089bec: 158b 04e9 | 55ea ffff | 488d 8424 | 2001 0000 | 4889 0424 

  0x0000022c49089c00: ;   {runtime_call monitorexit_nofpu Runtime1 stub}
  0x0000022c49089c00: e87b fa8a | 04e9 99ea 

  0x0000022c49089c08: ;   {runtime_call throw_null_pointer_exception Runtime1 stub}
  0x0000022c49089c08: ffff e891 

  0x0000022c49089c0c: ; ImmutableOopMap {[232]=Oop rsi=Oop [120]=Oop rdx=Oop r8=Oop }
                      ;*invokevirtual removeFileSystem {reexecute=0 rethrow=0 return_oop=0}
                      ; - jdk.nio.zipfs.ZipFileSystem::close@380 (line 536)
                      ;   {metadata({method} {0x0000022c79892b88} 'endWrite' '()V' in 'jdk/nio/zipfs/ZipFileSystem')}
  0x0000022c49089c0c: be8a 0449 | ba80 2b89 | 792c 0200 | 004c 8954 | 2408 48c7 | 0424 ffff 

  0x0000022c49089c24: ;   {runtime_call counter_overflow Runtime1 stub}
  0x0000022c49089c24: ffff e855 

  0x0000022c49089c28: ; ImmutableOopMap {rsi=Oop [120]=Oop [248]=Oop }
                      ;*synchronization entry
                      ; - jdk.nio.zipfs.ZipFileSystem::endWrite@-1 (line 1199)
                      ; - jdk.nio.zipfs.ZipFileSystem::close@269 (line 518)
  0x0000022c49089c28: 158b 04e9 | 7aeb ffff 

  0x0000022c49089c30: ;   {runtime_call throw_incompatible_class_change_error Runtime1 stub}
  0x0000022c49089c30: e86b eb8a 

  0x0000022c49089c34: ; ImmutableOopMap {[248]=Oop r8=Oop }
                      ;*invokeinterface writeLock {reexecute=0 rethrow=0 return_oop=0}
                      ; - jdk.nio.zipfs.ZipFileSystem::endWrite@4 (line 1199)
                      ; - jdk.nio.zipfs.ZipFileSystem::close@269 (line 518)
                      ;   {runtime_call throw_null_pointer_exception Runtime1 stub}
  0x0000022c49089c34: 04e8 66be 

  0x0000022c49089c38: ; ImmutableOopMap {[248]=Oop r8=Oop }
                      ;*invokeinterface writeLock {reexecute=0 rethrow=0 return_oop=0}
                      ; - jdk.nio.zipfs.ZipFileSystem::endWrite@4 (line 1199)
                      ; - jdk.nio.zipfs.ZipFileSystem::close@269 (line 518)
                      ;   {metadata({method} {0x0000022c797ae860} 'writeLock' '()Ljava/util/concurrent/locks/Lock;' in 'java/util/concurrent/locks/ReentrantReadWriteLock')}
  0x0000022c49089c38: 8a04 49ba | 58e8 7a79 | 2c02 0000 | 4c89 5424 | 0848 c704 | 24ff ffff 

  0x0000022c49089c50: ;   {runtime_call counter_overflow Runtime1 stub}
  0x0000022c49089c50: ffe8 2a15 

  0x0000022c49089c54: ; ImmutableOopMap {[248]=Oop r8=Oop }
                      ;*synchronization entry
                      ; - java.util.concurrent.locks.ReentrantReadWriteLock::writeLock@-1 (line 216)
                      ; - jdk.nio.zipfs.ZipFileSystem::endWrite@4 (line 1199)
                      ; - jdk.nio.zipfs.ZipFileSystem::close@269 (line 518)
  0x0000022c49089c54: 8b04 e9ca 

  0x0000022c49089c58: ;   {runtime_call throw_null_pointer_exception Runtime1 stub}
  0x0000022c49089c58: ebff ffe8 

  0x0000022c49089c5c: ; ImmutableOopMap {[248]=Oop r8=Oop }
                      ;*invokeinterface unlock {reexecute=0 rethrow=0 return_oop=0}
                      ; - jdk.nio.zipfs.ZipFileSystem::endWrite@9 (line 1199)
                      ; - jdk.nio.zipfs.ZipFileSystem::close@269 (line 518)
  0x0000022c49089c5c: 40be 8a04 

  0x0000022c49089c60: ;   {metadata({method} {0x0000022c797b3ea8} 'unlock' '()V' in 'java/util/concurrent/locks/ReentrantReadWriteLock$WriteLock')}
  0x0000022c49089c60: 49ba a03e | 7b79 2c02 | 0000 4c89 | 5424 0848 | c704 24ff 

  0x0000022c49089c74: ;   {runtime_call counter_overflow Runtime1 stub}
  0x0000022c49089c74: ffff ffe8 

  0x0000022c49089c78: ; ImmutableOopMap {[248]=Oop r8=Oop }
                      ;*synchronization entry
                      ; - java.util.concurrent.locks.ReentrantReadWriteLock$WriteLock::unlock@-1 (line 1147)
                      ; - jdk.nio.zipfs.ZipFileSystem::endWrite@9 (line 1199)
                      ; - jdk.nio.zipfs.ZipFileSystem::close@269 (line 518)
  0x0000022c49089c78: 0415 8b04 | e9fd ebff 

  0x0000022c49089c80: ;   {runtime_call throw_null_pointer_exception Runtime1 stub}
  0x0000022c49089c80: ffe8 1abe 

  0x0000022c49089c84: ; ImmutableOopMap {[248]=Oop rsi=Oop }
                      ;*invokevirtual release {reexecute=0 rethrow=0 return_oop=0}
                      ; - java.util.concurrent.locks.ReentrantReadWriteLock$WriteLock::unlock@5 (line 1147)
                      ; - jdk.nio.zipfs.ZipFileSystem::endWrite@9 (line 1199)
                      ; - jdk.nio.zipfs.ZipFileSystem::close@269 (line 518)
                      ;   {metadata({method} {0x0000022c5d034ee0} 'release' '(I)Z' in 'java/util/concurrent/locks/AbstractQueuedSynchronizer')}
  0x0000022c49089c84: 8a04 49ba | d84e 035d | 2c02 0000 | 4c89 5424 | 0848 c704 | 24ff ffff 

  0x0000022c49089c9c: ;   {runtime_call counter_overflow Runtime1 stub}
  0x0000022c49089c9c: ffe8 de14 

  0x0000022c49089ca0: ; ImmutableOopMap {[248]=Oop rsi=Oop }
                      ;*synchronization entry
                      ; - java.util.concurrent.locks.AbstractQueuedSynchronizer::release@-1 (line 1007)
                      ; - java.util.concurrent.locks.ReentrantReadWriteLock$WriteLock::unlock@5 (line 1147)
                      ; - jdk.nio.zipfs.ZipFileSystem::endWrite@9 (line 1199)
                      ; - jdk.nio.zipfs.ZipFileSystem::close@269 (line 518)
  0x0000022c49089ca0: 8b04 e91d 

  0x0000022c49089ca4: ;   {metadata({method} {0x0000022c787fa790} 'getException' '()Ljava/lang/Exception;' in 'java/security/PrivilegedActionException')}
  0x0000022c49089ca4: ecff ff49 | ba88 a77f | 782c 0200 | 004c 8954 | 2408 48c7 | 0424 ffff 

  0x0000022c49089cbc: ;   {runtime_call counter_overflow Runtime1 stub}
  0x0000022c49089cbc: ffff e8bd 

  0x0000022c49089cc0: ; ImmutableOopMap {rsi=Oop [120]=Oop r8=Oop }
                      ;*synchronization entry
                      ; - java.security.PrivilegedActionException::getException@-1 (line 82)
                      ; - jdk.nio.zipfs.ZipFileSystem::close@124 (line 499)
  0x0000022c49089cc0: 148b 04e9 | 91ed ffff | 4c89 4424 | 0848 8914 

  0x0000022c49089cd0: ;   {runtime_call monitorenter_nofpu Runtime1 stub}
  0x0000022c49089cd0: 24e8 aaf3 

  0x0000022c49089cd4: ; ImmutableOopMap {rsi=Oop [120]=Oop r8=Oop [296]=Oop }
                      ;*synchronization entry
                      ; - java.lang.Throwable::getCause@-1 (line 421)
                      ; - java.security.PrivilegedActionException::getException@1 (line 82)
                      ; - jdk.nio.zipfs.ZipFileSystem::close@124 (line 499)
  0x0000022c49089cd4: 8a04 e9c6 

  0x0000022c49089cd8: ;   {metadata({method} {0x0000022c5d02eac0} 'getCause' '()Ljava/lang/Throwable;' in 'java/lang/Throwable')}
  0x0000022c49089cd8: edff ff49 | bab8 ea02 | 5d2c 0200 | 004c 8954 | 2408 48c7 | 0424 ffff 

  0x0000022c49089cf0: ;   {runtime_call counter_overflow Runtime1 stub}
  0x0000022c49089cf0: ffff e889 

  0x0000022c49089cf4: ; ImmutableOopMap {rsi=Oop [120]=Oop r8=Oop [296]=Oop }
                      ;*synchronization entry
                      ; - java.lang.Throwable::getCause@-1 (line 421)
                      ; - java.security.PrivilegedActionException::getException@1 (line 82)
                      ; - jdk.nio.zipfs.ZipFileSystem::close@124 (line 499)
  0x0000022c49089cf4: 148b 04e9 | cded ffff | 488d 8424 | 2001 0000 | 4889 0424 

  0x0000022c49089d08: ;   {runtime_call monitorexit_nofpu Runtime1 stub}
  0x0000022c49089d08: e873 f98a | 04e9 39ee 

  0x0000022c49089d10: ;   {metadata({method} {0x0000022c79892b88} 'endWrite' '()V' in 'jdk/nio/zipfs/ZipFileSystem')}
  0x0000022c49089d10: ffff 49ba | 802b 8979 | 2c02 0000 | 4c89 5424 | 0848 c704 | 24ff ffff 

  0x0000022c49089d28: ;   {runtime_call counter_overflow Runtime1 stub}
  0x0000022c49089d28: ffe8 5214 

  0x0000022c49089d2c: ; ImmutableOopMap {rsi=Oop [120]=Oop rax=Oop }
                      ;*synchronization entry
                      ; - jdk.nio.zipfs.ZipFileSystem::endWrite@-1 (line 1199)
                      ; - jdk.nio.zipfs.ZipFileSystem::close@30 (line 484)
  0x0000022c49089d2c: 8b04 e97c 

  0x0000022c49089d30: ;   {runtime_call throw_incompatible_class_change_error Runtime1 stub}
  0x0000022c49089d30: eeff ffe8 

  0x0000022c49089d34: ; ImmutableOopMap {rax=Oop r8=Oop }
                      ;*invokeinterface writeLock {reexecute=0 rethrow=0 return_oop=0}
                      ; - jdk.nio.zipfs.ZipFileSystem::endWrite@4 (line 1199)
                      ; - jdk.nio.zipfs.ZipFileSystem::close@30 (line 484)
  0x0000022c49089d34: 68ea 8a04 

  0x0000022c49089d38: ;   {runtime_call throw_null_pointer_exception Runtime1 stub}
  0x0000022c49089d38: e863 bd8a 

  0x0000022c49089d3c: ; ImmutableOopMap {rax=Oop r8=Oop }
                      ;*invokeinterface writeLock {reexecute=0 rethrow=0 return_oop=0}
                      ; - jdk.nio.zipfs.ZipFileSystem::endWrite@4 (line 1199)
                      ; - jdk.nio.zipfs.ZipFileSystem::close@30 (line 484)
                      ;   {metadata({method} {0x0000022c797ae860} 'writeLock' '()Ljava/util/concurrent/locks/Lock;' in 'java/util/concurrent/locks/ReentrantReadWriteLock')}
  0x0000022c49089d3c: 0449 ba58 | e87a 792c | 0200 004c | 8954 2408 | 48c7 0424 | ffff ffff 

  0x0000022c49089d54: ;   {runtime_call counter_overflow Runtime1 stub}
  0x0000022c49089d54: e827 148b 

  0x0000022c49089d58: ; ImmutableOopMap {rax=Oop r8=Oop }
                      ;*synchronization entry
                      ; - java.util.concurrent.locks.ReentrantReadWriteLock::writeLock@-1 (line 216)
                      ; - jdk.nio.zipfs.ZipFileSystem::endWrite@4 (line 1199)
                      ; - jdk.nio.zipfs.ZipFileSystem::close@30 (line 484)
  0x0000022c49089d58: 04e9 ccee 

  0x0000022c49089d5c: ;   {runtime_call throw_null_pointer_exception Runtime1 stub}
  0x0000022c49089d5c: ffff e83d 

  0x0000022c49089d60: ; ImmutableOopMap {rax=Oop r8=Oop }
                      ;*invokeinterface unlock {reexecute=0 rethrow=0 return_oop=0}
                      ; - jdk.nio.zipfs.ZipFileSystem::endWrite@9 (line 1199)
                      ; - jdk.nio.zipfs.ZipFileSystem::close@30 (line 484)
                      ;   {metadata({method} {0x0000022c797b3ea8} 'unlock' '()V' in 'java/util/concurrent/locks/ReentrantReadWriteLock$WriteLock')}
  0x0000022c49089d60: bd8a 0449 | baa0 3e7b | 792c 0200 | 004c 8954 | 2408 48c7 | 0424 ffff 

  0x0000022c49089d78: ;   {runtime_call counter_overflow Runtime1 stub}
  0x0000022c49089d78: ffff e801 

  0x0000022c49089d7c: ; ImmutableOopMap {rax=Oop r8=Oop }
                      ;*synchronization entry
                      ; - java.util.concurrent.locks.ReentrantReadWriteLock$WriteLock::unlock@-1 (line 1147)
                      ; - jdk.nio.zipfs.ZipFileSystem::endWrite@9 (line 1199)
                      ; - jdk.nio.zipfs.ZipFileSystem::close@30 (line 484)
  0x0000022c49089d7c: 148b 04e9 | ffee ffff 

  0x0000022c49089d84: ;   {runtime_call throw_null_pointer_exception Runtime1 stub}
  0x0000022c49089d84: e817 bd8a 

  0x0000022c49089d88: ; ImmutableOopMap {rax=Oop rsi=Oop }
                      ;*invokevirtual release {reexecute=0 rethrow=0 return_oop=0}
                      ; - java.util.concurrent.locks.ReentrantReadWriteLock$WriteLock::unlock@5 (line 1147)
                      ; - jdk.nio.zipfs.ZipFileSystem::endWrite@9 (line 1199)
                      ; - jdk.nio.zipfs.ZipFileSystem::close@30 (line 484)
                      ;   {metadata({method} {0x0000022c5d034ee0} 'release' '(I)Z' in 'java/util/concurrent/locks/AbstractQueuedSynchronizer')}
  0x0000022c49089d88: 0449 bad8 | 4e03 5d2c | 0200 004c | 8954 2408 | 48c7 0424 | ffff ffff 

  0x0000022c49089da0: ;   {runtime_call counter_overflow Runtime1 stub}
  0x0000022c49089da0: e8db 138b 

  0x0000022c49089da4: ; ImmutableOopMap {rax=Oop rsi=Oop }
                      ;*synchronization entry
                      ; - java.util.concurrent.locks.AbstractQueuedSynchronizer::release@-1 (line 1007)
                      ; - java.util.concurrent.locks.ReentrantReadWriteLock$WriteLock::unlock@5 (line 1147)
                      ; - jdk.nio.zipfs.ZipFileSystem::endWrite@9 (line 1199)
                      ; - jdk.nio.zipfs.ZipFileSystem::close@30 (line 484)
  0x0000022c49089da4: 04e9 1fef 

  0x0000022c49089da8: ;   {internal_word}
  0x0000022c49089da8: ffff 49ba | 008e 0849 | 2c02 0000 | 4d89 9760 

  0x0000022c49089db8: ;   {runtime_call SafepointBlob}
  0x0000022c49089db8: 0300 00e9 | 4096 8004 

  0x0000022c49089dc0: ;   {internal_word}
  0x0000022c49089dc0: 49ba 168e | 0849 2c02 | 0000 4d89 | 9760 0300 

  0x0000022c49089dd0: ;   {runtime_call SafepointBlob}
  0x0000022c49089dd0: 00e9 2a96 | 8004 4889 

  0x0000022c49089dd8: ;   {runtime_call throw_class_cast_exception Runtime1 stub}
  0x0000022c49089dd8: 3c24 e8c1 

  0x0000022c49089ddc: ; ImmutableOopMap {rsi=Oop [120]=Oop }
                      ;*checkcast {reexecute=0 rethrow=0 return_oop=0}
                      ; - java.security.PrivilegedActionException::getException@4 (line 82)
                      ; - jdk.nio.zipfs.ZipFileSystem::close@124 (line 499)
  0x0000022c49089ddc: e68a 0448 

  0x0000022c49089de0: ;   {runtime_call throw_class_cast_exception Runtime1 stub}
  0x0000022c49089de0: 8904 24e8 

  0x0000022c49089de4: ; ImmutableOopMap {rsi=Oop [120]=Oop }
                      ;*checkcast {reexecute=0 rethrow=0 return_oop=0}
                      ; - jdk.nio.zipfs.ZipFileSystem::close@127 (line 499)
  0x0000022c49089de4: b8e6 8a04 

  0x0000022c49089de8: ;   {runtime_call throw_null_pointer_exception Runtime1 stub}
  0x0000022c49089de8: e8b3 bc8a 

  0x0000022c49089dec: ; ImmutableOopMap {rsi=Oop [120]=Oop rax=Oop }
                      ;*athrow {reexecute=1 rethrow=0 return_oop=0}
                      ; - (reexecute) jdk.nio.zipfs.ZipFileSystem::close@130 (line 499)
                      ;   {runtime_call throw_null_pointer_exception Runtime1 stub}
  0x0000022c49089dec: 04e8 aebc 

  0x0000022c49089df0: ; ImmutableOopMap {rdi=Oop }
                      ;*athrow {reexecute=1 rethrow=0 return_oop=0}
                      ; - (reexecute) jdk.nio.zipfs.ZipFileSystem::close@388 (line 538)
  0x0000022c49089df0: 8a04 488d | 8424 2001 | 0000 4889 

  0x0000022c49089dfc: ;   {runtime_call monitorexit_nofpu Runtime1 stub}
  0x0000022c49089dfc: 0424 e87d | f88a 04e9 | 7ff2 ffff 

  0x0000022c49089e08: ;   {metadata({method} {0x0000022c79892b88} 'endWrite' '()V' in 'jdk/nio/zipfs/ZipFileSystem')}
  0x0000022c49089e08: 49ba 802b | 8979 2c02 | 0000 4c89 | 5424 0848 | c704 24ff 

  0x0000022c49089e1c: ;   {runtime_call counter_overflow Runtime1 stub}
  0x0000022c49089e1c: ffff ffe8 

  0x0000022c49089e20: ; ImmutableOopMap {rsi=Oop [120]=Oop [280]=Oop }
                      ;*synchronization entry
                      ; - jdk.nio.zipfs.ZipFileSystem::endWrite@-1 (line 1199)
                      ; - jdk.nio.zipfs.ZipFileSystem::close@134 (line 501)
  0x0000022c49089e20: 5c13 8b04 | e9d8 f2ff 

  0x0000022c49089e28: ;   {runtime_call throw_incompatible_class_change_error Runtime1 stub}
  0x0000022c49089e28: ffe8 72e9 

  0x0000022c49089e2c: ; ImmutableOopMap {[280]=Oop r8=Oop }
                      ;*invokeinterface writeLock {reexecute=0 rethrow=0 return_oop=0}
                      ; - jdk.nio.zipfs.ZipFileSystem::endWrite@4 (line 1199)
                      ; - jdk.nio.zipfs.ZipFileSystem::close@134 (line 501)
                      ;   {runtime_call throw_null_pointer_exception Runtime1 stub}
  0x0000022c49089e2c: 8a04 e86d 

  0x0000022c49089e30: ; ImmutableOopMap {[280]=Oop r8=Oop }
                      ;*invokeinterface writeLock {reexecute=0 rethrow=0 return_oop=0}
                      ; - jdk.nio.zipfs.ZipFileSystem::endWrite@4 (line 1199)
                      ; - jdk.nio.zipfs.ZipFileSystem::close@134 (line 501)
                      ;   {metadata({method} {0x0000022c797ae860} 'writeLock' '()Ljava/util/concurrent/locks/Lock;' in 'java/util/concurrent/locks/ReentrantReadWriteLock')}
  0x0000022c49089e30: bc8a 0449 | ba58 e87a | 792c 0200 | 004c 8954 | 2408 48c7 | 0424 ffff 

  0x0000022c49089e48: ;   {runtime_call counter_overflow Runtime1 stub}
  0x0000022c49089e48: ffff e831 

  0x0000022c49089e4c: ; ImmutableOopMap {[280]=Oop r8=Oop }
                      ;*synchronization entry
                      ; - java.util.concurrent.locks.ReentrantReadWriteLock::writeLock@-1 (line 216)
                      ; - jdk.nio.zipfs.ZipFileSystem::endWrite@4 (line 1199)
                      ; - jdk.nio.zipfs.ZipFileSystem::close@134 (line 501)
  0x0000022c49089e4c: 138b 04e9 | 28f3 ffff 

  0x0000022c49089e54: ;   {runtime_call throw_null_pointer_exception Runtime1 stub}
  0x0000022c49089e54: e847 bc8a 

  0x0000022c49089e58: ; ImmutableOopMap {[280]=Oop r8=Oop }
                      ;*invokeinterface unlock {reexecute=0 rethrow=0 return_oop=0}
                      ; - jdk.nio.zipfs.ZipFileSystem::endWrite@9 (line 1199)
                      ; - jdk.nio.zipfs.ZipFileSystem::close@134 (line 501)
                      ;   {metadata({method} {0x0000022c797b3ea8} 'unlock' '()V' in 'java/util/concurrent/locks/ReentrantReadWriteLock$WriteLock')}
  0x0000022c49089e58: 0449 baa0 | 3e7b 792c | 0200 004c | 8954 2408 | 48c7 0424 | ffff ffff 

  0x0000022c49089e70: ;   {runtime_call counter_overflow Runtime1 stub}
  0x0000022c49089e70: e80b 138b 

  0x0000022c49089e74: ; ImmutableOopMap {[280]=Oop r8=Oop }
                      ;*synchronization entry
                      ; - java.util.concurrent.locks.ReentrantReadWriteLock$WriteLock::unlock@-1 (line 1147)
                      ; - jdk.nio.zipfs.ZipFileSystem::endWrite@9 (line 1199)
                      ; - jdk.nio.zipfs.ZipFileSystem::close@134 (line 501)
  0x0000022c49089e74: 04e9 5bf3 

  0x0000022c49089e78: ;   {runtime_call throw_null_pointer_exception Runtime1 stub}
  0x0000022c49089e78: ffff e821 

  0x0000022c49089e7c: ; ImmutableOopMap {[280]=Oop rsi=Oop }
                      ;*invokevirtual release {reexecute=0 rethrow=0 return_oop=0}
                      ; - java.util.concurrent.locks.ReentrantReadWriteLock$WriteLock::unlock@5 (line 1147)
                      ; - jdk.nio.zipfs.ZipFileSystem::endWrite@9 (line 1199)
                      ; - jdk.nio.zipfs.ZipFileSystem::close@134 (line 501)
                      ;   {metadata({method} {0x0000022c5d034ee0} 'release' '(I)Z' in 'java/util/concurrent/locks/AbstractQueuedSynchronizer')}
  0x0000022c49089e7c: bc8a 0449 | bad8 4e03 | 5d2c 0200 | 004c 8954 | 2408 48c7 | 0424 ffff 

  0x0000022c49089e94: ;   {runtime_call counter_overflow Runtime1 stub}
  0x0000022c49089e94: ffff e8e5 

  0x0000022c49089e98: ; ImmutableOopMap {[280]=Oop rsi=Oop }
                      ;*synchronization entry
                      ; - java.util.concurrent.locks.AbstractQueuedSynchronizer::release@-1 (line 1007)
                      ; - java.util.concurrent.locks.ReentrantReadWriteLock$WriteLock::unlock@5 (line 1147)
                      ; - jdk.nio.zipfs.ZipFileSystem::endWrite@9 (line 1199)
                      ; - jdk.nio.zipfs.ZipFileSystem::close@134 (line 501)
  0x0000022c49089e98: 128b 04e9 | 7bf3 ffff | 488d 8424 | 3001 0000 | 4889 0424 

  0x0000022c49089eac: ;   {runtime_call monitorexit_nofpu Runtime1 stub}
  0x0000022c49089eac: e8cf f78a | 04e9 e0f4 | ffff 488d | 8424 2001 | 0000 4889 

  0x0000022c49089ec0: ;   {runtime_call monitorexit_nofpu Runtime1 stub}
  0x0000022c49089ec0: 0424 e8b9 | f78a 04e9 | 1ef5 ffff | 488d 8424 | 2001 0000 | 4889 0424 

  0x0000022c49089ed8: ;   {runtime_call monitorexit_nofpu Runtime1 stub}
  0x0000022c49089ed8: e8a3 f78a | 04e9 51f5 | ffff 488d | 8424 2001 | 0000 4889 

  0x0000022c49089eec: ;   {runtime_call monitorexit_nofpu Runtime1 stub}
  0x0000022c49089eec: 0424 e88d | f78a 04e9 | 84f5 ffff | 9090 498b | 87d8 0300 | 0049 c787 | d803 0000 | 0000 0000 
  0x0000022c49089f0c: 49c7 87e0 | 0300 0000 | 0000 0048 | 81c4 5001 

  0x0000022c49089f1c: ;   {runtime_call unwind_exception Runtime1 stub}
  0x0000022c49089f1c: 0000 5de9 | dcd8 8104 | f4f4 f4f4 | f4f4 f4f4 | f4f4 f4f4 | f4f4 f4f4 | f4f4 f4f4 | f4f4 f4f4 
  0x0000022c49089f3c: f4f4 f4f4 
[Stub Code]
  0x0000022c49089f40: ;   {no_reloc}
  0x0000022c49089f40: 0f1f 4400 

  0x0000022c49089f44: ;   {static_stub}
  0x0000022c49089f44: 0048 bb00 | 0000 0000 

  0x0000022c49089f4c: ;   {runtime_call}
  0x0000022c49089f4c: 0000 00e9 | fbff ffff 

  0x0000022c49089f54: ;   {static_stub}
  0x0000022c49089f54: 9048 bb00 | 0000 0000 

  0x0000022c49089f5c: ;   {runtime_call}
  0x0000022c49089f5c: 0000 00e9 | fbff ffff 

  0x0000022c49089f64: ;   {static_stub}
  0x0000022c49089f64: 9048 bb00 | 0000 0000 

  0x0000022c49089f6c: ;   {runtime_call}
  0x0000022c49089f6c: 0000 00e9 | fbff ffff 

  0x0000022c49089f74: ;   {static_stub}
  0x0000022c49089f74: 9048 bb00 | 0000 0000 

  0x0000022c49089f7c: ;   {runtime_call}
  0x0000022c49089f7c: 0000 00e9 | fbff ffff 

  0x0000022c49089f84: ;   {static_stub}
  0x0000022c49089f84: 9048 bb00 | 0000 0000 

  0x0000022c49089f8c: ;   {runtime_call}
  0x0000022c49089f8c: 0000 00e9 | fbff ffff 

  0x0000022c49089f94: ;   {static_stub}
  0x0000022c49089f94: 9048 bb00 | 0000 0000 

  0x0000022c49089f9c: ;   {runtime_call}
  0x0000022c49089f9c: 0000 00e9 | fbff ffff 

  0x0000022c49089fa4: ;   {static_stub}
  0x0000022c49089fa4: 9048 bb00 | 0000 0000 

  0x0000022c49089fac: ;   {runtime_call}
  0x0000022c49089fac: 0000 00e9 | fbff ffff 

  0x0000022c49089fb4: ;   {static_stub}
  0x0000022c49089fb4: 9048 bb00 | 0000 0000 

  0x0000022c49089fbc: ;   {runtime_call}
  0x0000022c49089fbc: 0000 00e9 | fbff ffff 

  0x0000022c49089fc4: ;   {static_stub}
  0x0000022c49089fc4: 9048 bb00 | 0000 0000 

  0x0000022c49089fcc: ;   {runtime_call}
  0x0000022c49089fcc: 0000 00e9 | fbff ffff 

  0x0000022c49089fd4: ;   {static_stub}
  0x0000022c49089fd4: 9048 bb00 | 0000 0000 

  0x0000022c49089fdc: ;   {runtime_call}
  0x0000022c49089fdc: 0000 00e9 | fbff ffff 

  0x0000022c49089fe4: ;   {static_stub}
  0x0000022c49089fe4: 9048 bb00 | 0000 0000 

  0x0000022c49089fec: ;   {runtime_call}
  0x0000022c49089fec: 0000 00e9 | fbff ffff 

  0x0000022c49089ff4: ;   {static_stub}
  0x0000022c49089ff4: 9048 bb00 | 0000 0000 

  0x0000022c49089ffc: ;   {runtime_call}
  0x0000022c49089ffc: 0000 00e9 | fbff ffff 

  0x0000022c4908a004: ;   {static_stub}
  0x0000022c4908a004: 9048 bb00 | 0000 0000 

  0x0000022c4908a00c: ;   {runtime_call}
  0x0000022c4908a00c: 0000 00e9 | fbff ffff 

  0x0000022c4908a014: ;   {static_stub}
  0x0000022c4908a014: 9048 bb00 | 0000 0000 

  0x0000022c4908a01c: ;   {runtime_call}
  0x0000022c4908a01c: 0000 00e9 | fbff ffff 

  0x0000022c4908a024: ;   {static_stub}
  0x0000022c4908a024: 9048 bb00 | 0000 0000 

  0x0000022c4908a02c: ;   {runtime_call}
  0x0000022c4908a02c: 0000 00e9 | fbff ffff 

  0x0000022c4908a034: ;   {static_stub}
  0x0000022c4908a034: 9048 bb00 | 0000 0000 

  0x0000022c4908a03c: ;   {runtime_call}
  0x0000022c4908a03c: 0000 00e9 | fbff ffff 

  0x0000022c4908a044: ;   {static_stub}
  0x0000022c4908a044: 9048 bb00 | 0000 0000 

  0x0000022c4908a04c: ;   {runtime_call}
  0x0000022c4908a04c: 0000 00e9 | fbff ffff 

  0x0000022c4908a054: ;   {static_stub}
  0x0000022c4908a054: 9048 bb00 | 0000 0000 

  0x0000022c4908a05c: ;   {runtime_call}
  0x0000022c4908a05c: 0000 00e9 | fbff ffff 

  0x0000022c4908a064: ;   {static_stub}
  0x0000022c4908a064: 9048 bb00 | 0000 0000 

  0x0000022c4908a06c: ;   {runtime_call}
  0x0000022c4908a06c: 0000 00e9 | fbff ffff 

  0x0000022c4908a074: ;   {static_stub}
  0x0000022c4908a074: 9048 bb00 | 0000 0000 

  0x0000022c4908a07c: ;   {runtime_call}
  0x0000022c4908a07c: 0000 00e9 | fbff ffff 

  0x0000022c4908a084: ;   {static_stub}
  0x0000022c4908a084: 9048 bb00 | 0000 0000 

  0x0000022c4908a08c: ;   {runtime_call}
  0x0000022c4908a08c: 0000 00e9 | fbff ffff 

  0x0000022c4908a094: ;   {static_stub}
  0x0000022c4908a094: 9048 bb00 | 0000 0000 

  0x0000022c4908a09c: ;   {runtime_call}
  0x0000022c4908a09c: 0000 00e9 | fbff ffff 

  0x0000022c4908a0a4: ;   {static_stub}
  0x0000022c4908a0a4: 9048 bb00 | 0000 0000 

  0x0000022c4908a0ac: ;   {runtime_call}
  0x0000022c4908a0ac: 0000 00e9 | fbff ffff 

  0x0000022c4908a0b4: ;   {static_stub}
  0x0000022c4908a0b4: 9048 bb00 | 0000 0000 

  0x0000022c4908a0bc: ;   {runtime_call}
  0x0000022c4908a0bc: 0000 00e9 | fbff ffff 

  0x0000022c4908a0c4: ;   {static_stub}
  0x0000022c4908a0c4: 9048 bb00 | 0000 0000 

  0x0000022c4908a0cc: ;   {runtime_call}
  0x0000022c4908a0cc: 0000 00e9 | fbff ffff 

  0x0000022c4908a0d4: ;   {static_stub}
  0x0000022c4908a0d4: 9048 bb00 | 0000 0000 

  0x0000022c4908a0dc: ;   {runtime_call}
  0x0000022c4908a0dc: 0000 00e9 | fbff ffff 

  0x0000022c4908a0e4: ;   {static_stub}
  0x0000022c4908a0e4: 9048 bb00 | 0000 0000 

  0x0000022c4908a0ec: ;   {runtime_call}
  0x0000022c4908a0ec: 0000 00e9 | fbff ffff 

  0x0000022c4908a0f4: ;   {static_stub}
  0x0000022c4908a0f4: 9048 bb00 | 0000 0000 

  0x0000022c4908a0fc: ;   {runtime_call}
  0x0000022c4908a0fc: 0000 00e9 | fbff ffff 

  0x0000022c4908a104: ;   {static_stub}
  0x0000022c4908a104: 9048 bb00 | 0000 0000 

  0x0000022c4908a10c: ;   {runtime_call}
  0x0000022c4908a10c: 0000 00e9 | fbff ffff 

  0x0000022c4908a114: ;   {static_stub}
  0x0000022c4908a114: 9048 bb00 | 0000 0000 

  0x0000022c4908a11c: ;   {runtime_call}
  0x0000022c4908a11c: 0000 00e9 | fbff ffff 

  0x0000022c4908a124: ;   {static_stub}
  0x0000022c4908a124: 9048 bb00 | 0000 0000 

  0x0000022c4908a12c: ;   {runtime_call}
  0x0000022c4908a12c: 0000 00e9 | fbff ffff 

  0x0000022c4908a134: ;   {static_stub}
  0x0000022c4908a134: 9048 bb00 | 0000 0000 

  0x0000022c4908a13c: ;   {runtime_call}
  0x0000022c4908a13c: 0000 00e9 | fbff ffff 

  0x0000022c4908a144: ;   {static_stub}
  0x0000022c4908a144: 9048 bb00 | 0000 0000 

  0x0000022c4908a14c: ;   {runtime_call}
  0x0000022c4908a14c: 0000 00e9 | fbff ffff 

  0x0000022c4908a154: ;   {static_stub}
  0x0000022c4908a154: 9048 bb00 | 0000 0000 

  0x0000022c4908a15c: ;   {runtime_call}
  0x0000022c4908a15c: 0000 00e9 | fbff ffff 

  0x0000022c4908a164: ;   {static_stub}
  0x0000022c4908a164: 9048 bb00 | 0000 0000 

  0x0000022c4908a16c: ;   {runtime_call}
  0x0000022c4908a16c: 0000 00e9 | fbff ffff 

  0x0000022c4908a174: ;   {static_stub}
  0x0000022c4908a174: 9048 bb88 | 9788 792c 

  0x0000022c4908a17c: ;   {runtime_call I2C/C2I adapters}
  0x0000022c4908a17c: 0200 00e9 | 5df2 7f04 

  0x0000022c4908a184: ;   {static_stub}
  0x0000022c4908a184: 9048 bb00 | 0000 0000 

  0x0000022c4908a18c: ;   {runtime_call}
  0x0000022c4908a18c: 0000 00e9 | fbff ffff 

  0x0000022c4908a194: ;   {static_stub}
  0x0000022c4908a194: 9048 bb00 | 0000 0000 

  0x0000022c4908a19c: ;   {runtime_call}
  0x0000022c4908a19c: 0000 00e9 | fbff ffff 

  0x0000022c4908a1a4: ;   {static_stub}
  0x0000022c4908a1a4: 9048 bb00 | 0000 0000 

  0x0000022c4908a1ac: ;   {runtime_call}
  0x0000022c4908a1ac: 0000 00e9 | fbff ffff 

  0x0000022c4908a1b4: ;   {static_stub}
  0x0000022c4908a1b4: 9048 bb00 | 0000 0000 

  0x0000022c4908a1bc: ;   {runtime_call}
  0x0000022c4908a1bc: 0000 00e9 | fbff ffff 

  0x0000022c4908a1c4: ;   {static_stub}
  0x0000022c4908a1c4: 9048 bb00 | 0000 0000 

  0x0000022c4908a1cc: ;   {runtime_call}
  0x0000022c4908a1cc: 0000 00e9 | fbff ffff 

  0x0000022c4908a1d4: ;   {static_stub}
  0x0000022c4908a1d4: 9048 bb00 | 0000 0000 

  0x0000022c4908a1dc: ;   {runtime_call}
  0x0000022c4908a1dc: 0000 00e9 | fbff ffff 
[Exception Handler]
  0x0000022c4908a1e4: ;   {runtime_call handle_exception_from_callee Runtime1 stub}
  0x0000022c4908a1e4: e897 dc8a 

  0x0000022c4908a1e8: ;   {external_word}
  0x0000022c4908a1e8: 0448 b990 | f01c 23f8 | 7f00 0048 

  0x0000022c4908a1f4: ;   {runtime_call}
  0x0000022c4908a1f4: 83e4 f049 | ba20 ffea | 22f8 7f00 | 0041 ffd2 

  0x0000022c4908a204: ;   {section_word}
  0x0000022c4908a204: f449 ba05 | a208 492c | 0200 0041 

  0x0000022c4908a210: ;   {runtime_call DeoptimizationBlob}
  0x0000022c4908a210: 52e9 8a84 | 8004 f4f4 
[/MachCode]


Compiled method (c1)  116806 29969       3       com.sun.tools.javac.file.JavacFileManager$ArchiveContainer::close (8 bytes)
 total in heap  [0x0000022c4940f910,0x0000022c4940fd18] = 1032
 relocation     [0x0000022c4940fa68,0x0000022c4940faa8] = 64
 main code      [0x0000022c4940fac0,0x0000022c4940fc40] = 384
 stub code      [0x0000022c4940fc40,0x0000022c4940fc88] = 72
 oops           [0x0000022c4940fc88,0x0000022c4940fc90] = 8
 metadata       [0x0000022c4940fc90,0x0000022c4940fc98] = 8
 scopes data    [0x0000022c4940fc98,0x0000022c4940fcb0] = 24
 scopes pcs     [0x0000022c4940fcb0,0x0000022c4940fd00] = 80
 dependencies   [0x0000022c4940fd00,0x0000022c4940fd08] = 8
 nul chk table  [0x0000022c4940fd08,0x0000022c4940fd18] = 16

[Constant Pool (empty)]

[MachCode]
[Entry Point]
  # {method} {0x0000022c07769df0} 'close' '()V' in 'com/sun/tools/javac/file/JavacFileManager$ArchiveContainer'
  #           [sp+0x40]  (sp of caller)
  0x0000022c4940fac0: 448b 5208 | 49bb 0000 | 005d 2c02 | 0000 4d03 | d34c 3bd0 

  0x0000022c4940fad4: ;   {runtime_call ic_miss_stub}
  0x0000022c4940fad4: 0f85 a6cf | 4704 660f | 1f44 0000 
[Verified Entry Point]
  0x0000022c4940fae0: 8984 2400 | 90ff ff55 | 4883 ec30 

  0x0000022c4940faec: ;   {metadata(method data for {method} {0x0000022c07769df0} 'close' '()V' in 'com/sun/tools/javac/file/JavacFileManager$ArchiveContainer')}
  0x0000022c4940faec: 48be 3065 | 2a0e 2c02 | 0000 8bbe | cc00 0000 | 83c7 0289 | becc 0000 | 0081 e7fe | 0700 0083 
  0x0000022c4940fb0c: ff00 0f84 | c300 0000 | 8b52 1048 | 3b02 488b 

  0x0000022c4940fb1c: ;   {metadata(method data for {method} {0x0000022c07769df0} 'close' '()V' in 'com/sun/tools/javac/file/JavacFileManager$ArchiveContainer')}
  0x0000022c4940fb1c: f248 bf30 | 652a 0e2c | 0200 008b | 7608 49ba | 0000 005d | 2c02 0000 | 4903 f248 | 3bb7 2001 
  0x0000022c4940fb3c: 0000 750d | 4883 8728 | 0100 0001 | e966 0000 | 0048 3bb7 | 3001 0000 | 750d 4883 | 8738 0100 
  0x0000022c4940fb5c: 0001 e950 | 0000 0048 | 81bf 2001 | 0000 0000 | 0000 7517 | 4889 b720 | 0100 0048 | c787 2801 
  0x0000022c4940fb7c: 0000 0100 | 0000 e92c | 0000 0048 | 81bf 3001 | 0000 0000 | 0000 7517 | 4889 b730 | 0100 0048 
  0x0000022c4940fb9c: c787 3801 | 0000 0100 | 0000 e908 | 0000 0048 | 8387 1001 | 0000 0166 | 9048 b820 | 5e40 5e2c 
  0x0000022c4940fbbc: ;   {virtual_call}
  0x0000022c4940fbbc: 0200 00e8 

  0x0000022c4940fbc0: ; ImmutableOopMap {}
                      ;*invokevirtual close {reexecute=0 rethrow=0 return_oop=0}
                      ; - com.sun.tools.javac.file.JavacFileManager$ArchiveContainer::close@4 (line 670)
  0x0000022c4940fbc0: bc5e c7ff | 4883 c430 

  0x0000022c4940fbc8: ;   {poll_return}
  0x0000022c4940fbc8: 5d49 3ba7 | 4803 0000 | 0f87 2700 

  0x0000022c4940fbd4: ;   {metadata({method} {0x0000022c07769df0} 'close' '()V' in 'com/sun/tools/javac/file/JavacFileManager$ArchiveContainer')}
  0x0000022c4940fbd4: 0000 c349 | bae8 9d76 | 072c 0200 | 004c 8954 | 2408 48c7 | 0424 ffff 

  0x0000022c4940fbec: ;   {runtime_call counter_overflow Runtime1 stub}
  0x0000022c4940fbec: ffff e88d 

  0x0000022c4940fbf0: ; ImmutableOopMap {rdx=Oop }
                      ;*synchronization entry
                      ; - com.sun.tools.javac.file.JavacFileManager$ArchiveContainer::close@-1 (line 670)
  0x0000022c4940fbf0: b552 04e9 | 1cff ffff 

  0x0000022c4940fbf8: ;   {runtime_call throw_null_pointer_exception Runtime1 stub}
  0x0000022c4940fbf8: e8a3 5e52 

  0x0000022c4940fbfc: ; ImmutableOopMap {rdx=Oop }
                      ;*invokevirtual close {reexecute=0 rethrow=0 return_oop=0}
                      ; - com.sun.tools.javac.file.JavacFileManager$ArchiveContainer::close@4 (line 670)
                      ;   {internal_word}
  0x0000022c4940fbfc: 0449 bac9 | fb40 492c | 0200 004d | 8997 6003 

  0x0000022c4940fc0c: ;   {runtime_call SafepointBlob}
  0x0000022c4940fc0c: 0000 e9ed | 3748 0490 | 9049 8b87 | d803 0000 | 49c7 87d8 | 0300 0000 | 0000 0049 | c787 e003 
  0x0000022c4940fc2c: 0000 0000 | 0000 4883 

  0x0000022c4940fc34: ;   {runtime_call unwind_exception Runtime1 stub}
  0x0000022c4940fc34: c430 5de9 | c47b 4904 | f4f4 f4f4 
[Stub Code]
  0x0000022c4940fc40: ;   {no_reloc}
  0x0000022c4940fc40: 0f1f 4400 

  0x0000022c4940fc44: ;   {static_stub}
  0x0000022c4940fc44: 0048 bb00 | 0000 0000 

  0x0000022c4940fc4c: ;   {runtime_call}
  0x0000022c4940fc4c: 0000 00e9 | fbff ffff 
[Exception Handler]
  0x0000022c4940fc54: ;   {runtime_call handle_exception_from_callee Runtime1 stub}
  0x0000022c4940fc54: e827 8252 

  0x0000022c4940fc58: ;   {external_word}
  0x0000022c4940fc58: 0448 b990 | f01c 23f8 | 7f00 0048 

  0x0000022c4940fc64: ;   {runtime_call}
  0x0000022c4940fc64: 83e4 f049 | ba20 ffea | 22f8 7f00 | 0041 ffd2 

  0x0000022c4940fc74: ;   {section_word}
  0x0000022c4940fc74: f449 ba75 | fc40 492c | 0200 0041 

  0x0000022c4940fc80: ;   {runtime_call DeoptimizationBlob}
  0x0000022c4940fc80: 52e9 1a2a | 4804 f4f4 
[/MachCode]


---------------  P R O C E S S  ---------------

Threads class SMR info:
_java_thread_list=0x0000022c0c031f80, length=176, elements={
0x0000022c3ea50a50, 0x0000022c5cc96110, 0x0000022c5cc969e0, 0x0000022c5ccaee00,
0x0000022c5ccb06e0, 0x0000022c5ccb1750, 0x0000022c5ccb2020, 0x0000022c5ccbb130,
0x0000022c5ccbc7a0, 0x0000022c5ccc6020, 0x0000022c7c0edc90, 0x0000022c7c0ec340,
0x0000022c7c0ea4e0, 0x0000022c7c0ea9f0, 0x0000022c7c0eaf00, 0x0000022c7c0eb410,
0x0000022c7c0eb920, 0x0000022c7c0ebe30, 0x0000022c7c0ec850, 0x0000022c7c0ecd60,
0x0000022c7c0ed270, 0x0000022c7df452e0, 0x0000022c7df4b820, 0x0000022c7df46210,
0x0000022c7df443b0, 0x0000022c7df46c30, 0x0000022c7df47140, 0x0000022c7df47650,
0x0000022c7df48070, 0x0000022c7df45d00, 0x0000022c7df448c0, 0x0000022c7df48580,
0x0000022c7df48a90, 0x0000022c7df48fa0, 0x0000022c7df49ed0, 0x0000022c7df499c0,
0x0000022c7df4a8f0, 0x0000022c7df46720, 0x0000022c7df4bd30, 0x0000022c7df457f0,
0x0000022c7df4ae00, 0x0000022c7df4b310, 0x0000022c7f1ee820, 0x0000022c7f1f15b0,
0x0000022c7f1f1fd0, 0x0000022c7f1efc60, 0x0000022c7f1eba90, 0x0000022c7f1eced0,
0x0000022c7f1ee310, 0x0000022c7f1eb070, 0x0000022c7f1ebfa0, 0x0000022c7f1ed3e0,
0x0000022c7f1ec9c0, 0x0000022c7f1ed8f0, 0x0000022c7f1ec4b0, 0x0000022c7f1ede00,
0x0000022c7f1eed30, 0x0000022c7f1ef240, 0x0000022c7f1ef750, 0x0000022c7f1f0170,
0x0000022c7f1f0680, 0x0000022c7f1f0b90, 0x0000022c7f1f1ac0, 0x0000022c7f1f24e0,
0x0000022c7d7237a0, 0x0000022c7d720a10, 0x0000022c7d722d80, 0x0000022c7d720500,
0x0000022c7d71fae0, 0x0000022c7d723290, 0x0000022c7d7246d0, 0x0000022c7d71fff0,
0x0000022c7d7241c0, 0x0000022c7d7250f0, 0x0000022c7d722360, 0x0000022c7d724be0,
0x0000022c7d726020, 0x0000022c7d71ebb0, 0x0000022c7d720f20, 0x0000022c7d722870,
0x0000022c7d725600, 0x0000022c7d725b10, 0x0000022c7d726530, 0x0000022c7d71f0c0,
0x0000022c7d721430, 0x0000022c7d71f5d0, 0x0000022c7d721940, 0x0000022c7d721e50,
0x0000022c01895960, 0x0000022c01895e70, 0x0000022c01896380, 0x0000022c01892bd0,
0x0000022c01899b30, 0x0000022c01894520, 0x0000022c018935f0, 0x0000022c01894a30,
0x0000022c01894f40, 0x0000022c01895450, 0x0000022c01896890, 0x0000022c01896da0,
0x0000022c01893b00, 0x0000022c0189a040, 0x0000022c018986f0, 0x0000022c0189a550,
0x0000022c018930e0, 0x0000022c018977c0, 0x0000022c018972b0, 0x0000022c01894010,
0x0000022c01897cd0, 0x0000022c018981e0, 0x0000022c01898c00, 0x0000022c01899110,
0x0000022c01899620, 0x0000022c7fc359a0, 0x0000022c7fc34a70, 0x0000022c7fc37d10,
0x0000022c7fc36de0, 0x0000022c7fc368d0, 0x0000022c7fc34f80, 0x0000022c7fc35eb0,
0x0000022c7fc363c0, 0x0000022c7fc38220, 0x0000022c7fc38730, 0x0000022c7fc372f0,
0x0000022c7fc3c3f0, 0x0000022c7fc37800, 0x0000022c7fc35490, 0x0000022c7fc3bee0,
0x0000022c7fc3a590, 0x0000022c7fc3aaa0, 0x0000022c7fc38c40, 0x0000022c7fc39150,
0x0000022c7fc39660, 0x0000022c7fc3afb0, 0x0000022c7fc3b4c0, 0x0000022c7fc3b9d0,
0x0000022c7c0ed780, 0x0000022c00aafac0, 0x0000022c00aad240, 0x0000022c00aab3e0,
0x0000022c00aacd30, 0x0000022c086d47c0, 0x0000022c086d93b0, 0x0000022c086d9dd0,
0x0000022c086da7f0, 0x0000022c086d51e0, 0x0000022c086dad00, 0x0000022c086d56f0,
0x0000022c086db210, 0x0000022c0bf31620, 0x0000022c0bf33990, 0x0000022c0bf32a60,
0x0000022c0bf348c0, 0x0000022c0bf35d00, 0x0000022c0bf343b0, 0x0000022c0bf357f0,
0x0000022c0bf36c30, 0x0000022c086da2e0, 0x0000022c00aa9580, 0x0000022c086d7a60,
0x0000022c0c0a0100, 0x0000022c0c09e7b0, 0x0000022c0c09ecc0, 0x0000022c0c0a5c20,
0x0000022c0c0a3dc0, 0x0000022c0c0a47e0, 0x0000022c0c0a33a0, 0x0000022c0bf38fa0,
0x0000022c0bf32f70, 0x0000022c0bf33480, 0x0000022c086d7040, 0x0000022c086d98c0,
0x0000022c086d4cd0, 0x0000022c0c09f6e0, 0x0000022c7d723cb0, 0x0000022c0bf33ea0
}

Java Threads: ( => current thread )
  0x0000022c3ea50a50 JavaThread "main" [_thread_blocked, id=19052, stack(0x0000006221d00000,0x0000006221e00000)]
  0x0000022c5cc96110 JavaThread "Reference Handler" daemon [_thread_blocked, id=23092, stack(0x0000006222400000,0x0000006222500000)]
  0x0000022c5cc969e0 JavaThread "Finalizer" daemon [_thread_blocked, id=1836, stack(0x0000006222500000,0x0000006222600000)]
  0x0000022c5ccaee00 JavaThread "Signal Dispatcher" daemon [_thread_blocked, id=15036, stack(0x0000006222600000,0x0000006222700000)]
  0x0000022c5ccb06e0 JavaThread "Attach Listener" daemon [_thread_blocked, id=10664, stack(0x0000006222700000,0x0000006222800000)]
  0x0000022c5ccb1750 JavaThread "Service Thread" daemon [_thread_blocked, id=23960, stack(0x0000006222800000,0x0000006222900000)]
  0x0000022c5ccb2020 JavaThread "Monitor Deflation Thread" daemon [_thread_blocked, id=7224, stack(0x0000006222900000,0x0000006222a00000)]
  0x0000022c5ccbb130 JavaThread "C2 CompilerThread0" daemon [_thread_blocked, id=1500, stack(0x0000006222a00000,0x0000006222b00000)]
  0x0000022c5ccbc7a0 JavaThread "C1 CompilerThread0" daemon [_thread_blocked, id=22964, stack(0x0000006222b00000,0x0000006222c00000)]
  0x0000022c5ccc6020 JavaThread "Sweeper thread" daemon [_thread_blocked, id=1708, stack(0x0000006222c00000,0x0000006222d00000)]
  0x0000022c7c0edc90 JavaThread "Common-Cleaner" daemon [_thread_blocked, id=13596, stack(0x0000006222d00000,0x0000006222e00000)]
  0x0000022c7c0ec340 JavaThread "Notification Thread" daemon [_thread_blocked, id=20016, stack(0x0000006222e00000,0x0000006222f00000)]
  0x0000022c7c0ea4e0 JavaThread "Daemon health stats" [_thread_blocked, id=13360, stack(0x0000006223100000,0x0000006223200000)]
  0x0000022c7c0ea9f0 JavaThread "Incoming local TCP Connector on port 51490" [_thread_in_native, id=8852, stack(0x0000006223800000,0x0000006223900000)]
  0x0000022c7c0eaf00 JavaThread "Daemon periodic checks" [_thread_blocked, id=4504, stack(0x0000006223900000,0x0000006223a00000)]
  0x0000022c7c0eb410 JavaThread "Daemon" [_thread_blocked, id=1932, stack(0x0000006223a00000,0x0000006223b00000)]
  0x0000022c7c0eb920 JavaThread "Handler for socket connection from /127.0.0.1:51490 to /127.0.0.1:51491" [_thread_in_native, id=20128, stack(0x0000006223b00000,0x0000006223c00000)]
  0x0000022c7c0ebe30 JavaThread "Cancel handler" [_thread_blocked, id=9312, stack(0x0000006223c00000,0x0000006223d00000)]
  0x0000022c7c0ec850 JavaThread "Daemon worker" [_thread_blocked, id=12708, stack(0x0000006223d00000,0x0000006223e00000)]
  0x0000022c7c0ecd60 JavaThread "Asynchronous log dispatcher for DefaultDaemonConnection: socket connection from /127.0.0.1:51490 to /127.0.0.1:51491" [_thread_blocked, id=2124, stack(0x0000006223e00000,0x0000006223f00000)]
  0x0000022c7c0ed270 JavaThread "Stdin handler" [_thread_blocked, id=2480, stack(0x0000006223f00000,0x0000006224000000)]
  0x0000022c7df452e0 JavaThread "Daemon client event forwarder" [_thread_blocked, id=16032, stack(0x0000006224000000,0x0000006224100000)]
  0x0000022c7df4b820 JavaThread "Cache worker for journal cache (C:\Users\Hamza tabani\.gradle\caches\journal-1)" [_thread_blocked, id=18284, stack(0x0000006224100000,0x0000006224200000)]
  0x0000022c7df46210 JavaThread "File lock request listener" [_thread_in_native, id=18328, stack(0x0000006224200000,0x0000006224300000)]
  0x0000022c7df443b0 JavaThread "Cache worker for file hash cache (C:\Users\Hamza tabani\.gradle\caches\8.13\fileHashes)" [_thread_blocked, id=8016, stack(0x0000006224300000,0x0000006224400000)]
  0x0000022c7df46c30 JavaThread "Cache worker for file hash cache (D:\PostUp\android\.gradle\8.13\fileHashes)" [_thread_blocked, id=11452, stack(0x0000006224500000,0x0000006224600000)]
  0x0000022c7df47140 JavaThread "Cache worker for Build Output Cleanup Cache (D:\PostUp\android\.gradle\buildOutputCleanup)" [_thread_blocked, id=18456, stack(0x0000006224600000,0x0000006224700000)]
  0x0000022c7df47650 JavaThread "File watcher server" daemon [_thread_in_native, id=21956, stack(0x0000006224a00000,0x0000006224b00000)]
  0x0000022c7df48070 JavaThread "File watcher consumer" daemon [_thread_blocked, id=22396, stack(0x0000006224b00000,0x0000006224c00000)]
  0x0000022c7df45d00 JavaThread "jar transforms" [_thread_blocked, id=22508, stack(0x0000006224c00000,0x0000006224d00000)]
  0x0000022c7df448c0 JavaThread "Cache worker for checksums cache (D:\PostUp\android\.gradle\8.13\checksums)" [_thread_blocked, id=23580, stack(0x0000006224d00000,0x0000006224e00000)]
  0x0000022c7df48580 JavaThread "Cache worker for file content cache (C:\Users\Hamza tabani\.gradle\caches\8.13\fileContent)" [_thread_blocked, id=19876, stack(0x0000006224e00000,0x0000006224f00000)]
  0x0000022c7df48a90 JavaThread "Cache worker for cache directory md-supplier (C:\Users\Hamza tabani\.gradle\caches\8.13\md-supplier)" [_thread_blocked, id=22460, stack(0x0000006224f00000,0x0000006225000000)]
  0x0000022c7df48fa0 JavaThread "Cache worker for cache directory md-rule (C:\Users\Hamza tabani\.gradle\caches\8.13\md-rule)" [_thread_blocked, id=10796, stack(0x0000006225000000,0x0000006225100000)]
  0x0000022c7df49ed0 JavaThread "Cache worker for Build Output Cleanup Cache (D:\PostUp\node_modules\@react-native\gradle-plugin\.gradle\buildOutputCleanup)" [_thread_blocked, id=10020, stack(0x0000006225100000,0x0000006225200000)]
  0x0000022c7df499c0 JavaThread "Unconstrained build operations" [_thread_blocked, id=18364, stack(0x0000006225300000,0x0000006225400000)]
  0x0000022c7df4a8f0 JavaThread "Unconstrained build operations Thread 2" [_thread_blocked, id=24212, stack(0x0000006225400000,0x0000006225500000)]
  0x0000022c7df46720 JavaThread "Unconstrained build operations Thread 3" [_thread_blocked, id=21508, stack(0x0000006225500000,0x0000006225600000)]
  0x0000022c7df4bd30 JavaThread "Unconstrained build operations Thread 4" [_thread_blocked, id=1760, stack(0x0000006225600000,0x0000006225700000)]
  0x0000022c7df457f0 JavaThread "Unconstrained build operations Thread 5" [_thread_blocked, id=10532, stack(0x0000006225700000,0x0000006225800000)]
  0x0000022c7df4ae00 JavaThread "Unconstrained build operations Thread 6" [_thread_blocked, id=24132, stack(0x0000006225800000,0x0000006225900000)]
  0x0000022c7df4b310 JavaThread "Unconstrained build operations Thread 7" [_thread_blocked, id=19116, stack(0x0000006224400000,0x0000006224500000)]
  0x0000022c7f1ee820 JavaThread "Unconstrained build operations Thread 8" [_thread_blocked, id=21056, stack(0x0000006225900000,0x0000006225a00000)]
  0x0000022c7f1f15b0 JavaThread "Unconstrained build operations Thread 9" [_thread_blocked, id=23732, stack(0x0000006225a00000,0x0000006225b00000)]
  0x0000022c7f1f1fd0 JavaThread "Unconstrained build operations Thread 10" [_thread_blocked, id=23224, stack(0x0000006225b00000,0x0000006225c00000)]
  0x0000022c7f1efc60 JavaThread "Unconstrained build operations Thread 11" [_thread_blocked, id=14872, stack(0x0000006225c00000,0x0000006225d00000)]
  0x0000022c7f1eba90 JavaThread "Unconstrained build operations Thread 12" [_thread_blocked, id=11160, stack(0x0000006225d00000,0x0000006225e00000)]
  0x0000022c7f1eced0 JavaThread "Unconstrained build operations Thread 13" [_thread_blocked, id=14404, stack(0x0000006225e00000,0x0000006225f00000)]
  0x0000022c7f1ee310 JavaThread "Unconstrained build operations Thread 14" [_thread_blocked, id=24048, stack(0x0000006225f00000,0x0000006226000000)]
  0x0000022c7f1eb070 JavaThread "Unconstrained build operations Thread 15" [_thread_blocked, id=24016, stack(0x0000006226000000,0x0000006226100000)]
  0x0000022c7f1ebfa0 JavaThread "Unconstrained build operations Thread 16" [_thread_blocked, id=22936, stack(0x0000006226100000,0x0000006226200000)]
  0x0000022c7f1ed3e0 JavaThread "Unconstrained build operations Thread 17" [_thread_blocked, id=11676, stack(0x0000006226200000,0x0000006226300000)]
  0x0000022c7f1ec9c0 JavaThread "Unconstrained build operations Thread 18" [_thread_blocked, id=20572, stack(0x0000006226300000,0x0000006226400000)]
  0x0000022c7f1ed8f0 JavaThread "Unconstrained build operations Thread 19" [_thread_blocked, id=23264, stack(0x0000006226400000,0x0000006226500000)]
  0x0000022c7f1ec4b0 JavaThread "Unconstrained build operations Thread 20" [_thread_blocked, id=13108, stack(0x0000006226500000,0x0000006226600000)]
  0x0000022c7f1ede00 JavaThread "Unconstrained build operations Thread 21" [_thread_blocked, id=8252, stack(0x0000006226600000,0x0000006226700000)]
  0x0000022c7f1eed30 JavaThread "Unconstrained build operations Thread 22" [_thread_blocked, id=17276, stack(0x0000006226700000,0x0000006226800000)]
  0x0000022c7f1ef240 JavaThread "Unconstrained build operations Thread 23" [_thread_blocked, id=8488, stack(0x0000006226800000,0x0000006226900000)]
  0x0000022c7f1ef750 JavaThread "Unconstrained build operations Thread 24" [_thread_blocked, id=24304, stack(0x0000006226900000,0x0000006226a00000)]
  0x0000022c7f1f0170 JavaThread "Unconstrained build operations Thread 25" [_thread_blocked, id=9292, stack(0x0000006226a00000,0x0000006226b00000)]
  0x0000022c7f1f0680 JavaThread "Unconstrained build operations Thread 26" [_thread_blocked, id=15632, stack(0x0000006226b00000,0x0000006226c00000)]
  0x0000022c7f1f0b90 JavaThread "Unconstrained build operations Thread 27" [_thread_blocked, id=12596, stack(0x0000006226c00000,0x0000006226d00000)]
  0x0000022c7f1f1ac0 JavaThread "build event listener" [_thread_blocked, id=20240, stack(0x0000006226e00000,0x0000006226f00000)]
  0x0000022c7f1f24e0 JavaThread "Memory manager" [_thread_blocked, id=23844, stack(0x0000006223000000,0x0000006223100000)]
  0x0000022c7d7237a0 JavaThread "ForkJoinPool.commonPool-worker-1" daemon [_thread_blocked, id=11476, stack(0x0000006227000000,0x0000006227100000)]
  0x0000022c7d720a10 JavaThread "ForkJoinPool.commonPool-worker-2" daemon [_thread_blocked, id=8880, stack(0x0000006227100000,0x0000006227200000)]
  0x0000022c7d722d80 JavaThread "ForkJoinPool.commonPool-worker-3" daemon [_thread_blocked, id=22324, stack(0x0000006227200000,0x0000006227300000)]
  0x0000022c7d720500 JavaThread "ForkJoinPool.commonPool-worker-5" daemon [_thread_blocked, id=24556, stack(0x0000006227400000,0x0000006227500000)]
  0x0000022c7d71fae0 JavaThread "ForkJoinPool.commonPool-worker-6" daemon [_thread_blocked, id=23016, stack(0x0000006227500000,0x0000006227600000)]
  0x0000022c7d723290 JavaThread "ForkJoinPool.commonPool-worker-7" daemon [_thread_blocked, id=21008, stack(0x0000006227600000,0x0000006227700000)]
  0x0000022c7d7246d0 JavaThread "included builds" [_thread_blocked, id=24464, stack(0x0000006227700000,0x0000006227800000)]
  0x0000022c7d71fff0 JavaThread "Execution worker" [_thread_blocked, id=19580, stack(0x0000006227800000,0x0000006227900000)]
=>0x0000022c7d7241c0 JavaThread "Execution worker Thread 2" [_thread_in_vm, id=15948, stack(0x0000006227900000,0x0000006227a00000)]
  0x0000022c7d7250f0 JavaThread "Execution worker Thread 3" [_thread_blocked, id=14976, stack(0x0000006227a00000,0x0000006227b00000)]
  0x0000022c7d722360 JavaThread "Execution worker Thread 4" [_thread_blocked, id=2256, stack(0x0000006227b00000,0x0000006227c00000)]
  0x0000022c7d724be0 JavaThread "Execution worker Thread 5" [_thread_blocked, id=17400, stack(0x0000006227c00000,0x0000006227d00000)]
  0x0000022c7d726020 JavaThread "Execution worker Thread 6" [_thread_blocked, id=22864, stack(0x0000006227d00000,0x0000006227e00000)]
  0x0000022c7d71ebb0 JavaThread "Execution worker Thread 7" [_thread_blocked, id=22564, stack(0x0000006227e00000,0x0000006227f00000)]
  0x0000022c7d720f20 JavaThread "Cache worker for execution history cache (D:\PostUp\node_modules\@react-native\gradle-plugin\.gradle\8.13\executionHistory)" [_thread_blocked, id=24528, stack(0x0000006227f00000,0x0000006228000000)]
  0x0000022c7d722870 JavaThread "Unconstrained build operations Thread 28" [_thread_blocked, id=22912, stack(0x0000006226f00000,0x0000006227000000)]
  0x0000022c7d725600 JavaThread "Unconstrained build operations Thread 29" [_thread_blocked, id=8812, stack(0x0000006228000000,0x0000006228100000)]
  0x0000022c7d725b10 JavaThread "Unconstrained build operations Thread 30" [_thread_blocked, id=1256, stack(0x0000006228100000,0x0000006228200000)]
  0x0000022c7d726530 JavaThread "Unconstrained build operations Thread 31" [_thread_blocked, id=2876, stack(0x0000006228200000,0x0000006228300000)]
  0x0000022c7d71f0c0 JavaThread "Unconstrained build operations Thread 32" [_thread_blocked, id=8, stack(0x0000006228300000,0x0000006228400000)]
  0x0000022c7d721430 JavaThread "Unconstrained build operations Thread 33" [_thread_blocked, id=9604, stack(0x0000006228400000,0x0000006228500000)]
  0x0000022c7d71f5d0 JavaThread "Unconstrained build operations Thread 34" [_thread_blocked, id=20468, stack(0x0000006228500000,0x0000006228600000)]
  0x0000022c7d721940 JavaThread "Unconstrained build operations Thread 35" [_thread_blocked, id=11316, stack(0x0000006228600000,0x0000006228700000)]
  0x0000022c7d721e50 JavaThread "Unconstrained build operations Thread 36" [_thread_blocked, id=5084, stack(0x0000006228700000,0x0000006228800000)]
  0x0000022c01895960 JavaThread "Unconstrained build operations Thread 37" [_thread_blocked, id=12712, stack(0x0000006228800000,0x0000006228900000)]
  0x0000022c01895e70 JavaThread "Unconstrained build operations Thread 38" [_thread_blocked, id=14096, stack(0x0000006228900000,0x0000006228a00000)]
  0x0000022c01896380 JavaThread "Unconstrained build operations Thread 39" [_thread_blocked, id=22328, stack(0x0000006228a00000,0x0000006228b00000)]
  0x0000022c01892bd0 JavaThread "Unconstrained build operations Thread 40" [_thread_blocked, id=11500, stack(0x0000006228b00000,0x0000006228c00000)]
  0x0000022c01899b30 JavaThread "Unconstrained build operations Thread 41" [_thread_blocked, id=21764, stack(0x0000006228c00000,0x0000006228d00000)]
  0x0000022c01894520 JavaThread "Unconstrained build operations Thread 42" [_thread_blocked, id=23684, stack(0x0000006228d00000,0x0000006228e00000)]
  0x0000022c018935f0 JavaThread "Unconstrained build operations Thread 43" [_thread_blocked, id=23640, stack(0x0000006228e00000,0x0000006228f00000)]
  0x0000022c01894a30 JavaThread "Unconstrained build operations Thread 44" [_thread_blocked, id=5224, stack(0x0000006228f00000,0x0000006229000000)]
  0x0000022c01894f40 JavaThread "Unconstrained build operations Thread 45" [_thread_blocked, id=23704, stack(0x0000006229000000,0x0000006229100000)]
  0x0000022c01895450 JavaThread "Unconstrained build operations Thread 46" [_thread_blocked, id=10140, stack(0x0000006229100000,0x0000006229200000)]
  0x0000022c01896890 JavaThread "Unconstrained build operations Thread 47" [_thread_blocked, id=7920, stack(0x0000006229200000,0x0000006229300000)]
  0x0000022c01896da0 JavaThread "Unconstrained build operations Thread 48" [_thread_blocked, id=3848, stack(0x0000006229300000,0x0000006229400000)]
  0x0000022c01893b00 JavaThread "Unconstrained build operations Thread 49" [_thread_blocked, id=24196, stack(0x0000006226d00000,0x0000006226e00000)]
  0x0000022c0189a040 JavaThread "Unconstrained build operations Thread 50" [_thread_blocked, id=18668, stack(0x0000006229400000,0x0000006229500000)]
  0x0000022c018986f0 JavaThread "Unconstrained build operations Thread 51" [_thread_blocked, id=11560, stack(0x0000006229500000,0x0000006229600000)]
  0x0000022c0189a550 JavaThread "Unconstrained build operations Thread 52" [_thread_blocked, id=4420, stack(0x0000006229600000,0x0000006229700000)]
  0x0000022c018930e0 JavaThread "Unconstrained build operations Thread 53" [_thread_blocked, id=3180, stack(0x0000006229700000,0x0000006229800000)]
  0x0000022c018977c0 JavaThread "Unconstrained build operations Thread 54" [_thread_blocked, id=6440, stack(0x0000006229800000,0x0000006229900000)]
  0x0000022c018972b0 JavaThread "Unconstrained build operations Thread 55" [_thread_blocked, id=12716, stack(0x0000006229900000,0x0000006229a00000)]
  0x0000022c01894010 JavaThread "Unconstrained build operations Thread 56" [_thread_blocked, id=22688, stack(0x0000006229a00000,0x0000006229b00000)]
  0x0000022c01897cd0 JavaThread "Unconstrained build operations Thread 57" [_thread_blocked, id=22256, stack(0x0000006229b00000,0x0000006229c00000)]
  0x0000022c018981e0 JavaThread "Unconstrained build operations Thread 58" [_thread_blocked, id=8148, stack(0x0000006229c00000,0x0000006229d00000)]
  0x0000022c01898c00 JavaThread "Unconstrained build operations Thread 59" [_thread_blocked, id=19308, stack(0x0000006229d00000,0x0000006229e00000)]
  0x0000022c01899110 JavaThread "Unconstrained build operations Thread 60" [_thread_blocked, id=23240, stack(0x0000006229e00000,0x0000006229f00000)]
  0x0000022c01899620 JavaThread "Unconstrained build operations Thread 61" [_thread_blocked, id=6140, stack(0x0000006229f00000,0x000000622a000000)]
  0x0000022c7fc359a0 JavaThread "Unconstrained build operations Thread 62" [_thread_blocked, id=21668, stack(0x000000622a000000,0x000000622a100000)]
  0x0000022c7fc34a70 JavaThread "Unconstrained build operations Thread 63" [_thread_blocked, id=3624, stack(0x000000622a100000,0x000000622a200000)]
  0x0000022c7fc37d10 JavaThread "Unconstrained build operations Thread 64" [_thread_blocked, id=19044, stack(0x000000622a300000,0x000000622a400000)]
  0x0000022c7fc36de0 JavaThread "Unconstrained build operations Thread 65" [_thread_blocked, id=18664, stack(0x000000622a400000,0x000000622a500000)]
  0x0000022c7fc368d0 JavaThread "Unconstrained build operations Thread 66" [_thread_blocked, id=22244, stack(0x000000622a500000,0x000000622a600000)]
  0x0000022c7fc34f80 JavaThread "Unconstrained build operations Thread 67" [_thread_blocked, id=23340, stack(0x000000622a600000,0x000000622a700000)]
  0x0000022c7fc35eb0 JavaThread "Unconstrained build operations Thread 68" [_thread_blocked, id=13512, stack(0x000000622a700000,0x000000622a800000)]
  0x0000022c7fc363c0 JavaThread "Unconstrained build operations Thread 69" [_thread_blocked, id=10468, stack(0x000000622a800000,0x000000622a900000)]
  0x0000022c7fc38220 JavaThread "Unconstrained build operations Thread 70" [_thread_blocked, id=2616, stack(0x000000622a900000,0x000000622aa00000)]
  0x0000022c7fc38730 JavaThread "Unconstrained build operations Thread 71" [_thread_blocked, id=1744, stack(0x000000622aa00000,0x000000622ab00000)]
  0x0000022c7fc372f0 JavaThread "Unconstrained build operations Thread 72" [_thread_blocked, id=14972, stack(0x000000622ab00000,0x000000622ac00000)]
  0x0000022c7fc3c3f0 JavaThread "Unconstrained build operations Thread 73" [_thread_blocked, id=22520, stack(0x000000622ac00000,0x000000622ad00000)]
  0x0000022c7fc37800 JavaThread "Unconstrained build operations Thread 74" [_thread_blocked, id=16848, stack(0x000000622ad00000,0x000000622ae00000)]
  0x0000022c7fc35490 JavaThread "Unconstrained build operations Thread 75" [_thread_blocked, id=12784, stack(0x000000622ae00000,0x000000622af00000)]
  0x0000022c7fc3bee0 JavaThread "Unconstrained build operations Thread 76" [_thread_blocked, id=1908, stack(0x000000622af00000,0x000000622b000000)]
  0x0000022c7fc3a590 JavaThread "Unconstrained build operations Thread 77" [_thread_blocked, id=19808, stack(0x000000622b000000,0x000000622b100000)]
  0x0000022c7fc3aaa0 JavaThread "jar transforms Thread 2" [_thread_blocked, id=15568, stack(0x000000622a200000,0x000000622a300000)]
  0x0000022c7fc38c40 JavaThread "jar transforms Thread 3" [_thread_blocked, id=18260, stack(0x000000622b100000,0x000000622b200000)]
  0x0000022c7fc39150 JavaThread "Unconstrained build operations Thread 78" [_thread_blocked, id=7968, stack(0x000000622b200000,0x000000622b300000)]
  0x0000022c7fc39660 JavaThread "Unconstrained build operations Thread 79" [_thread_blocked, id=10416, stack(0x000000622b300000,0x000000622b400000)]
  0x0000022c7fc3afb0 JavaThread "Unconstrained build operations Thread 80" [_thread_blocked, id=1728, stack(0x000000622b400000,0x000000622b500000)]
  0x0000022c7fc3b4c0 JavaThread "jar transforms Thread 4" [_thread_blocked, id=24200, stack(0x000000622b700000,0x000000622b800000)]
  0x0000022c7fc3b9d0 JavaThread "jar transforms Thread 5" [_thread_blocked, id=19248, stack(0x000000622b500000,0x000000622b600000)]
  0x0000022c7c0ed780 JavaThread "jar transforms Thread 6" [_thread_blocked, id=15340, stack(0x000000622b600000,0x000000622b700000)]
  0x0000022c00aafac0 JavaThread "Problems report writer" [_thread_blocked, id=22136, stack(0x000000622ba00000,0x000000622bb00000)]
  0x0000022c00aad240 JavaThread "build event listener" [_thread_blocked, id=19296, stack(0x000000622bb00000,0x000000622bc00000)]
  0x0000022c00aab3e0 JavaThread "jar transforms Thread 7" [_thread_blocked, id=13100, stack(0x000000622bc00000,0x000000622bd00000)]
  0x0000022c00aacd30 JavaThread "jar transforms Thread 8" [_thread_blocked, id=12216, stack(0x000000622bd00000,0x000000622be00000)]
  0x0000022c086d47c0 JavaThread "Cache worker for execution history cache (D:\PostUp\android\.gradle\8.13\executionHistory)" [_thread_blocked, id=21736, stack(0x000000622c500000,0x000000622c600000)]
  0x0000022c086d93b0 JavaThread "WorkerExecutor Queue" [_thread_blocked, id=12300, stack(0x000000622b800000,0x000000622b900000)]
  0x0000022c086d9dd0 JavaThread "WorkerExecutor Queue Thread 2" [_thread_in_native, id=3904, stack(0x000000622bf00000,0x000000622c000000)]
  0x0000022c086da7f0 JavaThread "WorkerExecutor Queue Thread 4" [_thread_blocked, id=18816, stack(0x000000622c800000,0x000000622c900000)]
  0x0000022c086d51e0 JavaThread "WorkerExecutor Queue Thread 5" [_thread_blocked, id=21772, stack(0x000000622c600000,0x000000622c700000)]
  0x0000022c086dad00 JavaThread "WorkerExecutor Queue Thread 6" [_thread_in_native, id=8892, stack(0x000000622ca00000,0x000000622cb00000)]
  0x0000022c086d56f0 JavaThread "WorkerExecutor Queue Thread 7" [_thread_in_native, id=500, stack(0x000000622cb00000,0x000000622cc00000)]
  0x0000022c086db210 JavaThread "WorkerExecutor Queue Thread 8" [_thread_blocked, id=14196, stack(0x000000622cc00000,0x000000622cd00000)]
  0x0000022c0bf31620 JavaThread "Cache worker for Java compile cache (C:\Users\Hamza tabani\.gradle\caches\8.13\javaCompile)" [_thread_blocked, id=8140, stack(0x000000622cf00000,0x000000622d000000)]
  0x0000022c0bf33990 JavaThread "Build operations" [_thread_blocked, id=484, stack(0x000000622c700000,0x000000622c800000)]
  0x0000022c0bf32a60 JavaThread "Build operations Thread 2" [_thread_blocked, id=22660, stack(0x000000622d000000,0x000000622d100000)]
  0x0000022c0bf348c0 JavaThread "Build operations Thread 3" [_thread_blocked, id=14444, stack(0x000000622d100000,0x000000622d200000)]
  0x0000022c0bf35d00 JavaThread "Build operations Thread 4" [_thread_blocked, id=5360, stack(0x000000622d200000,0x000000622d300000)]
  0x0000022c0bf343b0 JavaThread "Build operations Thread 5" [_thread_blocked, id=12348, stack(0x000000622d300000,0x000000622d400000)]
  0x0000022c0bf357f0 JavaThread "Build operations Thread 6" [_thread_blocked, id=4932, stack(0x000000622d400000,0x000000622d500000)]
  0x0000022c0bf36c30 JavaThread "Build operations Thread 7" [_thread_blocked, id=6580, stack(0x000000622d500000,0x000000622d600000)]
  0x0000022c086da2e0 JavaThread "pool-3-thread-1" [_thread_blocked, id=24560, stack(0x000000622d600000,0x000000622d700000)]
  0x0000022c00aa9580 JavaThread "stderr" [_thread_in_native, id=12580, stack(0x000000622d700000,0x000000622d800000)]
  0x0000022c086d7a60 JavaThread "stdout" [_thread_in_native, id=2712, stack(0x000000622d800000,0x000000622d900000)]
  0x0000022c0c0a0100 JavaThread "RMI Scheduler(0)" daemon [_thread_blocked, id=7740, stack(0x0000006221a00000,0x0000006221b00000)]
  0x0000022c0c09e7b0 JavaThread "RMI RenewClean-[127.0.0.1:17396,org.jetbrains.kotlin.daemon.common.LoopbackNetworkInterface$ClientLoopbackSocketFactory@77b9ecbf]" daemon [_thread_blocked, id=12620, stack(0x000000622da00000,0x000000622db00000)]
  0x0000022c0c09ecc0 JavaThread "RMI GC Daemon" daemon [_thread_blocked, id=6832, stack(0x000000622db00000,0x000000622dc00000)]
  0x0000022c0c0a5c20 JavaThread "RMI TCP Accept-0" daemon [_thread_in_native, id=23436, stack(0x000000622dc00000,0x000000622dd00000)]
  0x0000022c0c0a3dc0 JavaThread "RMI Reaper" [_thread_blocked, id=19632, stack(0x000000622dd00000,0x000000622de00000)]
  0x0000022c0c0a47e0 JavaThread "RMI TCP Connection(5)-127.0.0.1" daemon [_thread_in_native, id=23928, stack(0x000000622de00000,0x000000622df00000)]
  0x0000022c0c0a33a0 JavaThread "Build operations Thread 8" [_thread_blocked, id=19664, stack(0x0000006221b00000,0x0000006221c00000)]
  0x0000022c0bf38fa0 JavaThread "RMI RenewClean-[127.0.0.1:17396,org.jetbrains.kotlin.daemon.common.LoopbackNetworkInterface$ClientLoopbackSocketFactory@1224fc8f]" daemon [_thread_blocked, id=12484, stack(0x000000622c000000,0x000000622c100000)]
  0x0000022c0bf32f70 JavaThread "RMI TCP Connection(idle)" daemon [_thread_blocked, id=17112, stack(0x000000622c100000,0x000000622c200000)]
  0x0000022c0bf33480 JavaThread "RMI RenewClean-[127.0.0.1:17396,org.jetbrains.kotlin.daemon.common.LoopbackNetworkInterface$ClientLoopbackSocketFactory@251eced3]" daemon [_thread_blocked, id=10384, stack(0x000000622c200000,0x000000622c300000)]
  0x0000022c086d7040 JavaThread "RMI TCP Connection(3)-127.0.0.1" daemon [_thread_in_native, id=19704, stack(0x000000622df00000,0x000000622e000000)]
  0x0000022c086d98c0 JavaThread "RMI RenewClean-[127.0.0.1:17396,org.jetbrains.kotlin.daemon.common.LoopbackNetworkInterface$ClientLoopbackSocketFactory@66b89741]" daemon [_thread_blocked, id=14768, stack(0x000000622e000000,0x000000622e100000)]
  0x0000022c086d4cd0 JavaThread "RMI TCP Connection(idle)" daemon [_thread_blocked, id=7580, stack(0x000000622e100000,0x000000622e200000)]
  0x0000022c0c09f6e0 JavaThread "RMI RenewClean-[127.0.0.1:17396,org.jetbrains.kotlin.daemon.common.LoopbackNetworkInterface$ClientLoopbackSocketFactory@64609691]" daemon [_thread_blocked, id=10360, stack(0x0000006227300000,0x0000006227400000)]
  0x0000022c7d723cb0 JavaThread "WorkerExecutor Queue Thread 10" [_thread_blocked, id=6364, stack(0x0000006221c00000,0x0000006221d00000)]
  0x0000022c0bf33ea0 JavaThread "RMI TCP Connection(6)-127.0.0.1" daemon [_thread_in_native, id=9892, stack(0x000000622ce00000,0x000000622cf00000)]

Other Threads:
  0x0000022c5cc910b0 VMThread "VM Thread" [stack: 0x0000006222300000,0x0000006222400000] [id=19488]
  0x0000022c3eac73e0 WatcherThread [stack: 0x0000006222f00000,0x0000006223000000] [id=1328]
  0x0000022c3eaa9f30 GCTaskThread "GC Thread#0" [stack: 0x0000006221e00000,0x0000006221f00000] [id=21676]
  0x0000022c7c31f890 GCTaskThread "GC Thread#1" [stack: 0x0000006223200000,0x0000006223300000] [id=7192]
  0x0000022c7c764eb0 GCTaskThread "GC Thread#2" [stack: 0x0000006223300000,0x0000006223400000] [id=24204]
  0x0000022c7c2eb030 GCTaskThread "GC Thread#3" [stack: 0x0000006223400000,0x0000006223500000] [id=24296]
  0x0000022c7c68b0f0 GCTaskThread "GC Thread#4" [stack: 0x0000006223500000,0x0000006223600000] [id=21324]
  0x0000022c7c695810 GCTaskThread "GC Thread#5" [stack: 0x0000006223600000,0x0000006223700000] [id=15376]
  0x0000022c00e036c0 GCTaskThread "GC Thread#6" [stack: 0x0000006224700000,0x0000006224800000] [id=14016]
  0x0000022c0031db10 GCTaskThread "GC Thread#7" [stack: 0x0000006224800000,0x0000006224900000] [id=22804]
  0x0000022c3eabbb40 ConcurrentGCThread "G1 Main Marker" [stack: 0x0000006221f00000,0x0000006222000000] [id=19224]
  0x0000022c3eabc200 ConcurrentGCThread "G1 Conc#0" [stack: 0x0000006222000000,0x0000006222100000] [id=6824]
  0x0000022c7fb790b0 ConcurrentGCThread "G1 Conc#1" [stack: 0x0000006224900000,0x0000006224a00000] [id=19548]
  0x0000022c3eb1de30 ConcurrentGCThread "G1 Refine#0" [stack: 0x0000006222100000,0x0000006222200000] [id=7748]
  0x0000022c7d0974e0 ConcurrentGCThread "G1 Refine#1" [stack: 0x0000006223700000,0x0000006223800000] [id=8720]
  0x0000022c01bfa5d0 ConcurrentGCThread "G1 Refine#2" [stack: 0x000000622c300000,0x000000622c400000] [id=7948]
  0x0000022c7e5dee30 ConcurrentGCThread "G1 Refine#3" [stack: 0x000000622c400000,0x000000622c500000] [id=22216]
  0x0000022c0c2d8860 ConcurrentGCThread "G1 Refine#4" [stack: 0x000000622c900000,0x000000622ca00000] [id=13204]
  0x0000022c0c2d8b50 ConcurrentGCThread "G1 Refine#5" [stack: 0x000000622cd00000,0x000000622ce00000] [id=14384]
  0x0000022c3eb1e510 ConcurrentGCThread "G1 Service" [stack: 0x0000006222200000,0x0000006222300000] [id=7492]

Threads with active compile tasks:

VM state: not at safepoint (normal execution)

VM Mutex/Monitor currently owned by a thread: None

Heap address: 0x0000000080000000, size: 2048 MB, Compressed Oops mode: 32-bit

CDS archive(s) mapped at: [0x0000022c5d000000-0x0000022c5dbd0000-0x0000022c5dbd0000), size 12386304, SharedBaseAddress: 0x0000022c5d000000, ArchiveRelocationMode: 1.
Compressed class space mapped at: 0x0000022c5e000000-0x0000022c78000000, reserved size: 436207616
Narrow klass base: 0x0000022c5d000000, Narrow klass shift: 0, Narrow klass range: 0x100000000

GC Precious Log:
 CPUs: 8 total, 8 available
 Memory: 16321M
 Large Page Support: Disabled
 NUMA Support: Disabled
 Compressed Oops: Enabled (32-bit)
 Heap Region Size: 1M
 Heap Min Capacity: 8M
 Heap Initial Capacity: 256M
 Heap Max Capacity: 2G
 Pre-touch: Disabled
 Parallel Workers: 8
 Concurrent Workers: 2
 Concurrent Refinement Workers: 8
 Periodic GC: Disabled

Heap:
 garbage-first heap   total 615424K, used 505033K [0x0000000080000000, 0x0000000100000000)
  region size 1024K, 94 young (96256K), 5 survivors (5120K)
 Metaspace       used 171965K, committed 174208K, reserved 622592K
  class space    used 22813K, committed 23808K, reserved 425984K

Heap Regions: E=young(eden), S=young(survivor), O=old, HS=humongous(starts), HC=humongous(continues), CS=collection set, F=free, OA=open archive, CA=closed archive, TAMS=top-at-mark-start (previous, next)
|   0|0x0000000080000000, 0x0000000080100000, 0x0000000080100000|100%|HS|  |TAMS 0x0000000080100000, 0x0000000080000000| Complete 
|   1|0x0000000080100000, 0x0000000080200000, 0x0000000080200000|100%|HC|  |TAMS 0x0000000080200000, 0x0000000080100000| Complete 
|   2|0x0000000080200000, 0x0000000080300000, 0x0000000080300000|100%|HC|  |TAMS 0x0000000080300000, 0x0000000080200000| Complete 
|   3|0x0000000080300000, 0x0000000080400000, 0x0000000080400000|100%| O|  |TAMS 0x0000000080400000, 0x0000000080300000| Untracked 
|   4|0x0000000080400000, 0x0000000080500000, 0x0000000080500000|100%| O|  |TAMS 0x0000000080500000, 0x0000000080400000| Untracked 
|   5|0x0000000080500000, 0x0000000080600000, 0x0000000080600000|100%| O|  |TAMS 0x0000000080600000, 0x0000000080500000| Untracked 
|   6|0x0000000080600000, 0x0000000080700000, 0x0000000080700000|100%|HS|  |TAMS 0x0000000080700000, 0x0000000080600000| Complete 
|   7|0x0000000080700000, 0x0000000080800000, 0x0000000080800000|100%| O|  |TAMS 0x0000000080800000, 0x0000000080700000| Untracked 
|   8|0x0000000080800000, 0x0000000080900000, 0x0000000080900000|100%| O|  |TAMS 0x0000000080900000, 0x0000000080800000| Untracked 
|   9|0x0000000080900000, 0x0000000080a00000, 0x0000000080a00000|100%| O|  |TAMS 0x0000000080a00000, 0x0000000080900000| Untracked 
|  10|0x0000000080a00000, 0x0000000080b00000, 0x0000000080b00000|100%| O|  |TAMS 0x0000000080b00000, 0x0000000080a00000| Untracked 
|  11|0x0000000080b00000, 0x0000000080c00000, 0x0000000080c00000|100%| O|  |TAMS 0x0000000080c00000, 0x0000000080b00000| Untracked 
|  12|0x0000000080c00000, 0x0000000080cf0e00, 0x0000000080d00000| 94%| O|  |TAMS 0x0000000080cf0e00, 0x0000000080c00000| Untracked 
|  13|0x0000000080d00000, 0x0000000080e00000, 0x0000000080e00000|100%| O|  |TAMS 0x0000000080e00000, 0x0000000080d00000| Untracked 
|  14|0x0000000080e00000, 0x0000000080f00000, 0x0000000080f00000|100%| O|  |TAMS 0x0000000080f00000, 0x0000000080e00000| Untracked 
|  15|0x0000000080f00000, 0x0000000081000000, 0x0000000081000000|100%| O|  |TAMS 0x0000000081000000, 0x0000000080f00000| Untracked 
|  16|0x0000000081000000, 0x0000000081100000, 0x0000000081100000|100%| O|  |TAMS 0x0000000081100000, 0x0000000081000000| Untracked 
|  17|0x0000000081100000, 0x0000000081200000, 0x0000000081200000|100%| O|  |TAMS 0x0000000081200000, 0x0000000081100000| Untracked 
|  18|0x0000000081200000, 0x0000000081300000, 0x0000000081300000|100%| O|  |TAMS 0x0000000081300000, 0x0000000081200000| Untracked 
|  19|0x0000000081300000, 0x0000000081400000, 0x0000000081400000|100%| O|  |TAMS 0x0000000081400000, 0x0000000081300000| Untracked 
|  20|0x0000000081400000, 0x0000000081500000, 0x0000000081500000|100%| O|  |TAMS 0x0000000081500000, 0x0000000081400000| Untracked 
|  21|0x0000000081500000, 0x0000000081600000, 0x0000000081600000|100%| O|  |TAMS 0x0000000081600000, 0x0000000081500000| Untracked 
|  22|0x0000000081600000, 0x0000000081700000, 0x0000000081700000|100%| O|  |TAMS 0x0000000081700000, 0x0000000081600000| Untracked 
|  23|0x0000000081700000, 0x0000000081800000, 0x0000000081800000|100%| O|  |TAMS 0x0000000081800000, 0x0000000081700000| Untracked 
|  24|0x0000000081800000, 0x0000000081900000, 0x0000000081900000|100%| O|  |TAMS 0x0000000081900000, 0x0000000081800000| Untracked 
|  25|0x0000000081900000, 0x0000000081a00000, 0x0000000081a00000|100%| O|  |TAMS 0x0000000081a00000, 0x0000000081900000| Untracked 
|  26|0x0000000081a00000, 0x0000000081b00000, 0x0000000081b00000|100%| O|  |TAMS 0x0000000081b00000, 0x0000000081a00000| Untracked 
|  27|0x0000000081b00000, 0x0000000081c00000, 0x0000000081c00000|100%| O|  |TAMS 0x0000000081c00000, 0x0000000081b00000| Untracked 
|  28|0x0000000081c00000, 0x0000000081d00000, 0x0000000081d00000|100%| O|  |TAMS 0x0000000081d00000, 0x0000000081c00000| Untracked 
|  29|0x0000000081d00000, 0x0000000081e00000, 0x0000000081e00000|100%| O|  |TAMS 0x0000000081e00000, 0x0000000081d00000| Untracked 
|  30|0x0000000081e00000, 0x0000000081f00000, 0x0000000081f00000|100%| O|  |TAMS 0x0000000081f00000, 0x0000000081e00000| Untracked 
|  31|0x0000000081f00000, 0x0000000082000000, 0x0000000082000000|100%| O|  |TAMS 0x0000000082000000, 0x0000000081f00000| Untracked 
|  32|0x0000000082000000, 0x0000000082100000, 0x0000000082100000|100%| O|  |TAMS 0x0000000082100000, 0x0000000082000000| Untracked 
|  33|0x0000000082100000, 0x0000000082200000, 0x0000000082200000|100%| O|  |TAMS 0x0000000082200000, 0x0000000082100000| Untracked 
|  34|0x0000000082200000, 0x0000000082300000, 0x0000000082300000|100%| O|  |TAMS 0x0000000082300000, 0x0000000082200000| Untracked 
|  35|0x0000000082300000, 0x0000000082400000, 0x0000000082400000|100%| O|  |TAMS 0x0000000082400000, 0x0000000082300000| Untracked 
|  36|0x0000000082400000, 0x0000000082500000, 0x0000000082500000|100%| O|  |TAMS 0x0000000082500000, 0x0000000082400000| Untracked 
|  37|0x0000000082500000, 0x0000000082600000, 0x0000000082600000|100%| O|  |TAMS 0x0000000082600000, 0x0000000082500000| Untracked 
|  38|0x0000000082600000, 0x0000000082700000, 0x0000000082700000|100%| O|  |TAMS 0x0000000082700000, 0x0000000082600000| Untracked 
|  39|0x0000000082700000, 0x0000000082800000, 0x0000000082800000|100%| O|  |TAMS 0x0000000082800000, 0x0000000082700000| Untracked 
|  40|0x0000000082800000, 0x0000000082900000, 0x0000000082900000|100%| O|  |TAMS 0x0000000082900000, 0x0000000082800000| Untracked 
|  41|0x0000000082900000, 0x0000000082a00000, 0x0000000082a00000|100%| O|  |TAMS 0x0000000082a00000, 0x0000000082900000| Untracked 
|  42|0x0000000082a00000, 0x0000000082b00000, 0x0000000082b00000|100%| O|  |TAMS 0x0000000082b00000, 0x0000000082a00000| Untracked 
|  43|0x0000000082b00000, 0x0000000082c00000, 0x0000000082c00000|100%| O|  |TAMS 0x0000000082c00000, 0x0000000082b00000| Untracked 
|  44|0x0000000082c00000, 0x0000000082d00000, 0x0000000082d00000|100%| O|  |TAMS 0x0000000082d00000, 0x0000000082c00000| Untracked 
|  45|0x0000000082d00000, 0x0000000082e00000, 0x0000000082e00000|100%|HS|  |TAMS 0x0000000082e00000, 0x0000000082d00000| Complete 
|  46|0x0000000082e00000, 0x0000000082f00000, 0x0000000082f00000|100%|HC|  |TAMS 0x0000000082f00000, 0x0000000082e00000| Complete 
|  47|0x0000000082f00000, 0x0000000083000000, 0x0000000083000000|100%|HS|  |TAMS 0x0000000083000000, 0x0000000082f00000| Complete 
|  48|0x0000000083000000, 0x0000000083100000, 0x0000000083100000|100%|HC|  |TAMS 0x0000000083100000, 0x0000000083000000| Complete 
|  49|0x0000000083100000, 0x0000000083200000, 0x0000000083200000|100%|HC|  |TAMS 0x0000000083200000, 0x0000000083100000| Complete 
|  50|0x0000000083200000, 0x0000000083300000, 0x0000000083300000|100%|HS|  |TAMS 0x0000000083300000, 0x0000000083200000| Complete 
|  51|0x0000000083300000, 0x0000000083400000, 0x0000000083400000|100%|HC|  |TAMS 0x0000000083400000, 0x0000000083300000| Complete 
|  52|0x0000000083400000, 0x0000000083500000, 0x0000000083500000|100%|HS|  |TAMS 0x0000000083400000, 0x0000000083400000| Complete 
|  53|0x0000000083500000, 0x0000000083600000, 0x0000000083600000|100%| O|  |TAMS 0x0000000083600000, 0x0000000083500000| Untracked 
|  54|0x0000000083600000, 0x0000000083700000, 0x0000000083700000|100%|HS|  |TAMS 0x0000000083600000, 0x0000000083600000| Complete 
|  55|0x0000000083700000, 0x0000000083800000, 0x0000000083800000|100%| O|  |TAMS 0x0000000083700000, 0x0000000083700000| Untracked 
|  56|0x0000000083800000, 0x0000000083900000, 0x0000000083900000|100%| O|  |TAMS 0x0000000083900000, 0x0000000083800000| Untracked 
|  57|0x0000000083900000, 0x0000000083a00000, 0x0000000083a00000|100%| O|  |TAMS 0x0000000083900000, 0x0000000083900000| Untracked 
|  58|0x0000000083a00000, 0x0000000083b00000, 0x0000000083b00000|100%| O|  |TAMS 0x0000000083b00000, 0x0000000083a00000| Untracked 
|  59|0x0000000083b00000, 0x0000000083c00000, 0x0000000083c00000|100%| O|  |TAMS 0x0000000083c00000, 0x0000000083b00000| Untracked 
|  60|0x0000000083c00000, 0x0000000083d00000, 0x0000000083d00000|100%|HS|  |TAMS 0x0000000083d00000, 0x0000000083c00000| Complete 
|  61|0x0000000083d00000, 0x0000000083e00000, 0x0000000083e00000|100%|HC|  |TAMS 0x0000000083e00000, 0x0000000083d00000| Complete 
|  62|0x0000000083e00000, 0x0000000083f00000, 0x0000000083f00000|100%|HC|  |TAMS 0x0000000083f00000, 0x0000000083e00000| Complete 
|  63|0x0000000083f00000, 0x0000000084000000, 0x0000000084000000|100%| O|  |TAMS 0x0000000084000000, 0x0000000083f00000| Untracked 
|  64|0x0000000084000000, 0x0000000084100000, 0x0000000084100000|100%| O|  |TAMS 0x0000000084100000, 0x0000000084000000| Untracked 
|  65|0x0000000084100000, 0x0000000084200000, 0x0000000084200000|100%| O|  |TAMS 0x0000000084200000, 0x0000000084100000| Untracked 
|  66|0x0000000084200000, 0x0000000084300000, 0x0000000084300000|100%| O|  |TAMS 0x0000000084300000, 0x0000000084200000| Untracked 
|  67|0x0000000084300000, 0x0000000084400000, 0x0000000084400000|100%| O|  |TAMS 0x0000000084400000, 0x0000000084300000| Untracked 
|  68|0x0000000084400000, 0x0000000084500000, 0x0000000084500000|100%| O|  |TAMS 0x0000000084500000, 0x0000000084400000| Untracked 
|  69|0x0000000084500000, 0x0000000084600000, 0x0000000084600000|100%| O|  |TAMS 0x0000000084600000, 0x0000000084500000| Untracked 
|  70|0x0000000084600000, 0x0000000084700000, 0x0000000084700000|100%| O|  |TAMS 0x0000000084700000, 0x0000000084600000| Untracked 
|  71|0x0000000084700000, 0x0000000084800000, 0x0000000084800000|100%| O|  |TAMS 0x0000000084800000, 0x0000000084700000| Untracked 
|  72|0x0000000084800000, 0x0000000084900000, 0x0000000084900000|100%| O|  |TAMS 0x0000000084900000, 0x0000000084800000| Untracked 
|  73|0x0000000084900000, 0x0000000084a00000, 0x0000000084a00000|100%| O|  |TAMS 0x0000000084a00000, 0x0000000084900000| Untracked 
|  74|0x0000000084a00000, 0x0000000084b00000, 0x0000000084b00000|100%| O|  |TAMS 0x0000000084b00000, 0x0000000084a00000| Untracked 
|  75|0x0000000084b00000, 0x0000000084c00000, 0x0000000084c00000|100%| O|  |TAMS 0x0000000084c00000, 0x0000000084b00000| Untracked 
|  76|0x0000000084c00000, 0x0000000084d00000, 0x0000000084d00000|100%| O|  |TAMS 0x0000000084d00000, 0x0000000084c00000| Untracked 
|  77|0x0000000084d00000, 0x0000000084e00000, 0x0000000084e00000|100%| O|  |TAMS 0x0000000084e00000, 0x0000000084d00000| Untracked 
|  78|0x0000000084e00000, 0x0000000084f00000, 0x0000000084f00000|100%| O|  |TAMS 0x0000000084f00000, 0x0000000084e00000| Untracked 
|  79|0x0000000084f00000, 0x0000000085000000, 0x0000000085000000|100%| O|  |TAMS 0x0000000085000000, 0x0000000084f00000| Untracked 
|  80|0x0000000085000000, 0x0000000085100000, 0x0000000085100000|100%| O|  |TAMS 0x0000000085100000, 0x0000000085000000| Untracked 
|  81|0x0000000085100000, 0x0000000085200000, 0x0000000085200000|100%| O|  |TAMS 0x0000000085200000, 0x0000000085100000| Untracked 
|  82|0x0000000085200000, 0x0000000085300000, 0x0000000085300000|100%| O|  |TAMS 0x0000000085300000, 0x0000000085200000| Untracked 
|  83|0x0000000085300000, 0x0000000085400000, 0x0000000085400000|100%| O|  |TAMS 0x0000000085400000, 0x0000000085300000| Untracked 
|  84|0x0000000085400000, 0x0000000085500000, 0x0000000085500000|100%| O|  |TAMS 0x0000000085400000, 0x0000000085400000| Untracked 
|  85|0x0000000085500000, 0x0000000085600000, 0x0000000085600000|100%| O|  |TAMS 0x0000000085600000, 0x0000000085500000| Untracked 
|  86|0x0000000085600000, 0x0000000085700000, 0x0000000085700000|100%|HS|  |TAMS 0x0000000085700000, 0x0000000085600000| Complete 
|  87|0x0000000085700000, 0x0000000085800000, 0x0000000085800000|100%|HS|  |TAMS 0x0000000085800000, 0x0000000085700000| Complete 
|  88|0x0000000085800000, 0x0000000085900000, 0x0000000085900000|100%|HS|  |TAMS 0x0000000085900000, 0x0000000085800000| Complete 
|  89|0x0000000085900000, 0x0000000085a00000, 0x0000000085a00000|100%|HS|  |TAMS 0x0000000085a00000, 0x0000000085900000| Complete 
|  90|0x0000000085a00000, 0x0000000085b00000, 0x0000000085b00000|100%| O|  |TAMS 0x0000000085b00000, 0x0000000085a00000| Untracked 
|  91|0x0000000085b00000, 0x0000000085c00000, 0x0000000085c00000|100%|HS|  |TAMS 0x0000000085c00000, 0x0000000085b00000| Complete 
|  92|0x0000000085c00000, 0x0000000085d00000, 0x0000000085d00000|100%|HS|  |TAMS 0x0000000085d00000, 0x0000000085c00000| Complete 
|  93|0x0000000085d00000, 0x0000000085e00000, 0x0000000085e00000|100%| O|  |TAMS 0x0000000085d00000, 0x0000000085d00000| Untracked 
|  94|0x0000000085e00000, 0x0000000085f00000, 0x0000000085f00000|100%| O|  |TAMS 0x0000000085e00000, 0x0000000085e00000| Untracked 
|  95|0x0000000085f00000, 0x0000000086000000, 0x0000000086000000|100%| O|  |TAMS 0x0000000085f00000, 0x0000000085f00000| Untracked 
|  96|0x0000000086000000, 0x0000000086100000, 0x0000000086100000|100%| O|  |TAMS 0x0000000086100000, 0x0000000086000000| Untracked 
|  97|0x0000000086100000, 0x0000000086200000, 0x0000000086200000|100%| O|  |TAMS 0x0000000086200000, 0x0000000086100000| Untracked 
|  98|0x0000000086200000, 0x0000000086300000, 0x0000000086300000|100%| O|  |TAMS 0x0000000086300000, 0x0000000086200000| Untracked 
|  99|0x0000000086300000, 0x0000000086400000, 0x0000000086400000|100%| O|  |TAMS 0x0000000086400000, 0x0000000086300000| Untracked 
| 100|0x0000000086400000, 0x0000000086500000, 0x0000000086500000|100%| O|  |TAMS 0x0000000086500000, 0x0000000086400000| Untracked 
| 101|0x0000000086500000, 0x0000000086600000, 0x0000000086600000|100%| O|  |TAMS 0x0000000086600000, 0x0000000086500000| Untracked 
| 102|0x0000000086600000, 0x0000000086700000, 0x0000000086700000|100%| O|  |TAMS 0x0000000086700000, 0x0000000086600000| Untracked 
| 103|0x0000000086700000, 0x0000000086800000, 0x0000000086800000|100%| O|  |TAMS 0x0000000086800000, 0x0000000086700000| Untracked 
| 104|0x0000000086800000, 0x0000000086900000, 0x0000000086900000|100%| O|  |TAMS 0x0000000086900000, 0x0000000086800000| Untracked 
| 105|0x0000000086900000, 0x0000000086a00000, 0x0000000086a00000|100%|HS|  |TAMS 0x0000000086a00000, 0x0000000086900000| Complete 
| 106|0x0000000086a00000, 0x0000000086b00000, 0x0000000086b00000|100%|HC|  |TAMS 0x0000000086b00000, 0x0000000086a00000| Complete 
| 107|0x0000000086b00000, 0x0000000086c00000, 0x0000000086c00000|100%| O|  |TAMS 0x0000000086c00000, 0x0000000086b00000| Untracked 
| 108|0x0000000086c00000, 0x0000000086d00000, 0x0000000086d00000|100%|HS|  |TAMS 0x0000000086d00000, 0x0000000086c00000| Complete 
| 109|0x0000000086d00000, 0x0000000086e00000, 0x0000000086e00000|100%| O|  |TAMS 0x0000000086e00000, 0x0000000086d00000| Untracked 
| 110|0x0000000086e00000, 0x0000000086f00000, 0x0000000086f00000|100%| O|  |TAMS 0x0000000086f00000, 0x0000000086e00000| Untracked 
| 111|0x0000000086f00000, 0x0000000087000000, 0x0000000087000000|100%| O|  |TAMS 0x0000000087000000, 0x0000000086f00000| Untracked 
| 112|0x0000000087000000, 0x0000000087100000, 0x0000000087100000|100%| O|  |TAMS 0x0000000087100000, 0x0000000087000000| Untracked 
| 113|0x0000000087100000, 0x0000000087200000, 0x0000000087200000|100%| O|  |TAMS 0x0000000087200000, 0x0000000087100000| Untracked 
| 114|0x0000000087200000, 0x0000000087300000, 0x0000000087300000|100%| O|  |TAMS 0x0000000087300000, 0x0000000087200000| Untracked 
| 115|0x0000000087300000, 0x0000000087400000, 0x0000000087400000|100%| O|  |TAMS 0x0000000087400000, 0x0000000087300000| Untracked 
| 116|0x0000000087400000, 0x0000000087500000, 0x0000000087500000|100%| O|  |TAMS 0x0000000087500000, 0x0000000087400000| Untracked 
| 117|0x0000000087500000, 0x0000000087600000, 0x0000000087600000|100%| O|  |TAMS 0x0000000087600000, 0x0000000087500000| Untracked 
| 118|0x0000000087600000, 0x0000000087700000, 0x0000000087700000|100%| O|  |TAMS 0x0000000087700000, 0x0000000087600000| Untracked 
| 119|0x0000000087700000, 0x0000000087800000, 0x0000000087800000|100%| O|  |TAMS 0x0000000087800000, 0x0000000087700000| Untracked 
| 120|0x0000000087800000, 0x0000000087900000, 0x0000000087900000|100%| O|  |TAMS 0x0000000087900000, 0x0000000087800000| Untracked 
| 121|0x0000000087900000, 0x0000000087a00000, 0x0000000087a00000|100%| O|  |TAMS 0x0000000087a00000, 0x0000000087900000| Untracked 
| 122|0x0000000087a00000, 0x0000000087b00000, 0x0000000087b00000|100%| O|  |TAMS 0x0000000087b00000, 0x0000000087a00000| Untracked 
| 123|0x0000000087b00000, 0x0000000087c00000, 0x0000000087c00000|100%| O|  |TAMS 0x0000000087c00000, 0x0000000087b00000| Untracked 
| 124|0x0000000087c00000, 0x0000000087d00000, 0x0000000087d00000|100%| O|  |TAMS 0x0000000087d00000, 0x0000000087c00000| Untracked 
| 125|0x0000000087d00000, 0x0000000087e00000, 0x0000000087e00000|100%| O|  |TAMS 0x0000000087e00000, 0x0000000087d00000| Untracked 
| 126|0x0000000087e00000, 0x0000000087f00000, 0x0000000087f00000|100%| O|  |TAMS 0x0000000087f00000, 0x0000000087e00000| Untracked 
| 127|0x0000000087f00000, 0x0000000088000000, 0x0000000088000000|100%| O|  |TAMS 0x0000000088000000, 0x0000000087f00000| Untracked 
| 128|0x0000000088000000, 0x0000000088100000, 0x0000000088100000|100%| O|  |TAMS 0x0000000088100000, 0x0000000088000000| Untracked 
| 129|0x0000000088100000, 0x0000000088200000, 0x0000000088200000|100%| O|  |TAMS 0x0000000088200000, 0x0000000088100000| Untracked 
| 130|0x0000000088200000, 0x0000000088300000, 0x0000000088300000|100%| O|  |TAMS 0x0000000088200000, 0x0000000088200000| Untracked 
| 131|0x0000000088300000, 0x0000000088400000, 0x0000000088400000|100%| O|  |TAMS 0x0000000088300000, 0x0000000088300000| Untracked 
| 132|0x0000000088400000, 0x0000000088500000, 0x0000000088500000|100%| O|  |TAMS 0x0000000088400000, 0x0000000088400000| Untracked 
| 133|0x0000000088500000, 0x0000000088600000, 0x0000000088600000|100%| O|  |TAMS 0x0000000088500000, 0x0000000088500000| Untracked 
| 134|0x0000000088600000, 0x0000000088700000, 0x0000000088700000|100%| O|  |TAMS 0x0000000088700000, 0x0000000088600000| Untracked 
| 135|0x0000000088700000, 0x0000000088800000, 0x0000000088800000|100%| O|  |TAMS 0x0000000088800000, 0x0000000088700000| Untracked 
| 136|0x0000000088800000, 0x0000000088900000, 0x0000000088900000|100%| O|  |TAMS 0x0000000088900000, 0x0000000088800000| Untracked 
| 137|0x0000000088900000, 0x0000000088a00000, 0x0000000088a00000|100%| O|  |TAMS 0x0000000088a00000, 0x0000000088900000| Untracked 
| 138|0x0000000088a00000, 0x0000000088b00000, 0x0000000088b00000|100%| O|  |TAMS 0x0000000088b00000, 0x0000000088a00000| Untracked 
| 139|0x0000000088b00000, 0x0000000088c00000, 0x0000000088c00000|100%| O|  |TAMS 0x0000000088c00000, 0x0000000088b00000| Untracked 
| 140|0x0000000088c00000, 0x0000000088d00000, 0x0000000088d00000|100%| O|  |TAMS 0x0000000088c00000, 0x0000000088c00000| Untracked 
| 141|0x0000000088d00000, 0x0000000088e00000, 0x0000000088e00000|100%| O|  |TAMS 0x0000000088d00000, 0x0000000088d00000| Untracked 
| 142|0x0000000088e00000, 0x0000000088f00000, 0x0000000088f00000|100%| O|  |TAMS 0x0000000088e00000, 0x0000000088e00000| Untracked 
| 143|0x0000000088f00000, 0x0000000089000000, 0x0000000089000000|100%| O|  |TAMS 0x0000000089000000, 0x0000000088f00000| Untracked 
| 144|0x0000000089000000, 0x0000000089100000, 0x0000000089100000|100%| O|  |TAMS 0x0000000089100000, 0x0000000089000000| Untracked 
| 145|0x0000000089100000, 0x0000000089200000, 0x0000000089200000|100%| O|  |TAMS 0x0000000089200000, 0x0000000089100000| Untracked 
| 146|0x0000000089200000, 0x0000000089300000, 0x0000000089300000|100%| O|  |TAMS 0x0000000089300000, 0x0000000089200000| Untracked 
| 147|0x0000000089300000, 0x0000000089400000, 0x0000000089400000|100%| O|  |TAMS 0x0000000089400000, 0x0000000089300000| Untracked 
| 148|0x0000000089400000, 0x0000000089500000, 0x0000000089500000|100%| O|  |TAMS 0x0000000089500000, 0x0000000089400000| Untracked 
| 149|0x0000000089500000, 0x0000000089600000, 0x0000000089600000|100%| O|  |TAMS 0x0000000089600000, 0x0000000089500000| Untracked 
| 150|0x0000000089600000, 0x0000000089700000, 0x0000000089700000|100%| O|  |TAMS 0x0000000089700000, 0x0000000089600000| Untracked 
| 151|0x0000000089700000, 0x0000000089800000, 0x0000000089800000|100%| O|  |TAMS 0x0000000089800000, 0x0000000089700000| Untracked 
| 152|0x0000000089800000, 0x0000000089900000, 0x0000000089900000|100%| O|  |TAMS 0x0000000089800000, 0x0000000089800000| Untracked 
| 153|0x0000000089900000, 0x0000000089a00000, 0x0000000089a00000|100%| O|  |TAMS 0x0000000089a00000, 0x0000000089900000| Untracked 
| 154|0x0000000089a00000, 0x0000000089b00000, 0x0000000089b00000|100%| O|  |TAMS 0x0000000089a00000, 0x0000000089a00000| Untracked 
| 155|0x0000000089b00000, 0x0000000089c00000, 0x0000000089c00000|100%| O|  |TAMS 0x0000000089c00000, 0x0000000089b00000| Untracked 
| 156|0x0000000089c00000, 0x0000000089d00000, 0x0000000089d00000|100%| O|  |TAMS 0x0000000089d00000, 0x0000000089c00000| Untracked 
| 157|0x0000000089d00000, 0x0000000089e00000, 0x0000000089e00000|100%|HS|  |TAMS 0x0000000089e00000, 0x0000000089d00000| Complete 
| 158|0x0000000089e00000, 0x0000000089f00000, 0x0000000089f00000|100%|HS|  |TAMS 0x0000000089f00000, 0x0000000089e00000| Complete 
| 159|0x0000000089f00000, 0x000000008a000000, 0x000000008a000000|100%| O|  |TAMS 0x000000008a000000, 0x0000000089f00000| Untracked 
| 160|0x000000008a000000, 0x000000008a100000, 0x000000008a100000|100%| O|  |TAMS 0x000000008a100000, 0x000000008a000000| Untracked 
| 161|0x000000008a100000, 0x000000008a200000, 0x000000008a200000|100%| O|  |TAMS 0x000000008a200000, 0x000000008a100000| Untracked 
| 162|0x000000008a200000, 0x000000008a300000, 0x000000008a300000|100%| O|  |TAMS 0x000000008a300000, 0x000000008a200000| Untracked 
| 163|0x000000008a300000, 0x000000008a400000, 0x000000008a400000|100%|HS|  |TAMS 0x000000008a300000, 0x000000008a300000| Complete 
| 164|0x000000008a400000, 0x000000008a500000, 0x000000008a500000|100%|HS|  |TAMS 0x000000008a500000, 0x000000008a400000| Complete 
| 165|0x000000008a500000, 0x000000008a600000, 0x000000008a600000|100%|HC|  |TAMS 0x000000008a600000, 0x000000008a500000| Complete 
| 166|0x000000008a600000, 0x000000008a700000, 0x000000008a700000|100%| O|  |TAMS 0x000000008a600000, 0x000000008a600000| Untracked 
| 167|0x000000008a700000, 0x000000008a800000, 0x000000008a800000|100%| O|  |TAMS 0x000000008a700000, 0x000000008a700000| Untracked 
| 168|0x000000008a800000, 0x000000008a900000, 0x000000008a900000|100%| O|  |TAMS 0x000000008a800000, 0x000000008a800000| Untracked 
| 169|0x000000008a900000, 0x000000008aa00000, 0x000000008aa00000|100%| O|  |TAMS 0x000000008a900000, 0x000000008a900000| Untracked 
| 170|0x000000008aa00000, 0x000000008ab00000, 0x000000008ab00000|100%| O|  |TAMS 0x000000008aa00000, 0x000000008aa00000| Untracked 
| 171|0x000000008ab00000, 0x000000008ac00000, 0x000000008ac00000|100%| O|  |TAMS 0x000000008ab00000, 0x000000008ab00000| Untracked 
| 172|0x000000008ac00000, 0x000000008ad00000, 0x000000008ad00000|100%| O|  |TAMS 0x000000008ac00000, 0x000000008ac00000| Untracked 
| 173|0x000000008ad00000, 0x000000008ae00000, 0x000000008ae00000|100%| O|  |TAMS 0x000000008ad00000, 0x000000008ad00000| Untracked 
| 174|0x000000008ae00000, 0x000000008af00000, 0x000000008af00000|100%| O|  |TAMS 0x000000008ae00000, 0x000000008ae00000| Untracked 
| 175|0x000000008af00000, 0x000000008b000000, 0x000000008b000000|100%| O|  |TAMS 0x000000008af00000, 0x000000008af00000| Untracked 
| 176|0x000000008b000000, 0x000000008b100000, 0x000000008b100000|100%| O|  |TAMS 0x000000008b000000, 0x000000008b000000| Untracked 
| 177|0x000000008b100000, 0x000000008b200000, 0x000000008b200000|100%| O|  |TAMS 0x000000008b100000, 0x000000008b100000| Untracked 
| 178|0x000000008b200000, 0x000000008b300000, 0x000000008b300000|100%| O|  |TAMS 0x000000008b200000, 0x000000008b200000| Untracked 
| 179|0x000000008b300000, 0x000000008b400000, 0x000000008b400000|100%| O|  |TAMS 0x000000008b300000, 0x000000008b300000| Untracked 
| 180|0x000000008b400000, 0x000000008b500000, 0x000000008b500000|100%| O|  |TAMS 0x000000008b400000, 0x000000008b400000| Untracked 
| 181|0x000000008b500000, 0x000000008b600000, 0x000000008b600000|100%| O|  |TAMS 0x000000008b500000, 0x000000008b500000| Untracked 
| 182|0x000000008b600000, 0x000000008b700000, 0x000000008b700000|100%| O|  |TAMS 0x000000008b600000, 0x000000008b600000| Untracked 
| 183|0x000000008b700000, 0x000000008b800000, 0x000000008b800000|100%| O|  |TAMS 0x000000008b700000, 0x000000008b700000| Untracked 
| 184|0x000000008b800000, 0x000000008b900000, 0x000000008b900000|100%| O|  |TAMS 0x000000008b800000, 0x000000008b800000| Untracked 
| 185|0x000000008b900000, 0x000000008ba00000, 0x000000008ba00000|100%| O|  |TAMS 0x000000008b900000, 0x000000008b900000| Untracked 
| 186|0x000000008ba00000, 0x000000008bb00000, 0x000000008bb00000|100%| O|  |TAMS 0x000000008ba00000, 0x000000008ba00000| Untracked 
| 187|0x000000008bb00000, 0x000000008bc00000, 0x000000008bc00000|100%| O|  |TAMS 0x000000008bb00000, 0x000000008bb00000| Untracked 
| 188|0x000000008bc00000, 0x000000008bd00000, 0x000000008bd00000|100%| O|  |TAMS 0x000000008bc00000, 0x000000008bc00000| Untracked 
| 189|0x000000008bd00000, 0x000000008be00000, 0x000000008be00000|100%|HS|  |TAMS 0x000000008bd00000, 0x000000008bd00000| Complete 
| 190|0x000000008be00000, 0x000000008bf00000, 0x000000008bf00000|100%|HS|  |TAMS 0x000000008be00000, 0x000000008be00000| Complete 
| 191|0x000000008bf00000, 0x000000008c000000, 0x000000008c000000|100%| O|  |TAMS 0x000000008bf00000, 0x000000008bf00000| Untracked 
| 192|0x000000008c000000, 0x000000008c100000, 0x000000008c100000|100%| O|  |TAMS 0x000000008c000000, 0x000000008c000000| Untracked 
| 193|0x000000008c100000, 0x000000008c200000, 0x000000008c200000|100%| O|  |TAMS 0x000000008c100000, 0x000000008c100000| Untracked 
| 194|0x000000008c200000, 0x000000008c300000, 0x000000008c300000|100%| O|  |TAMS 0x000000008c200000, 0x000000008c200000| Untracked 
| 195|0x000000008c300000, 0x000000008c400000, 0x000000008c400000|100%| O|  |TAMS 0x000000008c300000, 0x000000008c300000| Untracked 
| 196|0x000000008c400000, 0x000000008c500000, 0x000000008c500000|100%| O|  |TAMS 0x000000008c400000, 0x000000008c400000| Untracked 
| 197|0x000000008c500000, 0x000000008c600000, 0x000000008c600000|100%| O|  |TAMS 0x000000008c500000, 0x000000008c500000| Untracked 
| 198|0x000000008c600000, 0x000000008c700000, 0x000000008c700000|100%| O|  |TAMS 0x000000008c600000, 0x000000008c600000| Untracked 
| 199|0x000000008c700000, 0x000000008c800000, 0x000000008c800000|100%| O|  |TAMS 0x000000008c700000, 0x000000008c700000| Untracked 
| 200|0x000000008c800000, 0x000000008c900000, 0x000000008c900000|100%| O|  |TAMS 0x000000008c800000, 0x000000008c800000| Untracked 
| 201|0x000000008c900000, 0x000000008ca00000, 0x000000008ca00000|100%| O|  |TAMS 0x000000008c900000, 0x000000008c900000| Untracked 
| 202|0x000000008ca00000, 0x000000008cb00000, 0x000000008cb00000|100%| O|  |TAMS 0x000000008ca00000, 0x000000008ca00000| Untracked 
| 203|0x000000008cb00000, 0x000000008cc00000, 0x000000008cc00000|100%| O|  |TAMS 0x000000008cb00000, 0x000000008cb00000| Untracked 
| 204|0x000000008cc00000, 0x000000008cd00000, 0x000000008cd00000|100%| O|  |TAMS 0x000000008cc00000, 0x000000008cc00000| Untracked 
| 205|0x000000008cd00000, 0x000000008ce00000, 0x000000008ce00000|100%| O|  |TAMS 0x000000008cd00000, 0x000000008cd00000| Untracked 
| 206|0x000000008ce00000, 0x000000008cf00000, 0x000000008cf00000|100%| O|  |TAMS 0x000000008ce00000, 0x000000008ce00000| Untracked 
| 207|0x000000008cf00000, 0x000000008d000000, 0x000000008d000000|100%| O|  |TAMS 0x000000008cf00000, 0x000000008cf00000| Untracked 
| 208|0x000000008d000000, 0x000000008d100000, 0x000000008d100000|100%| O|  |TAMS 0x000000008d000000, 0x000000008d000000| Untracked 
| 209|0x000000008d100000, 0x000000008d200000, 0x000000008d200000|100%|HS|  |TAMS 0x000000008d100000, 0x000000008d100000| Complete 
| 210|0x000000008d200000, 0x000000008d300000, 0x000000008d300000|100%|HS|  |TAMS 0x000000008d200000, 0x000000008d200000| Complete 
| 211|0x000000008d300000, 0x000000008d400000, 0x000000008d400000|100%| O|  |TAMS 0x000000008d300000, 0x000000008d300000| Untracked 
| 212|0x000000008d400000, 0x000000008d500000, 0x000000008d500000|100%| O|  |TAMS 0x000000008d400000, 0x000000008d400000| Untracked 
| 213|0x000000008d500000, 0x000000008d600000, 0x000000008d600000|100%| O|  |TAMS 0x000000008d500000, 0x000000008d500000| Untracked 
| 214|0x000000008d600000, 0x000000008d700000, 0x000000008d700000|100%| O|  |TAMS 0x000000008d600000, 0x000000008d600000| Untracked 
| 215|0x000000008d700000, 0x000000008d800000, 0x000000008d800000|100%| O|  |TAMS 0x000000008d700000, 0x000000008d700000| Untracked 
| 216|0x000000008d800000, 0x000000008d900000, 0x000000008d900000|100%| O|  |TAMS 0x000000008d800000, 0x000000008d800000| Untracked 
| 217|0x000000008d900000, 0x000000008da00000, 0x000000008da00000|100%| O|  |TAMS 0x000000008d900000, 0x000000008d900000| Untracked 
| 218|0x000000008da00000, 0x000000008db00000, 0x000000008db00000|100%| O|  |TAMS 0x000000008da00000, 0x000000008da00000| Untracked 
| 219|0x000000008db00000, 0x000000008dc00000, 0x000000008dc00000|100%| O|  |TAMS 0x000000008db00000, 0x000000008db00000| Untracked 
| 220|0x000000008dc00000, 0x000000008dd00000, 0x000000008dd00000|100%| O|  |TAMS 0x000000008dc00000, 0x000000008dc00000| Untracked 
| 221|0x000000008dd00000, 0x000000008de00000, 0x000000008de00000|100%| O|  |TAMS 0x000000008dd00000, 0x000000008dd00000| Untracked 
| 222|0x000000008de00000, 0x000000008df00000, 0x000000008df00000|100%| O|  |TAMS 0x000000008de00000, 0x000000008de00000| Untracked 
| 223|0x000000008df00000, 0x000000008e000000, 0x000000008e000000|100%| O|  |TAMS 0x000000008df00000, 0x000000008df00000| Untracked 
| 224|0x000000008e000000, 0x000000008e100000, 0x000000008e100000|100%| O|  |TAMS 0x000000008e000000, 0x000000008e000000| Untracked 
| 225|0x000000008e100000, 0x000000008e200000, 0x000000008e200000|100%| O|  |TAMS 0x000000008e100000, 0x000000008e100000| Untracked 
| 226|0x000000008e200000, 0x000000008e300000, 0x000000008e300000|100%| O|  |TAMS 0x000000008e200000, 0x000000008e200000| Untracked 
| 227|0x000000008e300000, 0x000000008e400000, 0x000000008e400000|100%| O|  |TAMS 0x000000008e300000, 0x000000008e300000| Untracked 
| 228|0x000000008e400000, 0x000000008e500000, 0x000000008e500000|100%| O|  |TAMS 0x000000008e400000, 0x000000008e400000| Untracked 
| 229|0x000000008e500000, 0x000000008e600000, 0x000000008e600000|100%| O|  |TAMS 0x000000008e500000, 0x000000008e500000| Untracked 
| 230|0x000000008e600000, 0x000000008e700000, 0x000000008e700000|100%| O|  |TAMS 0x000000008e600000, 0x000000008e600000| Untracked 
| 231|0x000000008e700000, 0x000000008e800000, 0x000000008e800000|100%| O|  |TAMS 0x000000008e700000, 0x000000008e700000| Untracked 
| 232|0x000000008e800000, 0x000000008e900000, 0x000000008e900000|100%| O|  |TAMS 0x000000008e800000, 0x000000008e800000| Untracked 
| 233|0x000000008e900000, 0x000000008ea00000, 0x000000008ea00000|100%| O|  |TAMS 0x000000008e900000, 0x000000008e900000| Untracked 
| 234|0x000000008ea00000, 0x000000008eb00000, 0x000000008eb00000|100%| O|  |TAMS 0x000000008ea00000, 0x000000008ea00000| Untracked 
| 235|0x000000008eb00000, 0x000000008ec00000, 0x000000008ec00000|100%| O|  |TAMS 0x000000008eb00000, 0x000000008eb00000| Untracked 
| 236|0x000000008ec00000, 0x000000008ed00000, 0x000000008ed00000|100%| O|  |TAMS 0x000000008ec00000, 0x000000008ec00000| Untracked 
| 237|0x000000008ed00000, 0x000000008ee00000, 0x000000008ee00000|100%| O|  |TAMS 0x000000008ed00000, 0x000000008ed00000| Untracked 
| 238|0x000000008ee00000, 0x000000008ef00000, 0x000000008ef00000|100%| O|  |TAMS 0x000000008ee00000, 0x000000008ee00000| Untracked 
| 239|0x000000008ef00000, 0x000000008f000000, 0x000000008f000000|100%| O|  |TAMS 0x000000008ef00000, 0x000000008ef00000| Untracked 
| 240|0x000000008f000000, 0x000000008f100000, 0x000000008f100000|100%| O|  |TAMS 0x000000008f000000, 0x000000008f000000| Untracked 
| 241|0x000000008f100000, 0x000000008f200000, 0x000000008f200000|100%| O|  |TAMS 0x000000008f100000, 0x000000008f100000| Untracked 
| 242|0x000000008f200000, 0x000000008f300000, 0x000000008f300000|100%| O|  |TAMS 0x000000008f200000, 0x000000008f200000| Untracked 
| 243|0x000000008f300000, 0x000000008f400000, 0x000000008f400000|100%| O|  |TAMS 0x000000008f300000, 0x000000008f300000| Untracked 
| 244|0x000000008f400000, 0x000000008f500000, 0x000000008f500000|100%| O|  |TAMS 0x000000008f400000, 0x000000008f400000| Untracked 
| 245|0x000000008f500000, 0x000000008f600000, 0x000000008f600000|100%| O|  |TAMS 0x000000008f500000, 0x000000008f500000| Untracked 
| 246|0x000000008f600000, 0x000000008f700000, 0x000000008f700000|100%| O|  |TAMS 0x000000008f600000, 0x000000008f600000| Untracked 
| 247|0x000000008f700000, 0x000000008f800000, 0x000000008f800000|100%| O|  |TAMS 0x000000008f700000, 0x000000008f700000| Untracked 
| 248|0x000000008f800000, 0x000000008f900000, 0x000000008f900000|100%| O|  |TAMS 0x000000008f800000, 0x000000008f800000| Untracked 
| 249|0x000000008f900000, 0x000000008fa00000, 0x000000008fa00000|100%| O|  |TAMS 0x000000008f900000, 0x000000008f900000| Untracked 
| 250|0x000000008fa00000, 0x000000008fb00000, 0x000000008fb00000|100%|HS|  |TAMS 0x000000008fa00000, 0x000000008fa00000| Complete 
| 251|0x000000008fb00000, 0x000000008fc00000, 0x000000008fc00000|100%|HC|  |TAMS 0x000000008fb00000, 0x000000008fb00000| Complete 
| 252|0x000000008fc00000, 0x000000008fd00000, 0x000000008fd00000|100%| O|  |TAMS 0x000000008fc00000, 0x000000008fc00000| Untracked 
| 253|0x000000008fd00000, 0x000000008fe00000, 0x000000008fe00000|100%| O|  |TAMS 0x000000008fd00000, 0x000000008fd00000| Untracked 
| 254|0x000000008fe00000, 0x000000008ff00000, 0x000000008ff00000|100%| O|  |TAMS 0x000000008fe00000, 0x000000008fe00000| Untracked 
| 255|0x000000008ff00000, 0x0000000090000000, 0x0000000090000000|100%|HS|  |TAMS 0x000000008ff00000, 0x000000008ff00000| Complete 
| 256|0x0000000090000000, 0x0000000090100000, 0x0000000090100000|100%|HC|  |TAMS 0x0000000090000000, 0x0000000090000000| Complete 
| 257|0x0000000090100000, 0x0000000090200000, 0x0000000090200000|100%|HS|  |TAMS 0x0000000090100000, 0x0000000090100000| Complete 
| 258|0x0000000090200000, 0x0000000090300000, 0x0000000090300000|100%|HC|  |TAMS 0x0000000090200000, 0x0000000090200000| Complete 
| 259|0x0000000090300000, 0x0000000090400000, 0x0000000090400000|100%| O|  |TAMS 0x0000000090300000, 0x0000000090300000| Untracked 
| 260|0x0000000090400000, 0x0000000090500000, 0x0000000090500000|100%| O|  |TAMS 0x0000000090400000, 0x0000000090400000| Untracked 
| 261|0x0000000090500000, 0x0000000090600000, 0x0000000090600000|100%| O|  |TAMS 0x0000000090500000, 0x0000000090500000| Untracked 
| 262|0x0000000090600000, 0x0000000090700000, 0x0000000090700000|100%| O|  |TAMS 0x0000000090600000, 0x0000000090600000| Untracked 
| 263|0x0000000090700000, 0x0000000090800000, 0x0000000090800000|100%| O|  |TAMS 0x0000000090700000, 0x0000000090700000| Untracked 
| 264|0x0000000090800000, 0x0000000090900000, 0x0000000090900000|100%| O|  |TAMS 0x0000000090800000, 0x0000000090800000| Untracked 
| 265|0x0000000090900000, 0x0000000090a00000, 0x0000000090a00000|100%| O|  |TAMS 0x0000000090900000, 0x0000000090900000| Untracked 
| 266|0x0000000090a00000, 0x0000000090b00000, 0x0000000090b00000|100%| O|  |TAMS 0x0000000090a00000, 0x0000000090a00000| Untracked 
| 267|0x0000000090b00000, 0x0000000090c00000, 0x0000000090c00000|100%| O|  |TAMS 0x0000000090b00000, 0x0000000090b00000| Untracked 
| 268|0x0000000090c00000, 0x0000000090d00000, 0x0000000090d00000|100%| O|  |TAMS 0x0000000090c00000, 0x0000000090c00000| Untracked 
| 269|0x0000000090d00000, 0x0000000090e00000, 0x0000000090e00000|100%| O|  |TAMS 0x0000000090d00000, 0x0000000090d00000| Untracked 
| 270|0x0000000090e00000, 0x0000000090f00000, 0x0000000090f00000|100%| O|  |TAMS 0x0000000090e00000, 0x0000000090e00000| Untracked 
| 271|0x0000000090f00000, 0x0000000091000000, 0x0000000091000000|100%| O|  |TAMS 0x0000000090f00000, 0x0000000090f00000| Untracked 
| 272|0x0000000091000000, 0x0000000091100000, 0x0000000091100000|100%| O|  |TAMS 0x0000000091000000, 0x0000000091000000| Untracked 
| 273|0x0000000091100000, 0x0000000091200000, 0x0000000091200000|100%| O|  |TAMS 0x0000000091100000, 0x0000000091100000| Untracked 
| 274|0x0000000091200000, 0x0000000091300000, 0x0000000091300000|100%| O|  |TAMS 0x0000000091200000, 0x0000000091200000| Untracked 
| 275|0x0000000091300000, 0x0000000091400000, 0x0000000091400000|100%| O|  |TAMS 0x0000000091300000, 0x0000000091300000| Untracked 
| 276|0x0000000091400000, 0x0000000091500000, 0x0000000091500000|100%| O|  |TAMS 0x0000000091400000, 0x0000000091400000| Untracked 
| 277|0x0000000091500000, 0x0000000091600000, 0x0000000091600000|100%| O|  |TAMS 0x0000000091500000, 0x0000000091500000| Untracked 
| 278|0x0000000091600000, 0x0000000091700000, 0x0000000091700000|100%| O|  |TAMS 0x0000000091600000, 0x0000000091600000| Untracked 
| 279|0x0000000091700000, 0x0000000091800000, 0x0000000091800000|100%| O|  |TAMS 0x0000000091700000, 0x0000000091700000| Untracked 
| 280|0x0000000091800000, 0x0000000091900000, 0x0000000091900000|100%| O|  |TAMS 0x0000000091800000, 0x0000000091800000| Untracked 
| 281|0x0000000091900000, 0x0000000091a00000, 0x0000000091a00000|100%| O|  |TAMS 0x0000000091900000, 0x0000000091900000| Untracked 
| 282|0x0000000091a00000, 0x0000000091b00000, 0x0000000091b00000|100%| O|  |TAMS 0x0000000091a00000, 0x0000000091a00000| Untracked 
| 283|0x0000000091b00000, 0x0000000091c00000, 0x0000000091c00000|100%| O|  |TAMS 0x0000000091b00000, 0x0000000091b00000| Untracked 
| 284|0x0000000091c00000, 0x0000000091d00000, 0x0000000091d00000|100%| O|  |TAMS 0x0000000091c00000, 0x0000000091c00000| Untracked 
| 285|0x0000000091d00000, 0x0000000091e00000, 0x0000000091e00000|100%| O|  |TAMS 0x0000000091d00000, 0x0000000091d00000| Untracked 
| 286|0x0000000091e00000, 0x0000000091f00000, 0x0000000091f00000|100%| O|  |TAMS 0x0000000091e00000, 0x0000000091e00000| Untracked 
| 287|0x0000000091f00000, 0x0000000092000000, 0x0000000092000000|100%| O|  |TAMS 0x0000000091f00000, 0x0000000091f00000| Untracked 
| 288|0x0000000092000000, 0x0000000092100000, 0x0000000092100000|100%| O|  |TAMS 0x0000000092000000, 0x0000000092000000| Untracked 
| 289|0x0000000092100000, 0x0000000092200000, 0x0000000092200000|100%| O|  |TAMS 0x0000000092100000, 0x0000000092100000| Untracked 
| 290|0x0000000092200000, 0x0000000092300000, 0x0000000092300000|100%| O|  |TAMS 0x0000000092200000, 0x0000000092200000| Untracked 
| 291|0x0000000092300000, 0x0000000092400000, 0x0000000092400000|100%| O|  |TAMS 0x0000000092300000, 0x0000000092300000| Untracked 
| 292|0x0000000092400000, 0x0000000092500000, 0x0000000092500000|100%| O|  |TAMS 0x0000000092400000, 0x0000000092400000| Untracked 
| 293|0x0000000092500000, 0x0000000092600000, 0x0000000092600000|100%| O|  |TAMS 0x0000000092500000, 0x0000000092500000| Untracked 
| 294|0x0000000092600000, 0x0000000092700000, 0x0000000092700000|100%| O|  |TAMS 0x0000000092600000, 0x0000000092600000| Untracked 
| 295|0x0000000092700000, 0x0000000092800000, 0x0000000092800000|100%| O|  |TAMS 0x0000000092700000, 0x0000000092700000| Untracked 
| 296|0x0000000092800000, 0x0000000092900000, 0x0000000092900000|100%| O|  |TAMS 0x0000000092800000, 0x0000000092800000| Untracked 
| 297|0x0000000092900000, 0x0000000092a00000, 0x0000000092a00000|100%| O|  |TAMS 0x0000000092900000, 0x0000000092900000| Untracked 
| 298|0x0000000092a00000, 0x0000000092b00000, 0x0000000092b00000|100%| O|  |TAMS 0x0000000092a00000, 0x0000000092a00000| Untracked 
| 299|0x0000000092b00000, 0x0000000092c00000, 0x0000000092c00000|100%| O|  |TAMS 0x0000000092b00000, 0x0000000092b00000| Untracked 
| 300|0x0000000092c00000, 0x0000000092d00000, 0x0000000092d00000|100%| O|  |TAMS 0x0000000092c00000, 0x0000000092c00000| Untracked 
| 301|0x0000000092d00000, 0x0000000092e00000, 0x0000000092e00000|100%| O|  |TAMS 0x0000000092d00000, 0x0000000092d00000| Untracked 
| 302|0x0000000092e00000, 0x0000000092f00000, 0x0000000092f00000|100%| O|  |TAMS 0x0000000092e00000, 0x0000000092e00000| Untracked 
| 303|0x0000000092f00000, 0x0000000093000000, 0x0000000093000000|100%| O|  |TAMS 0x0000000092f00000, 0x0000000092f00000| Untracked 
| 304|0x0000000093000000, 0x0000000093100000, 0x0000000093100000|100%| O|  |TAMS 0x0000000093000000, 0x0000000093000000| Untracked 
| 305|0x0000000093100000, 0x0000000093200000, 0x0000000093200000|100%| O|  |TAMS 0x0000000093100000, 0x0000000093100000| Untracked 
| 306|0x0000000093200000, 0x0000000093300000, 0x0000000093300000|100%| O|  |TAMS 0x0000000093200000, 0x0000000093200000| Untracked 
| 307|0x0000000093300000, 0x0000000093400000, 0x0000000093400000|100%| O|  |TAMS 0x0000000093300000, 0x0000000093300000| Untracked 
| 308|0x0000000093400000, 0x0000000093500000, 0x0000000093500000|100%| O|  |TAMS 0x0000000093400000, 0x0000000093400000| Untracked 
| 309|0x0000000093500000, 0x0000000093600000, 0x0000000093600000|100%| O|  |TAMS 0x0000000093500000, 0x0000000093500000| Untracked 
| 310|0x0000000093600000, 0x0000000093700000, 0x0000000093700000|100%| O|  |TAMS 0x0000000093600000, 0x0000000093600000| Untracked 
| 311|0x0000000093700000, 0x0000000093800000, 0x0000000093800000|100%| O|  |TAMS 0x0000000093700000, 0x0000000093700000| Untracked 
| 312|0x0000000093800000, 0x0000000093900000, 0x0000000093900000|100%| O|  |TAMS 0x0000000093800000, 0x0000000093800000| Untracked 
| 313|0x0000000093900000, 0x0000000093a00000, 0x0000000093a00000|100%| O|  |TAMS 0x0000000093900000, 0x0000000093900000| Untracked 
| 314|0x0000000093a00000, 0x0000000093b00000, 0x0000000093b00000|100%| O|  |TAMS 0x0000000093a00000, 0x0000000093a00000| Untracked 
| 315|0x0000000093b00000, 0x0000000093c00000, 0x0000000093c00000|100%| O|  |TAMS 0x0000000093b00000, 0x0000000093b00000| Untracked 
| 316|0x0000000093c00000, 0x0000000093d00000, 0x0000000093d00000|100%| O|  |TAMS 0x0000000093c00000, 0x0000000093c00000| Untracked 
| 317|0x0000000093d00000, 0x0000000093e00000, 0x0000000093e00000|100%| O|  |TAMS 0x0000000093d00000, 0x0000000093d00000| Untracked 
| 318|0x0000000093e00000, 0x0000000093f00000, 0x0000000093f00000|100%| O|  |TAMS 0x0000000093e00000, 0x0000000093e00000| Untracked 
| 319|0x0000000093f00000, 0x0000000094000000, 0x0000000094000000|100%| O|  |TAMS 0x0000000093f00000, 0x0000000093f00000| Untracked 
| 320|0x0000000094000000, 0x0000000094100000, 0x0000000094100000|100%| O|  |TAMS 0x0000000094000000, 0x0000000094000000| Untracked 
| 321|0x0000000094100000, 0x0000000094200000, 0x0000000094200000|100%| O|  |TAMS 0x0000000094100000, 0x0000000094100000| Untracked 
| 322|0x0000000094200000, 0x0000000094300000, 0x0000000094300000|100%| O|  |TAMS 0x0000000094200000, 0x0000000094200000| Untracked 
| 323|0x0000000094300000, 0x0000000094400000, 0x0000000094400000|100%| O|  |TAMS 0x0000000094300000, 0x0000000094300000| Untracked 
| 324|0x0000000094400000, 0x0000000094500000, 0x0000000094500000|100%| O|  |TAMS 0x0000000094400000, 0x0000000094400000| Untracked 
| 325|0x0000000094500000, 0x0000000094600000, 0x0000000094600000|100%| O|  |TAMS 0x0000000094500000, 0x0000000094500000| Untracked 
| 326|0x0000000094600000, 0x0000000094700000, 0x0000000094700000|100%| O|  |TAMS 0x0000000094600000, 0x0000000094600000| Untracked 
| 327|0x0000000094700000, 0x0000000094800000, 0x0000000094800000|100%| O|  |TAMS 0x0000000094700000, 0x0000000094700000| Untracked 
| 328|0x0000000094800000, 0x0000000094900000, 0x0000000094900000|100%| O|  |TAMS 0x0000000094800000, 0x0000000094800000| Untracked 
| 329|0x0000000094900000, 0x0000000094a00000, 0x0000000094a00000|100%| O|  |TAMS 0x0000000094900000, 0x0000000094900000| Untracked 
| 330|0x0000000094a00000, 0x0000000094b00000, 0x0000000094b00000|100%| O|  |TAMS 0x0000000094a00000, 0x0000000094a00000| Untracked 
| 331|0x0000000094b00000, 0x0000000094c00000, 0x0000000094c00000|100%| O|  |TAMS 0x0000000094b00000, 0x0000000094b00000| Untracked 
| 332|0x0000000094c00000, 0x0000000094d00000, 0x0000000094d00000|100%| O|  |TAMS 0x0000000094c00000, 0x0000000094c00000| Untracked 
| 333|0x0000000094d00000, 0x0000000094e00000, 0x0000000094e00000|100%| O|  |TAMS 0x0000000094d00000, 0x0000000094d00000| Untracked 
| 334|0x0000000094e00000, 0x0000000094f00000, 0x0000000094f00000|100%| O|  |TAMS 0x0000000094e00000, 0x0000000094e00000| Untracked 
| 335|0x0000000094f00000, 0x0000000095000000, 0x0000000095000000|100%| O|  |TAMS 0x0000000094f00000, 0x0000000094f00000| Untracked 
| 336|0x0000000095000000, 0x0000000095100000, 0x0000000095100000|100%| O|  |TAMS 0x0000000095000000, 0x0000000095000000| Untracked 
| 337|0x0000000095100000, 0x0000000095200000, 0x0000000095200000|100%| O|  |TAMS 0x0000000095100000, 0x0000000095100000| Untracked 
| 338|0x0000000095200000, 0x0000000095300000, 0x0000000095300000|100%| O|  |TAMS 0x0000000095200000, 0x0000000095200000| Untracked 
| 339|0x0000000095300000, 0x0000000095400000, 0x0000000095400000|100%| O|  |TAMS 0x0000000095300000, 0x0000000095300000| Untracked 
| 340|0x0000000095400000, 0x0000000095500000, 0x0000000095500000|100%| O|  |TAMS 0x0000000095400000, 0x0000000095400000| Untracked 
| 341|0x0000000095500000, 0x0000000095600000, 0x0000000095600000|100%| O|  |TAMS 0x0000000095500000, 0x0000000095500000| Untracked 
| 342|0x0000000095600000, 0x0000000095700000, 0x0000000095700000|100%|HS|  |TAMS 0x0000000095600000, 0x0000000095600000| Complete 
| 343|0x0000000095700000, 0x0000000095800000, 0x0000000095800000|100%|HC|  |TAMS 0x0000000095700000, 0x0000000095700000| Complete 
| 344|0x0000000095800000, 0x0000000095900000, 0x0000000095900000|100%| O|  |TAMS 0x0000000095800000, 0x0000000095800000| Untracked 
| 345|0x0000000095900000, 0x0000000095a00000, 0x0000000095a00000|100%| O|  |TAMS 0x0000000095900000, 0x0000000095900000| Untracked 
| 346|0x0000000095a00000, 0x0000000095b00000, 0x0000000095b00000|100%| O|  |TAMS 0x0000000095a00000, 0x0000000095a00000| Untracked 
| 347|0x0000000095b00000, 0x0000000095c00000, 0x0000000095c00000|100%| O|  |TAMS 0x0000000095b00000, 0x0000000095b00000| Untracked 
| 348|0x0000000095c00000, 0x0000000095d00000, 0x0000000095d00000|100%| O|  |TAMS 0x0000000095c00000, 0x0000000095c00000| Untracked 
| 349|0x0000000095d00000, 0x0000000095e00000, 0x0000000095e00000|100%| O|  |TAMS 0x0000000095d00000, 0x0000000095d00000| Untracked 
| 350|0x0000000095e00000, 0x0000000095f00000, 0x0000000095f00000|100%| O|  |TAMS 0x0000000095e00000, 0x0000000095e00000| Untracked 
| 351|0x0000000095f00000, 0x0000000096000000, 0x0000000096000000|100%| O|  |TAMS 0x0000000095f00000, 0x0000000095f00000| Untracked 
| 352|0x0000000096000000, 0x0000000096100000, 0x0000000096100000|100%| O|  |TAMS 0x0000000096000000, 0x0000000096000000| Untracked 
| 353|0x0000000096100000, 0x0000000096200000, 0x0000000096200000|100%| O|  |TAMS 0x0000000096100000, 0x0000000096100000| Untracked 
| 354|0x0000000096200000, 0x0000000096300000, 0x0000000096300000|100%| O|  |TAMS 0x0000000096200000, 0x0000000096200000| Untracked 
| 355|0x0000000096300000, 0x0000000096400000, 0x0000000096400000|100%| O|  |TAMS 0x0000000096300000, 0x0000000096300000| Untracked 
| 356|0x0000000096400000, 0x0000000096500000, 0x0000000096500000|100%| O|  |TAMS 0x0000000096400000, 0x0000000096400000| Untracked 
| 357|0x0000000096500000, 0x0000000096600000, 0x0000000096600000|100%| O|  |TAMS 0x0000000096500000, 0x0000000096500000| Untracked 
| 358|0x0000000096600000, 0x0000000096700000, 0x0000000096700000|100%| O|  |TAMS 0x0000000096600000, 0x0000000096600000| Untracked 
| 359|0x0000000096700000, 0x0000000096800000, 0x0000000096800000|100%| O|  |TAMS 0x0000000096700000, 0x0000000096700000| Untracked 
| 360|0x0000000096800000, 0x0000000096900000, 0x0000000096900000|100%| O|  |TAMS 0x0000000096800000, 0x0000000096800000| Untracked 
| 361|0x0000000096900000, 0x0000000096a00000, 0x0000000096a00000|100%| O|  |TAMS 0x0000000096900000, 0x0000000096900000| Untracked 
| 362|0x0000000096a00000, 0x0000000096b00000, 0x0000000096b00000|100%| O|  |TAMS 0x0000000096a00000, 0x0000000096a00000| Untracked 
| 363|0x0000000096b00000, 0x0000000096c00000, 0x0000000096c00000|100%| O|  |TAMS 0x0000000096b00000, 0x0000000096b00000| Untracked 
| 364|0x0000000096c00000, 0x0000000096d00000, 0x0000000096d00000|100%| O|  |TAMS 0x0000000096c00000, 0x0000000096c00000| Untracked 
| 365|0x0000000096d00000, 0x0000000096e00000, 0x0000000096e00000|100%| O|  |TAMS 0x0000000096d00000, 0x0000000096d00000| Untracked 
| 366|0x0000000096e00000, 0x0000000096f00000, 0x0000000096f00000|100%| O|  |TAMS 0x0000000096e00000, 0x0000000096e00000| Untracked 
| 367|0x0000000096f00000, 0x0000000097000000, 0x0000000097000000|100%| O|  |TAMS 0x0000000096f00000, 0x0000000096f00000| Untracked 
| 368|0x0000000097000000, 0x0000000097100000, 0x0000000097100000|100%| O|  |TAMS 0x0000000097000000, 0x0000000097000000| Untracked 
| 369|0x0000000097100000, 0x0000000097200000, 0x0000000097200000|100%| O|  |TAMS 0x0000000097100000, 0x0000000097100000| Untracked 
| 370|0x0000000097200000, 0x0000000097300000, 0x0000000097300000|100%| O|  |TAMS 0x0000000097200000, 0x0000000097200000| Untracked 
| 371|0x0000000097300000, 0x0000000097400000, 0x0000000097400000|100%| O|  |TAMS 0x0000000097300000, 0x0000000097300000| Untracked 
| 372|0x0000000097400000, 0x0000000097500000, 0x0000000097500000|100%| O|  |TAMS 0x0000000097400000, 0x0000000097400000| Untracked 
| 373|0x0000000097500000, 0x0000000097600000, 0x0000000097600000|100%| O|  |TAMS 0x0000000097500000, 0x0000000097500000| Untracked 
| 374|0x0000000097600000, 0x0000000097700000, 0x0000000097700000|100%|HS|  |TAMS 0x0000000097600000, 0x0000000097600000| Complete 
| 375|0x0000000097700000, 0x0000000097800000, 0x0000000097800000|100%|HC|  |TAMS 0x0000000097700000, 0x0000000097700000| Complete 
| 376|0x0000000097800000, 0x0000000097900000, 0x0000000097900000|100%| O|  |TAMS 0x0000000097800000, 0x0000000097800000| Untracked 
| 377|0x0000000097900000, 0x0000000097a00000, 0x0000000097a00000|100%| O|  |TAMS 0x0000000097900000, 0x0000000097900000| Untracked 
| 378|0x0000000097a00000, 0x0000000097b00000, 0x0000000097b00000|100%| O|  |TAMS 0x0000000097a00000, 0x0000000097a00000| Untracked 
| 379|0x0000000097b00000, 0x0000000097c00000, 0x0000000097c00000|100%| O|  |TAMS 0x0000000097b00000, 0x0000000097b00000| Untracked 
| 380|0x0000000097c00000, 0x0000000097d00000, 0x0000000097d00000|100%| O|  |TAMS 0x0000000097c00000, 0x0000000097c00000| Untracked 
| 381|0x0000000097d00000, 0x0000000097e00000, 0x0000000097e00000|100%| O|  |TAMS 0x0000000097d00000, 0x0000000097d00000| Untracked 
| 382|0x0000000097e00000, 0x0000000097f00000, 0x0000000097f00000|100%|HS|  |TAMS 0x0000000097e00000, 0x0000000097e00000| Complete 
| 383|0x0000000097f00000, 0x0000000098000000, 0x0000000098000000|100%|HC|  |TAMS 0x0000000097f00000, 0x0000000097f00000| Complete 
| 384|0x0000000098000000, 0x0000000098100000, 0x0000000098100000|100%| O|  |TAMS 0x0000000098000000, 0x0000000098000000| Untracked 
| 385|0x0000000098100000, 0x0000000098200000, 0x0000000098200000|100%| O|  |TAMS 0x0000000098100000, 0x0000000098100000| Untracked 
| 386|0x0000000098200000, 0x0000000098300000, 0x0000000098300000|100%| O|  |TAMS 0x0000000098200000, 0x0000000098200000| Untracked 
| 387|0x0000000098300000, 0x0000000098400000, 0x0000000098400000|100%| O|  |TAMS 0x0000000098300000, 0x0000000098300000| Untracked 
| 388|0x0000000098400000, 0x0000000098500000, 0x0000000098500000|100%| O|  |TAMS 0x0000000098400000, 0x0000000098400000| Untracked 
| 389|0x0000000098500000, 0x0000000098600000, 0x0000000098600000|100%| O|  |TAMS 0x0000000098500000, 0x0000000098500000| Untracked 
| 390|0x0000000098600000, 0x0000000098700000, 0x0000000098700000|100%| O|  |TAMS 0x0000000098600000, 0x0000000098600000| Untracked 
| 391|0x0000000098700000, 0x0000000098800000, 0x0000000098800000|100%| O|  |TAMS 0x0000000098700000, 0x0000000098700000| Untracked 
| 392|0x0000000098800000, 0x0000000098900000, 0x0000000098900000|100%| O|  |TAMS 0x0000000098800000, 0x0000000098800000| Untracked 
| 393|0x0000000098900000, 0x0000000098a00000, 0x0000000098a00000|100%| O|  |TAMS 0x0000000098900000, 0x0000000098900000| Untracked 
| 394|0x0000000098a00000, 0x0000000098b00000, 0x0000000098b00000|100%| O|  |TAMS 0x0000000098a00000, 0x0000000098a00000| Untracked 
| 395|0x0000000098b00000, 0x0000000098c00000, 0x0000000098c00000|100%| O|  |TAMS 0x0000000098b00000, 0x0000000098b00000| Untracked 
| 396|0x0000000098c00000, 0x0000000098d00000, 0x0000000098d00000|100%| O|  |TAMS 0x0000000098c00000, 0x0000000098c00000| Untracked 
| 397|0x0000000098d00000, 0x0000000098e00000, 0x0000000098e00000|100%| O|  |TAMS 0x0000000098d00000, 0x0000000098d00000| Untracked 
| 398|0x0000000098e00000, 0x0000000098f00000, 0x0000000098f00000|100%| O|  |TAMS 0x0000000098e00000, 0x0000000098e00000| Untracked 
| 399|0x0000000098f00000, 0x0000000098f57a00, 0x0000000099000000| 34%| O|  |TAMS 0x0000000098f00000, 0x0000000098f00000| Untracked 
| 400|0x0000000099000000, 0x0000000099100000, 0x0000000099100000|100%|HS|  |TAMS 0x0000000099000000, 0x0000000099000000| Complete 
| 401|0x0000000099100000, 0x0000000099200000, 0x0000000099200000|100%|HC|  |TAMS 0x0000000099100000, 0x0000000099100000| Complete 
| 402|0x0000000099200000, 0x0000000099200000, 0x0000000099300000|  0%| F|  |TAMS 0x0000000099200000, 0x0000000099200000| Untracked 
| 403|0x0000000099300000, 0x0000000099300000, 0x0000000099400000|  0%| F|  |TAMS 0x0000000099300000, 0x0000000099300000| Untracked 
| 404|0x0000000099400000, 0x0000000099400000, 0x0000000099500000|  0%| F|  |TAMS 0x0000000099400000, 0x0000000099400000| Untracked 
| 405|0x0000000099500000, 0x0000000099500000, 0x0000000099600000|  0%| F|  |TAMS 0x0000000099500000, 0x0000000099500000| Untracked 
| 406|0x0000000099600000, 0x0000000099600000, 0x0000000099700000|  0%| F|  |TAMS 0x0000000099600000, 0x0000000099600000| Untracked 
| 407|0x0000000099700000, 0x0000000099700000, 0x0000000099800000|  0%| F|  |TAMS 0x0000000099700000, 0x0000000099700000| Untracked 
| 408|0x0000000099800000, 0x0000000099800000, 0x0000000099900000|  0%| F|  |TAMS 0x0000000099800000, 0x0000000099800000| Untracked 
| 409|0x0000000099900000, 0x0000000099900000, 0x0000000099a00000|  0%| F|  |TAMS 0x0000000099900000, 0x0000000099900000| Untracked 
| 410|0x0000000099a00000, 0x0000000099a00000, 0x0000000099b00000|  0%| F|  |TAMS 0x0000000099a00000, 0x0000000099a00000| Untracked 
| 411|0x0000000099b00000, 0x0000000099b00000, 0x0000000099c00000|  0%| F|  |TAMS 0x0000000099b00000, 0x0000000099b00000| Untracked 
| 412|0x0000000099c00000, 0x0000000099c00000, 0x0000000099d00000|  0%| F|  |TAMS 0x0000000099c00000, 0x0000000099c00000| Untracked 
| 413|0x0000000099d00000, 0x0000000099d00000, 0x0000000099e00000|  0%| F|  |TAMS 0x0000000099d00000, 0x0000000099d00000| Untracked 
| 414|0x0000000099e00000, 0x0000000099e00000, 0x0000000099f00000|  0%| F|  |TAMS 0x0000000099e00000, 0x0000000099e00000| Untracked 
| 415|0x0000000099f00000, 0x0000000099f00000, 0x000000009a000000|  0%| F|  |TAMS 0x0000000099f00000, 0x0000000099f00000| Untracked 
| 416|0x000000009a000000, 0x000000009a000000, 0x000000009a100000|  0%| F|  |TAMS 0x000000009a000000, 0x000000009a000000| Untracked 
| 417|0x000000009a100000, 0x000000009a100000, 0x000000009a200000|  0%| F|  |TAMS 0x000000009a100000, 0x000000009a100000| Untracked 
| 418|0x000000009a200000, 0x000000009a200000, 0x000000009a300000|  0%| F|  |TAMS 0x000000009a200000, 0x000000009a200000| Untracked 
| 419|0x000000009a300000, 0x000000009a300000, 0x000000009a400000|  0%| F|  |TAMS 0x000000009a300000, 0x000000009a300000| Untracked 
| 420|0x000000009a400000, 0x000000009a400000, 0x000000009a500000|  0%| F|  |TAMS 0x000000009a400000, 0x000000009a400000| Untracked 
| 421|0x000000009a500000, 0x000000009a500000, 0x000000009a600000|  0%| F|  |TAMS 0x000000009a500000, 0x000000009a500000| Untracked 
| 422|0x000000009a600000, 0x000000009a600000, 0x000000009a700000|  0%| F|  |TAMS 0x000000009a600000, 0x000000009a600000| Untracked 
| 423|0x000000009a700000, 0x000000009a700000, 0x000000009a800000|  0%| F|  |TAMS 0x000000009a700000, 0x000000009a700000| Untracked 
| 424|0x000000009a800000, 0x000000009a800000, 0x000000009a900000|  0%| F|  |TAMS 0x000000009a800000, 0x000000009a800000| Untracked 
| 425|0x000000009a900000, 0x000000009a900000, 0x000000009aa00000|  0%| F|  |TAMS 0x000000009a900000, 0x000000009a900000| Untracked 
| 426|0x000000009aa00000, 0x000000009aa00000, 0x000000009ab00000|  0%| F|  |TAMS 0x000000009aa00000, 0x000000009aa00000| Untracked 
| 427|0x000000009ab00000, 0x000000009ab00000, 0x000000009ac00000|  0%| F|  |TAMS 0x000000009ab00000, 0x000000009ab00000| Untracked 
| 428|0x000000009ac00000, 0x000000009ac00000, 0x000000009ad00000|  0%| F|  |TAMS 0x000000009ac00000, 0x000000009ac00000| Untracked 
| 429|0x000000009ad00000, 0x000000009ad00000, 0x000000009ae00000|  0%| F|  |TAMS 0x000000009ad00000, 0x000000009ad00000| Untracked 
| 430|0x000000009ae00000, 0x000000009ae00000, 0x000000009af00000|  0%| F|  |TAMS 0x000000009ae00000, 0x000000009ae00000| Untracked 
| 431|0x000000009af00000, 0x000000009af00000, 0x000000009b000000|  0%| F|  |TAMS 0x000000009af00000, 0x000000009af00000| Untracked 
| 432|0x000000009b000000, 0x000000009b000000, 0x000000009b100000|  0%| F|  |TAMS 0x000000009b000000, 0x000000009b000000| Untracked 
| 433|0x000000009b100000, 0x000000009b100000, 0x000000009b200000|  0%| F|  |TAMS 0x000000009b100000, 0x000000009b100000| Untracked 
| 434|0x000000009b200000, 0x000000009b200000, 0x000000009b300000|  0%| F|  |TAMS 0x000000009b200000, 0x000000009b200000| Untracked 
| 435|0x000000009b300000, 0x000000009b300000, 0x000000009b400000|  0%| F|  |TAMS 0x000000009b300000, 0x000000009b300000| Untracked 
| 436|0x000000009b400000, 0x000000009b400000, 0x000000009b500000|  0%| F|  |TAMS 0x000000009b400000, 0x000000009b400000| Untracked 
| 437|0x000000009b500000, 0x000000009b500000, 0x000000009b600000|  0%| F|  |TAMS 0x000000009b500000, 0x000000009b500000| Untracked 
| 438|0x000000009b600000, 0x000000009b600000, 0x000000009b700000|  0%| F|  |TAMS 0x000000009b600000, 0x000000009b600000| Untracked 
| 439|0x000000009b700000, 0x000000009b700000, 0x000000009b800000|  0%| F|  |TAMS 0x000000009b700000, 0x000000009b700000| Untracked 
| 440|0x000000009b800000, 0x000000009b800000, 0x000000009b900000|  0%| F|  |TAMS 0x000000009b800000, 0x000000009b800000| Untracked 
| 441|0x000000009b900000, 0x000000009b900000, 0x000000009ba00000|  0%| F|  |TAMS 0x000000009b900000, 0x000000009b900000| Untracked 
| 442|0x000000009ba00000, 0x000000009ba00000, 0x000000009bb00000|  0%| F|  |TAMS 0x000000009ba00000, 0x000000009ba00000| Untracked 
| 443|0x000000009bb00000, 0x000000009bb00000, 0x000000009bc00000|  0%| F|  |TAMS 0x000000009bb00000, 0x000000009bb00000| Untracked 
| 444|0x000000009bc00000, 0x000000009bc00000, 0x000000009bd00000|  0%| F|  |TAMS 0x000000009bc00000, 0x000000009bc00000| Untracked 
| 445|0x000000009bd00000, 0x000000009bd00000, 0x000000009be00000|  0%| F|  |TAMS 0x000000009bd00000, 0x000000009bd00000| Untracked 
| 446|0x000000009be00000, 0x000000009be00000, 0x000000009bf00000|  0%| F|  |TAMS 0x000000009be00000, 0x000000009be00000| Untracked 
| 447|0x000000009bf00000, 0x000000009bf00000, 0x000000009c000000|  0%| F|  |TAMS 0x000000009bf00000, 0x000000009bf00000| Untracked 
| 448|0x000000009c000000, 0x000000009c000000, 0x000000009c100000|  0%| F|  |TAMS 0x000000009c000000, 0x000000009c000000| Untracked 
| 449|0x000000009c100000, 0x000000009c100000, 0x000000009c200000|  0%| F|  |TAMS 0x000000009c100000, 0x000000009c100000| Untracked 
| 450|0x000000009c200000, 0x000000009c200000, 0x000000009c300000|  0%| F|  |TAMS 0x000000009c200000, 0x000000009c200000| Untracked 
| 451|0x000000009c300000, 0x000000009c300000, 0x000000009c400000|  0%| F|  |TAMS 0x000000009c300000, 0x000000009c300000| Untracked 
| 452|0x000000009c400000, 0x000000009c400000, 0x000000009c500000|  0%| F|  |TAMS 0x000000009c400000, 0x000000009c400000| Untracked 
| 453|0x000000009c500000, 0x000000009c500000, 0x000000009c600000|  0%| F|  |TAMS 0x000000009c500000, 0x000000009c500000| Untracked 
| 454|0x000000009c600000, 0x000000009c600000, 0x000000009c700000|  0%| F|  |TAMS 0x000000009c600000, 0x000000009c600000| Untracked 
| 455|0x000000009c700000, 0x000000009c700000, 0x000000009c800000|  0%| F|  |TAMS 0x000000009c700000, 0x000000009c700000| Untracked 
| 456|0x000000009c800000, 0x000000009c800000, 0x000000009c900000|  0%| F|  |TAMS 0x000000009c800000, 0x000000009c800000| Untracked 
| 457|0x000000009c900000, 0x000000009c900000, 0x000000009ca00000|  0%| F|  |TAMS 0x000000009c900000, 0x000000009c900000| Untracked 
| 458|0x000000009ca00000, 0x000000009ca00000, 0x000000009cb00000|  0%| F|  |TAMS 0x000000009ca00000, 0x000000009ca00000| Untracked 
| 459|0x000000009cb00000, 0x000000009cb00000, 0x000000009cc00000|  0%| F|  |TAMS 0x000000009cb00000, 0x000000009cb00000| Untracked 
| 460|0x000000009cc00000, 0x000000009cc00000, 0x000000009cd00000|  0%| F|  |TAMS 0x000000009cc00000, 0x000000009cc00000| Untracked 
| 461|0x000000009cd00000, 0x000000009cd00000, 0x000000009ce00000|  0%| F|  |TAMS 0x000000009cd00000, 0x000000009cd00000| Untracked 
| 462|0x000000009ce00000, 0x000000009ce00000, 0x000000009cf00000|  0%| F|  |TAMS 0x000000009ce00000, 0x000000009ce00000| Untracked 
| 463|0x000000009cf00000, 0x000000009cf00000, 0x000000009d000000|  0%| F|  |TAMS 0x000000009cf00000, 0x000000009cf00000| Untracked 
| 464|0x000000009d000000, 0x000000009d000000, 0x000000009d100000|  0%| F|  |TAMS 0x000000009d000000, 0x000000009d000000| Untracked 
| 465|0x000000009d100000, 0x000000009d100000, 0x000000009d200000|  0%| F|  |TAMS 0x000000009d100000, 0x000000009d100000| Untracked 
| 466|0x000000009d200000, 0x000000009d200000, 0x000000009d300000|  0%| F|  |TAMS 0x000000009d200000, 0x000000009d200000| Untracked 
| 467|0x000000009d300000, 0x000000009d300000, 0x000000009d400000|  0%| F|  |TAMS 0x000000009d300000, 0x000000009d300000| Untracked 
| 468|0x000000009d400000, 0x000000009d400000, 0x000000009d500000|  0%| F|  |TAMS 0x000000009d400000, 0x000000009d400000| Untracked 
| 469|0x000000009d500000, 0x000000009d500000, 0x000000009d600000|  0%| F|  |TAMS 0x000000009d500000, 0x000000009d500000| Untracked 
| 470|0x000000009d600000, 0x000000009d600000, 0x000000009d700000|  0%| F|  |TAMS 0x000000009d600000, 0x000000009d600000| Untracked 
| 471|0x000000009d700000, 0x000000009d700000, 0x000000009d800000|  0%| F|  |TAMS 0x000000009d700000, 0x000000009d700000| Untracked 
| 472|0x000000009d800000, 0x000000009d800000, 0x000000009d900000|  0%| F|  |TAMS 0x000000009d800000, 0x000000009d800000| Untracked 
| 473|0x000000009d900000, 0x000000009d900000, 0x000000009da00000|  0%| F|  |TAMS 0x000000009d900000, 0x000000009d900000| Untracked 
| 474|0x000000009da00000, 0x000000009da00000, 0x000000009db00000|  0%| F|  |TAMS 0x000000009da00000, 0x000000009da00000| Untracked 
| 475|0x000000009db00000, 0x000000009db00000, 0x000000009dc00000|  0%| F|  |TAMS 0x000000009db00000, 0x000000009db00000| Untracked 
| 476|0x000000009dc00000, 0x000000009dc00000, 0x000000009dd00000|  0%| F|  |TAMS 0x000000009dc00000, 0x000000009dc00000| Untracked 
| 477|0x000000009dd00000, 0x000000009dd00000, 0x000000009de00000|  0%| F|  |TAMS 0x000000009dd00000, 0x000000009dd00000| Untracked 
| 478|0x000000009de00000, 0x000000009de00000, 0x000000009df00000|  0%| F|  |TAMS 0x000000009de00000, 0x000000009de00000| Untracked 
| 479|0x000000009df00000, 0x000000009df00000, 0x000000009e000000|  0%| F|  |TAMS 0x000000009df00000, 0x000000009df00000| Untracked 
| 480|0x000000009e000000, 0x000000009e000000, 0x000000009e100000|  0%| F|  |TAMS 0x000000009e000000, 0x000000009e000000| Untracked 
| 481|0x000000009e100000, 0x000000009e100000, 0x000000009e200000|  0%| F|  |TAMS 0x000000009e100000, 0x000000009e100000| Untracked 
| 482|0x000000009e200000, 0x000000009e200000, 0x000000009e300000|  0%| F|  |TAMS 0x000000009e200000, 0x000000009e200000| Untracked 
| 483|0x000000009e300000, 0x000000009e300000, 0x000000009e400000|  0%| F|  |TAMS 0x000000009e300000, 0x000000009e300000| Untracked 
| 484|0x000000009e400000, 0x000000009e400000, 0x000000009e500000|  0%| F|  |TAMS 0x000000009e400000, 0x000000009e400000| Untracked 
| 485|0x000000009e500000, 0x000000009e500000, 0x000000009e600000|  0%| F|  |TAMS 0x000000009e500000, 0x000000009e500000| Untracked 
| 486|0x000000009e600000, 0x000000009e600000, 0x000000009e700000|  0%| F|  |TAMS 0x000000009e600000, 0x000000009e600000| Untracked 
| 487|0x000000009e700000, 0x000000009e7e9f40, 0x000000009e800000| 91%| S|CS|TAMS 0x000000009e700000, 0x000000009e700000| Complete 
| 488|0x000000009e800000, 0x000000009e900000, 0x000000009e900000|100%| S|CS|TAMS 0x000000009e800000, 0x000000009e800000| Complete 
| 489|0x000000009e900000, 0x000000009ea00000, 0x000000009ea00000|100%| S|CS|TAMS 0x000000009e900000, 0x000000009e900000| Complete 
| 490|0x000000009ea00000, 0x000000009eb00000, 0x000000009eb00000|100%| S|CS|TAMS 0x000000009ea00000, 0x000000009ea00000| Complete 
| 491|0x000000009eb00000, 0x000000009ec00000, 0x000000009ec00000|100%| S|CS|TAMS 0x000000009eb00000, 0x000000009eb00000| Complete 
| 492|0x000000009ec00000, 0x000000009ec00000, 0x000000009ed00000|  0%| F|  |TAMS 0x000000009ec00000, 0x000000009ec00000| Untracked 
| 493|0x000000009ed00000, 0x000000009ed00000, 0x000000009ee00000|  0%| F|  |TAMS 0x000000009ed00000, 0x000000009ed00000| Untracked 
| 494|0x000000009ee00000, 0x000000009ee00000, 0x000000009ef00000|  0%| F|  |TAMS 0x000000009ee00000, 0x000000009ee00000| Untracked 
| 495|0x000000009ef00000, 0x000000009ef00000, 0x000000009f000000|  0%| F|  |TAMS 0x000000009ef00000, 0x000000009ef00000| Untracked 
| 496|0x000000009f000000, 0x000000009f000000, 0x000000009f100000|  0%| F|  |TAMS 0x000000009f000000, 0x000000009f000000| Untracked 
| 497|0x000000009f100000, 0x000000009f100000, 0x000000009f200000|  0%| F|  |TAMS 0x000000009f100000, 0x000000009f100000| Untracked 
| 498|0x000000009f200000, 0x000000009f200000, 0x000000009f300000|  0%| F|  |TAMS 0x000000009f200000, 0x000000009f200000| Untracked 
| 499|0x000000009f300000, 0x000000009f300000, 0x000000009f400000|  0%| F|  |TAMS 0x000000009f300000, 0x000000009f300000| Untracked 
| 500|0x000000009f400000, 0x000000009f400000, 0x000000009f500000|  0%| F|  |TAMS 0x000000009f400000, 0x000000009f400000| Untracked 
| 501|0x000000009f500000, 0x000000009f500000, 0x000000009f600000|  0%| F|  |TAMS 0x000000009f500000, 0x000000009f500000| Untracked 
| 502|0x000000009f600000, 0x000000009f600000, 0x000000009f700000|  0%| F|  |TAMS 0x000000009f600000, 0x000000009f600000| Untracked 
| 503|0x000000009f700000, 0x000000009f700000, 0x000000009f800000|  0%| F|  |TAMS 0x000000009f700000, 0x000000009f700000| Untracked 
| 504|0x000000009f800000, 0x000000009f800000, 0x000000009f900000|  0%| F|  |TAMS 0x000000009f800000, 0x000000009f800000| Untracked 
| 505|0x000000009f900000, 0x000000009f900000, 0x000000009fa00000|  0%| F|  |TAMS 0x000000009f900000, 0x000000009f900000| Untracked 
| 506|0x000000009fa00000, 0x000000009fa00000, 0x000000009fb00000|  0%| F|  |TAMS 0x000000009fa00000, 0x000000009fa00000| Untracked 
| 507|0x000000009fb00000, 0x000000009fb00000, 0x000000009fc00000|  0%| F|  |TAMS 0x000000009fb00000, 0x000000009fb00000| Untracked 
| 508|0x000000009fc00000, 0x000000009fc00000, 0x000000009fd00000|  0%| F|  |TAMS 0x000000009fc00000, 0x000000009fc00000| Untracked 
| 509|0x000000009fd00000, 0x000000009fd00000, 0x000000009fe00000|  0%| F|  |TAMS 0x000000009fd00000, 0x000000009fd00000| Untracked 
| 510|0x000000009fe00000, 0x000000009fe00000, 0x000000009ff00000|  0%| F|  |TAMS 0x000000009fe00000, 0x000000009fe00000| Untracked 
| 511|0x000000009ff00000, 0x000000009ff00000, 0x00000000a0000000|  0%| F|  |TAMS 0x000000009ff00000, 0x000000009ff00000| Untracked 
| 512|0x00000000a0000000, 0x00000000a002a8c0, 0x00000000a0100000| 16%| E|  |TAMS 0x00000000a0000000, 0x00000000a0000000| Complete 
| 513|0x00000000a0100000, 0x00000000a0200000, 0x00000000a0200000|100%| E|CS|TAMS 0x00000000a0100000, 0x00000000a0100000| Complete 
| 514|0x00000000a0200000, 0x00000000a0300000, 0x00000000a0300000|100%| E|CS|TAMS 0x00000000a0200000, 0x00000000a0200000| Complete 
| 515|0x00000000a0300000, 0x00000000a0400000, 0x00000000a0400000|100%| E|CS|TAMS 0x00000000a0300000, 0x00000000a0300000| Complete 
| 516|0x00000000a0400000, 0x00000000a0500000, 0x00000000a0500000|100%| E|CS|TAMS 0x00000000a0400000, 0x00000000a0400000| Complete 
| 517|0x00000000a0500000, 0x00000000a0600000, 0x00000000a0600000|100%| E|CS|TAMS 0x00000000a0500000, 0x00000000a0500000| Complete 
| 518|0x00000000a0600000, 0x00000000a0700000, 0x00000000a0700000|100%| E|CS|TAMS 0x00000000a0600000, 0x00000000a0600000| Complete 
| 519|0x00000000a0700000, 0x00000000a0800000, 0x00000000a0800000|100%| E|CS|TAMS 0x00000000a0700000, 0x00000000a0700000| Complete 
| 520|0x00000000a0800000, 0x00000000a0900000, 0x00000000a0900000|100%| E|CS|TAMS 0x00000000a0800000, 0x00000000a0800000| Complete 
| 521|0x00000000a0900000, 0x00000000a0a00000, 0x00000000a0a00000|100%| E|CS|TAMS 0x00000000a0900000, 0x00000000a0900000| Complete 
| 522|0x00000000a0a00000, 0x00000000a0b00000, 0x00000000a0b00000|100%| E|CS|TAMS 0x00000000a0a00000, 0x00000000a0a00000| Complete 
| 523|0x00000000a0b00000, 0x00000000a0c00000, 0x00000000a0c00000|100%| E|CS|TAMS 0x00000000a0b00000, 0x00000000a0b00000| Complete 
| 524|0x00000000a0c00000, 0x00000000a0d00000, 0x00000000a0d00000|100%| E|CS|TAMS 0x00000000a0c00000, 0x00000000a0c00000| Complete 
| 525|0x00000000a0d00000, 0x00000000a0e00000, 0x00000000a0e00000|100%| E|CS|TAMS 0x00000000a0d00000, 0x00000000a0d00000| Complete 
| 526|0x00000000a0e00000, 0x00000000a0f00000, 0x00000000a0f00000|100%| E|CS|TAMS 0x00000000a0e00000, 0x00000000a0e00000| Complete 
| 527|0x00000000a0f00000, 0x00000000a1000000, 0x00000000a1000000|100%| E|CS|TAMS 0x00000000a0f00000, 0x00000000a0f00000| Complete 
| 528|0x00000000a1000000, 0x00000000a1100000, 0x00000000a1100000|100%| E|CS|TAMS 0x00000000a1000000, 0x00000000a1000000| Complete 
| 529|0x00000000a1100000, 0x00000000a1200000, 0x00000000a1200000|100%| E|CS|TAMS 0x00000000a1100000, 0x00000000a1100000| Complete 
| 530|0x00000000a1200000, 0x00000000a1300000, 0x00000000a1300000|100%| E|  |TAMS 0x00000000a1200000, 0x00000000a1200000| Complete 
| 531|0x00000000a1300000, 0x00000000a1400000, 0x00000000a1400000|100%| E|CS|TAMS 0x00000000a1300000, 0x00000000a1300000| Complete 
| 532|0x00000000a1400000, 0x00000000a1500000, 0x00000000a1500000|100%| E|CS|TAMS 0x00000000a1400000, 0x00000000a1400000| Complete 
| 533|0x00000000a1500000, 0x00000000a1600000, 0x00000000a1600000|100%| E|CS|TAMS 0x00000000a1500000, 0x00000000a1500000| Complete 
| 534|0x00000000a1600000, 0x00000000a1700000, 0x00000000a1700000|100%| E|CS|TAMS 0x00000000a1600000, 0x00000000a1600000| Complete 
| 535|0x00000000a1700000, 0x00000000a1800000, 0x00000000a1800000|100%| E|CS|TAMS 0x00000000a1700000, 0x00000000a1700000| Complete 
| 536|0x00000000a1800000, 0x00000000a1900000, 0x00000000a1900000|100%| E|CS|TAMS 0x00000000a1800000, 0x00000000a1800000| Complete 
| 537|0x00000000a1900000, 0x00000000a1a00000, 0x00000000a1a00000|100%| E|CS|TAMS 0x00000000a1900000, 0x00000000a1900000| Complete 
| 538|0x00000000a1a00000, 0x00000000a1b00000, 0x00000000a1b00000|100%| E|CS|TAMS 0x00000000a1a00000, 0x00000000a1a00000| Complete 
| 539|0x00000000a1b00000, 0x00000000a1c00000, 0x00000000a1c00000|100%| E|CS|TAMS 0x00000000a1b00000, 0x00000000a1b00000| Complete 
| 540|0x00000000a1c00000, 0x00000000a1d00000, 0x00000000a1d00000|100%| E|CS|TAMS 0x00000000a1c00000, 0x00000000a1c00000| Complete 
| 541|0x00000000a1d00000, 0x00000000a1e00000, 0x00000000a1e00000|100%| E|CS|TAMS 0x00000000a1d00000, 0x00000000a1d00000| Complete 
| 542|0x00000000a1e00000, 0x00000000a1f00000, 0x00000000a1f00000|100%| E|CS|TAMS 0x00000000a1e00000, 0x00000000a1e00000| Complete 
| 543|0x00000000a1f00000, 0x00000000a2000000, 0x00000000a2000000|100%| E|CS|TAMS 0x00000000a1f00000, 0x00000000a1f00000| Complete 
| 544|0x00000000a2000000, 0x00000000a2100000, 0x00000000a2100000|100%| E|CS|TAMS 0x00000000a2000000, 0x00000000a2000000| Complete 
| 545|0x00000000a2100000, 0x00000000a2200000, 0x00000000a2200000|100%| E|CS|TAMS 0x00000000a2100000, 0x00000000a2100000| Complete 
| 546|0x00000000a2200000, 0x00000000a2300000, 0x00000000a2300000|100%| E|CS|TAMS 0x00000000a2200000, 0x00000000a2200000| Complete 
| 547|0x00000000a2300000, 0x00000000a2400000, 0x00000000a2400000|100%| E|CS|TAMS 0x00000000a2300000, 0x00000000a2300000| Complete 
| 548|0x00000000a2400000, 0x00000000a2500000, 0x00000000a2500000|100%| E|CS|TAMS 0x00000000a2400000, 0x00000000a2400000| Complete 
| 549|0x00000000a2500000, 0x00000000a2600000, 0x00000000a2600000|100%| E|CS|TAMS 0x00000000a2500000, 0x00000000a2500000| Complete 
| 550|0x00000000a2600000, 0x00000000a2700000, 0x00000000a2700000|100%| E|CS|TAMS 0x00000000a2600000, 0x00000000a2600000| Complete 
| 551|0x00000000a2700000, 0x00000000a2800000, 0x00000000a2800000|100%| E|CS|TAMS 0x00000000a2700000, 0x00000000a2700000| Complete 
| 552|0x00000000a2800000, 0x00000000a2900000, 0x00000000a2900000|100%| E|CS|TAMS 0x00000000a2800000, 0x00000000a2800000| Complete 
| 553|0x00000000a2900000, 0x00000000a2a00000, 0x00000000a2a00000|100%| E|CS|TAMS 0x00000000a2900000, 0x00000000a2900000| Complete 
| 554|0x00000000a2a00000, 0x00000000a2b00000, 0x00000000a2b00000|100%| E|CS|TAMS 0x00000000a2a00000, 0x00000000a2a00000| Complete 
| 555|0x00000000a2b00000, 0x00000000a2c00000, 0x00000000a2c00000|100%| E|CS|TAMS 0x00000000a2b00000, 0x00000000a2b00000| Complete 
| 556|0x00000000a2c00000, 0x00000000a2d00000, 0x00000000a2d00000|100%| E|CS|TAMS 0x00000000a2c00000, 0x00000000a2c00000| Complete 
| 557|0x00000000a2d00000, 0x00000000a2e00000, 0x00000000a2e00000|100%| E|CS|TAMS 0x00000000a2d00000, 0x00000000a2d00000| Complete 
| 558|0x00000000a2e00000, 0x00000000a2f00000, 0x00000000a2f00000|100%| E|CS|TAMS 0x00000000a2e00000, 0x00000000a2e00000| Complete 
| 559|0x00000000a2f00000, 0x00000000a3000000, 0x00000000a3000000|100%| E|CS|TAMS 0x00000000a2f00000, 0x00000000a2f00000| Complete 
| 560|0x00000000a3000000, 0x00000000a3100000, 0x00000000a3100000|100%| E|CS|TAMS 0x00000000a3000000, 0x00000000a3000000| Complete 
| 561|0x00000000a3100000, 0x00000000a3200000, 0x00000000a3200000|100%| E|CS|TAMS 0x00000000a3100000, 0x00000000a3100000| Complete 
| 562|0x00000000a3200000, 0x00000000a3300000, 0x00000000a3300000|100%| E|CS|TAMS 0x00000000a3200000, 0x00000000a3200000| Complete 
| 563|0x00000000a3300000, 0x00000000a3400000, 0x00000000a3400000|100%| E|CS|TAMS 0x00000000a3300000, 0x00000000a3300000| Complete 
| 564|0x00000000a3400000, 0x00000000a3500000, 0x00000000a3500000|100%| E|CS|TAMS 0x00000000a3400000, 0x00000000a3400000| Complete 
| 565|0x00000000a3500000, 0x00000000a3600000, 0x00000000a3600000|100%| E|CS|TAMS 0x00000000a3500000, 0x00000000a3500000| Complete 
| 566|0x00000000a3600000, 0x00000000a3700000, 0x00000000a3700000|100%| E|CS|TAMS 0x00000000a3600000, 0x00000000a3600000| Complete 
| 567|0x00000000a3700000, 0x00000000a3800000, 0x00000000a3800000|100%| E|CS|TAMS 0x00000000a3700000, 0x00000000a3700000| Complete 
| 568|0x00000000a3800000, 0x00000000a3900000, 0x00000000a3900000|100%| E|CS|TAMS 0x00000000a3800000, 0x00000000a3800000| Complete 
| 569|0x00000000a3900000, 0x00000000a3a00000, 0x00000000a3a00000|100%| E|CS|TAMS 0x00000000a3900000, 0x00000000a3900000| Complete 
| 570|0x00000000a3a00000, 0x00000000a3b00000, 0x00000000a3b00000|100%| E|CS|TAMS 0x00000000a3a00000, 0x00000000a3a00000| Complete 
| 571|0x00000000a3b00000, 0x00000000a3c00000, 0x00000000a3c00000|100%| E|CS|TAMS 0x00000000a3b00000, 0x00000000a3b00000| Complete 
| 572|0x00000000a3c00000, 0x00000000a3d00000, 0x00000000a3d00000|100%| E|CS|TAMS 0x00000000a3c00000, 0x00000000a3c00000| Complete 
| 573|0x00000000a3d00000, 0x00000000a3e00000, 0x00000000a3e00000|100%| E|CS|TAMS 0x00000000a3d00000, 0x00000000a3d00000| Complete 
| 574|0x00000000a3e00000, 0x00000000a3f00000, 0x00000000a3f00000|100%| E|CS|TAMS 0x00000000a3e00000, 0x00000000a3e00000| Complete 
| 575|0x00000000a3f00000, 0x00000000a4000000, 0x00000000a4000000|100%| E|CS|TAMS 0x00000000a3f00000, 0x00000000a3f00000| Complete 
| 576|0x00000000a4000000, 0x00000000a4100000, 0x00000000a4100000|100%| E|CS|TAMS 0x00000000a4000000, 0x00000000a4000000| Complete 
| 577|0x00000000a4100000, 0x00000000a4200000, 0x00000000a4200000|100%| E|CS|TAMS 0x00000000a4100000, 0x00000000a4100000| Complete 
| 578|0x00000000a4200000, 0x00000000a4300000, 0x00000000a4300000|100%| E|CS|TAMS 0x00000000a4200000, 0x00000000a4200000| Complete 
| 579|0x00000000a4300000, 0x00000000a4400000, 0x00000000a4400000|100%| E|CS|TAMS 0x00000000a4300000, 0x00000000a4300000| Complete 
| 580|0x00000000a4400000, 0x00000000a4500000, 0x00000000a4500000|100%| E|CS|TAMS 0x00000000a4400000, 0x00000000a4400000| Complete 
| 581|0x00000000a4500000, 0x00000000a4600000, 0x00000000a4600000|100%| E|CS|TAMS 0x00000000a4500000, 0x00000000a4500000| Complete 
| 582|0x00000000a4600000, 0x00000000a4700000, 0x00000000a4700000|100%| E|CS|TAMS 0x00000000a4600000, 0x00000000a4600000| Complete 
| 583|0x00000000a4700000, 0x00000000a4800000, 0x00000000a4800000|100%| E|CS|TAMS 0x00000000a4700000, 0x00000000a4700000| Complete 
| 584|0x00000000a4800000, 0x00000000a4900000, 0x00000000a4900000|100%| E|CS|TAMS 0x00000000a4800000, 0x00000000a4800000| Complete 
| 585|0x00000000a4900000, 0x00000000a4a00000, 0x00000000a4a00000|100%| E|CS|TAMS 0x00000000a4900000, 0x00000000a4900000| Complete 
| 586|0x00000000a4a00000, 0x00000000a4b00000, 0x00000000a4b00000|100%| E|CS|TAMS 0x00000000a4a00000, 0x00000000a4a00000| Complete 
| 587|0x00000000a4b00000, 0x00000000a4c00000, 0x00000000a4c00000|100%| E|CS|TAMS 0x00000000a4b00000, 0x00000000a4b00000| Complete 
| 588|0x00000000a4c00000, 0x00000000a4d00000, 0x00000000a4d00000|100%| E|CS|TAMS 0x00000000a4c00000, 0x00000000a4c00000| Complete 
| 589|0x00000000a4d00000, 0x00000000a4e00000, 0x00000000a4e00000|100%| E|CS|TAMS 0x00000000a4d00000, 0x00000000a4d00000| Complete 
| 590|0x00000000a4e00000, 0x00000000a4f00000, 0x00000000a4f00000|100%| E|CS|TAMS 0x00000000a4e00000, 0x00000000a4e00000| Complete 
| 591|0x00000000a4f00000, 0x00000000a5000000, 0x00000000a5000000|100%| E|CS|TAMS 0x00000000a4f00000, 0x00000000a4f00000| Complete 
| 592|0x00000000a5000000, 0x00000000a5100000, 0x00000000a5100000|100%| E|CS|TAMS 0x00000000a5000000, 0x00000000a5000000| Complete 
| 593|0x00000000a5100000, 0x00000000a5200000, 0x00000000a5200000|100%| E|CS|TAMS 0x00000000a5100000, 0x00000000a5100000| Complete 
| 594|0x00000000a5200000, 0x00000000a5300000, 0x00000000a5300000|100%| E|CS|TAMS 0x00000000a5200000, 0x00000000a5200000| Complete 
| 595|0x00000000a5300000, 0x00000000a5400000, 0x00000000a5400000|100%| E|CS|TAMS 0x00000000a5300000, 0x00000000a5300000| Complete 
| 596|0x00000000a5400000, 0x00000000a5500000, 0x00000000a5500000|100%| E|CS|TAMS 0x00000000a5400000, 0x00000000a5400000| Complete 
| 597|0x00000000a5500000, 0x00000000a5600000, 0x00000000a5600000|100%| E|CS|TAMS 0x00000000a5500000, 0x00000000a5500000| Complete 
| 598|0x00000000a5600000, 0x00000000a5700000, 0x00000000a5700000|100%| E|CS|TAMS 0x00000000a5600000, 0x00000000a5600000| Complete 
| 599|0x00000000a5700000, 0x00000000a5800000, 0x00000000a5800000|100%| E|CS|TAMS 0x00000000a5700000, 0x00000000a5700000| Complete 
| 600|0x00000000a5800000, 0x00000000a5900000, 0x00000000a5900000|100%| E|CS|TAMS 0x00000000a5800000, 0x00000000a5800000| Complete 

Card table byte_map: [0x0000022c55a50000,0x0000022c55e50000] _byte_map_base: 0x0000022c55650000

Marking Bits (Prev, Next): (CMBitMap*) 0x0000022c3eaab250, (CMBitMap*) 0x0000022c3eaab210
 Prev Bits: [0x0000022c58250000, 0x0000022c5a250000)
 Next Bits: [0x0000022c56250000, 0x0000022c58250000)

Polling page: 0x0000022c3ca20000

Metaspace:

Usage:
  Non-class:    145.66 MB used.
      Class:     22.28 MB used.
       Both:    167.94 MB used.

Virtual space:
  Non-class space:      192.00 MB reserved,     146.88 MB ( 76%) committed,  3 nodes.
      Class space:      416.00 MB reserved,      23.25 MB (  6%) committed,  1 nodes.
             Both:      608.00 MB reserved,     170.12 MB ( 28%) committed. 

Chunk freelists:
   Non-Class:  12.61 MB
       Class:  8.74 MB
        Both:  21.35 MB

MaxMetaspaceSize: 512.00 MB
CompressedClassSpaceSize: 416.00 MB
Initial GC threshold: 21.00 MB
Current GC threshold: 183.12 MB
CDS: on
MetaspaceReclaimPolicy: balanced
 - commit_granule_bytes: 65536.
 - commit_granule_words: 8192.
 - virtual_space_node_default_size: 8388608.
 - enlarge_chunks_in_place: 1.
 - new_chunks_are_fully_committed: 0.
 - uncommit_free_chunks: 1.
 - use_allocation_guard: 0.
 - handle_deallocations: 1.


Internal statistics:

num_allocs_failed_limit: 9.
num_arena_births: 3026.
num_arena_deaths: 0.
num_vsnodes_births: 4.
num_vsnodes_deaths: 0.
num_space_committed: 2720.
num_space_uncommitted: 0.
num_chunks_returned_to_freelist: 9.
num_chunks_taken_from_freelist: 10848.
num_chunk_merges: 9.
num_chunk_splits: 6864.
num_chunks_enlarged: 4145.
num_inconsistent_stats: 0.

CodeHeap 'non-profiled nmethods': size=120000Kb used=24201Kb max_used=24201Kb free=95798Kb
 bounds [0x0000022c4dde0000, 0x0000022c4f590000, 0x0000022c55310000]
CodeHeap 'profiled nmethods': size=120000Kb used=58229Kb max_used=58229Kb free=61770Kb
 bounds [0x0000022c46310000, 0x0000022c49c00000, 0x0000022c4d840000]
CodeHeap 'non-nmethods': size=5760Kb used=2587Kb max_used=2674Kb free=3172Kb
 bounds [0x0000022c4d840000, 0x0000022c4daf0000, 0x0000022c4dde0000]
 total_blobs=28980 nmethods=27844 adapters=1046
 compilation: enabled
              stopped_count=0, restarted_count=0
 full_count=0

Compilation events (20 events):
Event: 116.346 Thread 0x0000022c5ccbc7a0 nmethod 34924 0x0000022c49bedd90 code [0x0000022c49bedf40, 0x0000022c49bee2c8]
Event: 116.346 Thread 0x0000022c5ccbc7a0 34925       3       com.sun.tools.javac.code.Type$UndetVar::dupTo (193 bytes)
Event: 116.347 Thread 0x0000022c5ccbc7a0 nmethod 34925 0x0000022c49bee410 code [0x0000022c49bee740, 0x0000022c49bf00e8]
Event: 116.358 Thread 0x0000022c5ccbc7a0 34927       3       com.sun.tools.javac.comp.Resolve$15::<init> (23 bytes)
Event: 116.359 Thread 0x0000022c5ccbc7a0 nmethod 34927 0x0000022c49bf0810 code [0x0000022c49bf09c0, 0x0000022c49bf0bc8]
Event: 116.360 Thread 0x0000022c0bc7d080 nmethod 34911 0x0000022c4f574b90 code [0x0000022c4f574d80, 0x0000022c4f576108]
Event: 116.360 Thread 0x0000022c0bc7d080 34919       4       com.sun.tools.javac.comp.Check::checkCompatibleConcretes (423 bytes)
Event: 116.364 Thread 0x0000022c5ccbb130 nmethod 34918 0x0000022c4f576810 code [0x0000022c4f576a40, 0x0000022c4f577540]
Event: 116.364 Thread 0x0000022c5ccbb130 34931       4       com.sun.tools.javac.tree.TreeTranslator::visitSelect (21 bytes)
Event: 116.366 Thread 0x0000022c5ccbb130 nmethod 34931 0x0000022c4f577e90 code [0x0000022c4f578020, 0x0000022c4f5782b8]
Event: 116.366 Thread 0x0000022c5ccbb130 34928       4       java.util.RegularEnumSet$EnumSetIterator::next (5 bytes)
Event: 116.367 Thread 0x0000022c5ccbb130 nmethod 34928 0x0000022c4f578410 code [0x0000022c4f578580, 0x0000022c4f578678]
Event: 116.367 Thread 0x0000022c5ccbb130 34929       4       java.util.RegularEnumSet$EnumSetIterator::next (60 bytes)
Event: 116.368 Thread 0x0000022c5ccbb130 nmethod 34929 0x0000022c4f578790 code [0x0000022c4f578900, 0x0000022c4f5789f8]
Event: 116.368 Thread 0x0000022c5ccbb130 34926       4       com.sun.tools.javac.code.DeferredCompletionFailureHandler::setHandler (43 bytes)
Event: 116.370 Thread 0x0000022c5ccbb130 nmethod 34926 0x0000022c4f578b10 code [0x0000022c4f578ca0, 0x0000022c4f578e58]
Event: 116.370 Thread 0x0000022c5ccbb130 34930       4       com.sun.tools.javac.tree.JCTree$JCTypeApply::accept (6 bytes)
Event: 116.371 Thread 0x0000022c5ccbb130 nmethod 34930 0x0000022c4f578f10 code [0x0000022c4f579080, 0x0000022c4f579118]
Event: 116.371 Thread 0x0000022c5ccbc7a0 34932   !   3       com.sun.tools.javac.api.ClientCodeWrapper$WrappedTaskListener::finished (27 bytes)
Event: 116.372 Thread 0x0000022c5ccbc7a0 nmethod 34932 0x0000022c49bf0c90 code [0x0000022c49bf0e40, 0x0000022c49bf1138]

GC Heap History (20 events):
Event: 70.735 GC heap before
{Heap before GC invocations=74 (full 0):
 garbage-first heap   total 615424K, used 505751K [0x0000000080000000, 0x0000000100000000)
  region size 1024K, 176 young (180224K), 11 survivors (11264K)
 Metaspace       used 143444K, committed 145344K, reserved 557056K
  class space    used 19150K, committed 20032K, reserved 425984K
}
Event: 70.751 GC heap after
{Heap after GC invocations=75 (full 0):
 garbage-first heap   total 615424K, used 344515K [0x0000000080000000, 0x0000000100000000)
  region size 1024K, 21 young (21504K), 21 survivors (21504K)
 Metaspace       used 143444K, committed 145344K, reserved 557056K
  class space    used 19150K, committed 20032K, reserved 425984K
}
Event: 74.014 GC heap before
{Heap before GC invocations=75 (full 0):
 garbage-first heap   total 615424K, used 507331K [0x0000000080000000, 0x0000000100000000)
  region size 1024K, 177 young (181248K), 21 survivors (21504K)
 Metaspace       used 149344K, committed 151360K, reserved 622592K
  class space    used 19869K, committed 20800K, reserved 425984K
}
Event: 74.038 GC heap after
{Heap after GC invocations=76 (full 0):
 garbage-first heap   total 615424K, used 361981K [0x0000000080000000, 0x0000000100000000)
  region size 1024K, 21 young (21504K), 21 survivors (21504K)
 Metaspace       used 149344K, committed 151360K, reserved 622592K
  class space    used 19869K, committed 20800K, reserved 425984K
}
Event: 79.872 GC heap before
{Heap before GC invocations=76 (full 0):
 garbage-first heap   total 615424K, used 513533K [0x0000000080000000, 0x0000000100000000)
  region size 1024K, 160 young (163840K), 21 survivors (21504K)
 Metaspace       used 150449K, committed 152512K, reserved 622592K
  class space    used 19915K, committed 20864K, reserved 425984K
}
Event: 79.884 GC heap after
{Heap after GC invocations=77 (full 0):
 garbage-first heap   total 615424K, used 366113K [0x0000000080000000, 0x0000000100000000)
  region size 1024K, 12 young (12288K), 12 survivors (12288K)
 Metaspace       used 150449K, committed 152512K, reserved 622592K
  class space    used 19915K, committed 20864K, reserved 425984K
}
Event: 83.878 GC heap before
{Heap before GC invocations=77 (full 0):
 garbage-first heap   total 615424K, used 507425K [0x0000000080000000, 0x0000000100000000)
  region size 1024K, 149 young (152576K), 12 survivors (12288K)
 Metaspace       used 151294K, committed 153280K, reserved 622592K
  class space    used 19947K, committed 20864K, reserved 425984K
}
Event: 83.895 GC heap after
{Heap after GC invocations=78 (full 0):
 garbage-first heap   total 615424K, used 381398K [0x0000000080000000, 0x0000000100000000)
  region size 1024K, 19 young (19456K), 19 survivors (19456K)
 Metaspace       used 151294K, committed 153280K, reserved 622592K
  class space    used 19947K, committed 20864K, reserved 425984K
}
Event: 89.166 GC heap before
{Heap before GC invocations=78 (full 0):
 garbage-first heap   total 615424K, used 507350K [0x0000000080000000, 0x0000000100000000)
  region size 1024K, 142 young (145408K), 19 survivors (19456K)
 Metaspace       used 151877K, committed 153920K, reserved 622592K
  class space    used 19979K, committed 20928K, reserved 425984K
}
Event: 89.182 GC heap after
{Heap after GC invocations=79 (full 0):
 garbage-first heap   total 615424K, used 387337K [0x0000000080000000, 0x0000000100000000)
  region size 1024K, 7 young (7168K), 7 survivors (7168K)
 Metaspace       used 151877K, committed 153920K, reserved 622592K
  class space    used 19979K, committed 20928K, reserved 425984K
}
Event: 96.110 GC heap before
{Heap before GC invocations=79 (full 0):
 garbage-first heap   total 615424K, used 525577K [0x0000000080000000, 0x0000000100000000)
  region size 1024K, 131 young (134144K), 7 survivors (7168K)
 Metaspace       used 152585K, committed 154688K, reserved 622592K
  class space    used 20030K, committed 20992K, reserved 425984K
}
Event: 96.122 GC heap after
{Heap after GC invocations=80 (full 0):
 garbage-first heap   total 615424K, used 403910K [0x0000000080000000, 0x0000000100000000)
  region size 1024K, 17 young (17408K), 17 survivors (17408K)
 Metaspace       used 152585K, committed 154688K, reserved 622592K
  class space    used 20030K, committed 20992K, reserved 425984K
}
Event: 101.248 GC heap before
{Heap before GC invocations=80 (full 0):
 garbage-first heap   total 615424K, used 520646K [0x0000000080000000, 0x0000000100000000)
  region size 1024K, 126 young (129024K), 17 survivors (17408K)
 Metaspace       used 153099K, committed 155200K, reserved 622592K
  class space    used 20062K, committed 20992K, reserved 425984K
}
Event: 101.262 GC heap after
{Heap after GC invocations=81 (full 0):
 garbage-first heap   total 615424K, used 410841K [0x0000000080000000, 0x0000000100000000)
  region size 1024K, 13 young (13312K), 13 survivors (13312K)
 Metaspace       used 153099K, committed 155200K, reserved 622592K
  class space    used 20062K, committed 20992K, reserved 425984K
}
Event: 107.324 GC heap before
{Heap before GC invocations=81 (full 0):
 garbage-first heap   total 615424K, used 519385K [0x0000000080000000, 0x0000000100000000)
  region size 1024K, 116 young (118784K), 13 survivors (13312K)
 Metaspace       used 155560K, committed 157696K, reserved 622592K
  class space    used 20403K, committed 21376K, reserved 425984K
}
Event: 107.333 GC heap after
{Heap after GC invocations=82 (full 0):
 garbage-first heap   total 615424K, used 408000K [0x0000000080000000, 0x0000000100000000)
  region size 1024K, 7 young (7168K), 7 survivors (7168K)
 Metaspace       used 155560K, committed 157696K, reserved 622592K
  class space    used 20403K, committed 21376K, reserved 425984K
}
Event: 110.533 GC heap before
{Heap before GC invocations=82 (full 0):
 garbage-first heap   total 615424K, used 517568K [0x0000000080000000, 0x0000000100000000)
  region size 1024K, 115 young (117760K), 7 survivors (7168K)
 Metaspace       used 166579K, committed 168768K, reserved 622592K
  class space    used 22173K, committed 23168K, reserved 425984K
}
Event: 110.543 GC heap after
{Heap after GC invocations=83 (full 0):
 garbage-first heap   total 615424K, used 412171K [0x0000000080000000, 0x0000000100000000)
  region size 1024K, 11 young (11264K), 11 survivors (11264K)
 Metaspace       used 166579K, committed 168768K, reserved 622592K
  class space    used 22173K, committed 23168K, reserved 425984K
}
Event: 113.066 GC heap before
{Heap before GC invocations=83 (full 0):
 garbage-first heap   total 615424K, used 525835K [0x0000000080000000, 0x0000000100000000)
  region size 1024K, 120 young (122880K), 11 survivors (11264K)
 Metaspace       used 170699K, committed 172864K, reserved 622592K
  class space    used 22696K, committed 23680K, reserved 425984K
}
Event: 113.078 GC heap after
{Heap after GC invocations=84 (full 0):
 garbage-first heap   total 615424K, used 411849K [0x0000000080000000, 0x0000000100000000)
  region size 1024K, 5 young (5120K), 5 survivors (5120K)
 Metaspace       used 170699K, committed 172864K, reserved 622592K
  class space    used 22696K, committed 23680K, reserved 425984K
}

Deoptimization events (20 events):
Event: 114.888 Thread 0x0000022c7d726020 Uncommon trap: trap_request=0xffffff45 fr.pc=0x0000022c4f4ad2c4 relative=0x00000000000002a4
Event: 114.889 Thread 0x0000022c7d726020 Uncommon trap: reason=unstable_if action=reinterpret pc=0x0000022c4f4ad2c4 method=com.android.tools.r8.graph.I2.a(Lcom/android/tools/r8/graph/I2;)I @ 60 c2
Event: 114.889 Thread 0x0000022c7d726020 DEOPT PACKING pc=0x0000022c4f4ad2c4 sp=0x0000006227df9da0
Event: 114.903 Thread 0x0000022c7d726020 DEOPT UNPACKING pc=0x0000022c4d8923a3 sp=0x0000006227df9d18 mode 2
Event: 114.909 Thread 0x0000022c7d726020 Uncommon trap: trap_request=0xffffff45 fr.pc=0x0000022c4f544db4 relative=0x0000000000000314
Event: 114.909 Thread 0x0000022c7d726020 Uncommon trap: reason=unstable_if action=reinterpret pc=0x0000022c4f544db4 method=com.android.tools.r8.graph.I2.a(Lcom/android/tools/r8/graph/I2;)I @ 83 c2
Event: 114.909 Thread 0x0000022c7d726020 DEOPT PACKING pc=0x0000022c4f544db4 sp=0x0000006227df9de0
Event: 114.909 Thread 0x0000022c7d726020 DEOPT UNPACKING pc=0x0000022c4d8923a3 sp=0x0000006227df9ce8 mode 2
Event: 115.114 Thread 0x0000022c7d726020 Uncommon trap: trap_request=0xffffffc6 fr.pc=0x0000022c4f3beff4 relative=0x0000000000000eb4
Event: 115.114 Thread 0x0000022c7d726020 Uncommon trap: reason=bimorphic_or_optimized_type_check action=maybe_recompile pc=0x0000022c4f3beff4 method=org.gradle.internal.execution.steps.IdentityCacheStep.lambda$emitExecuteDeferredProgressDetails$2(Lorg/gradle/internal/execution/UnitOfWork;Lorg/gr
Event: 115.114 Thread 0x0000022c7d726020 DEOPT PACKING pc=0x0000022c4f3beff4 sp=0x0000006227dfddc0
Event: 115.114 Thread 0x0000022c7d726020 DEOPT UNPACKING pc=0x0000022c4d8923a3 sp=0x0000006227dfdd20 mode 2
Event: 115.144 Thread 0x0000022c7d7250f0 Uncommon trap: trap_request=0xffffffc6 fr.pc=0x0000022c4f3beff4 relative=0x0000000000000eb4
Event: 115.144 Thread 0x0000022c7d7250f0 Uncommon trap: reason=bimorphic_or_optimized_type_check action=maybe_recompile pc=0x0000022c4f3beff4 method=org.gradle.internal.execution.steps.IdentityCacheStep.lambda$emitExecuteDeferredProgressDetails$2(Lorg/gradle/internal/execution/UnitOfWork;Lorg/gr
Event: 115.144 Thread 0x0000022c7d7250f0 DEOPT PACKING pc=0x0000022c4f3beff4 sp=0x0000006227afe310
Event: 115.144 Thread 0x0000022c7d7250f0 DEOPT UNPACKING pc=0x0000022c4d8923a3 sp=0x0000006227afe270 mode 2
Event: 115.402 Thread 0x0000022c7d7241c0 DEOPT PACKING pc=0x0000022c46a52b3f sp=0x00000062279f9e10
Event: 115.402 Thread 0x0000022c7d7241c0 DEOPT UNPACKING pc=0x0000022c4d892b43 sp=0x00000062279f92b8 mode 0
Event: 116.333 Thread 0x0000022c7d7241c0 DEOPT PACKING pc=0x0000022c48bcfdec sp=0x00000062279f9460
Event: 116.333 Thread 0x0000022c7d7241c0 DEOPT UNPACKING pc=0x0000022c4d892b43 sp=0x00000062279f8980 mode 0

Classes unloaded (0 events):
No events

Classes redefined (0 events):
No events

Internal exceptions (20 events):
Event: 116.312 Thread 0x0000022c7d7241c0 Exception <a 'sun/nio/fs/WindowsException'{0x00000000a02a03e0}> (0x00000000a02a03e0) 
thrown [s\open\src\hotspot\share\prims\jni.cpp, line 516]
Event: 116.312 Thread 0x0000022c7d7241c0 Exception <a 'sun/nio/fs/WindowsException'{0x00000000a02a1680}> (0x00000000a02a1680) 
thrown [s\open\src\hotspot\share\prims\jni.cpp, line 516]
Event: 116.321 Thread 0x0000022c7d7241c0 Exception <a 'sun/nio/fs/WindowsException'{0x00000000a02a26e0}> (0x00000000a02a26e0) 
thrown [s\open\src\hotspot\share\prims\jni.cpp, line 516]
Event: 116.322 Thread 0x0000022c7d7241c0 Exception <a 'sun/nio/fs/WindowsException'{0x00000000a02a3980}> (0x00000000a02a3980) 
thrown [s\open\src\hotspot\share\prims\jni.cpp, line 516]
Event: 116.322 Thread 0x0000022c7d7241c0 Exception <a 'sun/nio/fs/WindowsException'{0x00000000a02a3e20}> (0x00000000a02a3e20) 
thrown [s\open\src\hotspot\share\prims\jni.cpp, line 516]
Event: 116.322 Thread 0x0000022c7d7241c0 Exception <a 'sun/nio/fs/WindowsException'{0x00000000a02a60c8}> (0x00000000a02a60c8) 
thrown [s\open\src\hotspot\share\prims\jni.cpp, line 516]
Event: 116.322 Thread 0x0000022c7d7241c0 Exception <a 'sun/nio/fs/WindowsException'{0x00000000a02a6548}> (0x00000000a02a6548) 
thrown [s\open\src\hotspot\share\prims\jni.cpp, line 516]
Event: 116.323 Thread 0x0000022c7d7241c0 Exception <a 'sun/nio/fs/WindowsException'{0x00000000a02a87d8}> (0x00000000a02a87d8) 
thrown [s\open\src\hotspot\share\prims\jni.cpp, line 516]
Event: 116.323 Thread 0x0000022c7d7241c0 Exception <a 'sun/nio/fs/WindowsException'{0x00000000a02a8c20}> (0x00000000a02a8c20) 
thrown [s\open\src\hotspot\share\prims\jni.cpp, line 516]
Event: 116.323 Thread 0x0000022c7d7241c0 Exception <a 'sun/nio/fs/WindowsException'{0x00000000a02aaea0}> (0x00000000a02aaea0) 
thrown [s\open\src\hotspot\share\prims\jni.cpp, line 516]
Event: 116.331 Thread 0x0000022c7d7241c0 Exception <a 'sun/nio/fs/WindowsException'{0x00000000a02b4c80}> (0x00000000a02b4c80) 
thrown [s\open\src\hotspot\share\prims\jni.cpp, line 516]
Event: 116.335 Thread 0x0000022c7d7241c0 Exception <a 'sun/nio/fs/WindowsException'{0x00000000a02f7c18}> (0x00000000a02f7c18) 
thrown [s\open\src\hotspot\share\prims\jni.cpp, line 516]
Event: 116.338 Thread 0x0000022c7d7241c0 Exception <a 'sun/nio/fs/WindowsException'{0x00000000a01024a0}> (0x00000000a01024a0) 
thrown [s\open\src\hotspot\share\prims\jni.cpp, line 516]
Event: 116.365 Thread 0x0000022c7d7241c0 Exception <a 'sun/nio/fs/WindowsException'{0x00000000a01e2390}> (0x00000000a01e2390) 
thrown [s\open\src\hotspot\share\prims\jni.cpp, line 516]
Event: 116.365 Thread 0x0000022c7d7241c0 Exception <a 'sun/nio/fs/WindowsException'{0x00000000a01e3630}> (0x00000000a01e3630) 
thrown [s\open\src\hotspot\share\prims\jni.cpp, line 516]
Event: 116.365 Thread 0x0000022c7d7241c0 Exception <a 'sun/nio/fs/WindowsException'{0x00000000a01e4690}> (0x00000000a01e4690) 
thrown [s\open\src\hotspot\share\prims\jni.cpp, line 516]
Event: 116.366 Thread 0x0000022c7d7241c0 Exception <a 'sun/nio/fs/WindowsException'{0x00000000a01e5920}> (0x00000000a01e5920) 
thrown [s\open\src\hotspot\share\prims\jni.cpp, line 516]
Event: 116.366 Thread 0x0000022c7d7241c0 Exception <a 'sun/nio/fs/WindowsException'{0x00000000a01e5da0}> (0x00000000a01e5da0) 
thrown [s\open\src\hotspot\share\prims\jni.cpp, line 516]
Event: 116.366 Thread 0x0000022c7d7241c0 Exception <a 'sun/nio/fs/WindowsException'{0x00000000a01e82a0}> (0x00000000a01e82a0) 
thrown [s\open\src\hotspot\share\prims\jni.cpp, line 516]
Event: 116.370 Thread 0x0000022c7d7241c0 Exception <a 'sun/nio/fs/WindowsException'{0x00000000a01fc080}> (0x00000000a01fc080) 
thrown [s\open\src\hotspot\share\prims\jni.cpp, line 516]

VM Operations (20 events):
Event: 112.917 Executing VM operation: HandshakeAllThreads
Event: 112.919 Executing VM operation: HandshakeAllThreads done
Event: 112.956 Executing VM operation: G1CollectForAllocation
Event: 113.143 Executing VM operation: G1CollectForAllocation done
Event: 113.436 Executing VM operation: ICBufferFull
Event: 113.444 Executing VM operation: ICBufferFull done
Event: 113.563 Executing VM operation: HandshakeAllThreads
Event: 113.564 Executing VM operation: HandshakeAllThreads done
Event: 113.939 Executing VM operation: HandshakeAllThreads
Event: 113.947 Executing VM operation: HandshakeAllThreads done
Event: 114.099 Executing VM operation: ICBufferFull
Event: 114.155 Executing VM operation: ICBufferFull done
Event: 114.220 Executing VM operation: HandshakeAllThreads
Event: 114.221 Executing VM operation: HandshakeAllThreads done
Event: 114.699 Executing VM operation: HandshakeAllThreads
Event: 114.699 Executing VM operation: HandshakeAllThreads done
Event: 114.872 Executing VM operation: ICBufferFull
Event: 114.872 Executing VM operation: ICBufferFull done
Event: 116.169 Executing VM operation: ICBufferFull
Event: 116.169 Executing VM operation: ICBufferFull done

Events (20 events):
Event: 110.426 loading class java/util/SortedSet$1
Event: 110.427 loading class java/util/SortedSet$1 done
Event: 110.432 loading class java/util/stream/SliceOps
Event: 110.433 loading class java/util/stream/SliceOps done
Event: 110.433 loading class java/util/stream/SliceOps$1
Event: 110.433 loading class java/util/stream/SliceOps$1 done
Event: 110.434 loading class java/util/stream/SliceOps$1$1
Event: 110.436 loading class java/util/stream/SliceOps$1$1 done
Event: 110.573 Thread 0x0000022c0bc7d080 Thread added: 0x0000022c0bc7d080
Event: 110.573 Thread 0x0000022c0bc82580 Thread added: 0x0000022c0bc82580
Event: 112.635 loading class java/nio/ShortBuffer
Event: 112.636 loading class java/nio/ShortBuffer done
Event: 112.710 loading class java/nio/ByteBufferAsShortBufferL
Event: 112.710 loading class java/nio/ByteBufferAsShortBufferL done
Event: 112.774 loading class java/util/zip/Adler32
Event: 112.774 loading class java/util/zip/Adler32 done
Event: 113.976 Thread 0x0000022c5ccc6020 flushing nmethod 0x0000022c47435890
Event: 115.296 Thread 0x0000022c0bc82580 Thread exited: 0x0000022c0bc82580
Event: 115.297 Thread 0x0000022c0bc7d080 Thread exited: 0x0000022c0bc7d080
Event: 116.214 Thread 0x0000022c0bc7d080 Thread added: 0x0000022c0bc7d080


Dynamic libraries:
0x00007ff741a30000 - 0x00007ff741a40000 	C:\Program Files\Java\jdk-17\bin\java.exe
0x00007ff85e9f0000 - 0x00007ff85ebe8000 	C:\Windows\SYSTEM32\ntdll.dll
0x00007ff85d9e0000 - 0x00007ff85daa2000 	C:\Windows\System32\KERNEL32.DLL
0x00007ff85c1e0000 - 0x00007ff85c4d6000 	C:\Windows\System32\KERNELBASE.dll
0x00007ff85c750000 - 0x00007ff85c850000 	C:\Windows\System32\ucrtbase.dll
0x00007ff83c6f0000 - 0x00007ff83c709000 	C:\Program Files\Java\jdk-17\bin\jli.dll
0x00007ff83c860000 - 0x00007ff83c87b000 	C:\Program Files\Java\jdk-17\bin\VCRUNTIME140.dll
0x00007ff85cc30000 - 0x00007ff85cce1000 	C:\Windows\System32\ADVAPI32.dll
0x00007ff85ccf0000 - 0x00007ff85cd8e000 	C:\Windows\System32\msvcrt.dll
0x00007ff85cb90000 - 0x00007ff85cc2f000 	C:\Windows\System32\sechost.dll
0x00007ff85d780000 - 0x00007ff85d8a0000 	C:\Windows\System32\RPCRT4.dll
0x00007ff85c6f0000 - 0x00007ff85c717000 	C:\Windows\System32\bcrypt.dll
0x00007ff85cdc0000 - 0x00007ff85cf61000 	C:\Windows\System32\USER32.dll
0x00007ff85c720000 - 0x00007ff85c742000 	C:\Windows\System32\win32u.dll
0x00007ff84eea0000 - 0x00007ff84f13b000 	C:\Windows\WinSxS\amd64_microsoft.windows.common-controls_6595b64144ccf1df_6.0.19041.6456_none_60b8a6cb71f64256\COMCTL32.dll
0x00007ff85cd90000 - 0x00007ff85cdbb000 	C:\Windows\System32\GDI32.dll
0x00007ff85c850000 - 0x00007ff85c969000 	C:\Windows\System32\gdi32full.dll
0x00007ff85c970000 - 0x00007ff85ca0d000 	C:\Windows\System32\msvcp_win.dll
0x00007ff854bf0000 - 0x00007ff854bfa000 	C:\Windows\SYSTEM32\VERSION.dll
0x00007ff85d750000 - 0x00007ff85d77f000 	C:\Windows\System32\IMM32.DLL
0x00007ff851a90000 - 0x00007ff851a9c000 	C:\Program Files\Java\jdk-17\bin\vcruntime140_1.dll
0x00007ff82f6b0000 - 0x00007ff82f73e000 	C:\Program Files\Java\jdk-17\bin\msvcp140.dll
0x00007ff822900000 - 0x00007ff8234e0000 	C:\Program Files\Java\jdk-17\bin\server\jvm.dll
0x00007ff85d900000 - 0x00007ff85d908000 	C:\Windows\System32\PSAPI.DLL
0x00007ff851cf0000 - 0x00007ff851cf9000 	C:\Windows\SYSTEM32\WSOCK32.dll
0x00007ff853460000 - 0x00007ff853487000 	C:\Windows\SYSTEM32\WINMM.dll
0x00007ff85d970000 - 0x00007ff85d9db000 	C:\Windows\System32\WS2_32.dll
0x00007ff859ed0000 - 0x00007ff859ee2000 	C:\Windows\SYSTEM32\kernel.appcore.dll
0x00007ff8492c0000 - 0x00007ff8492ca000 	C:\Program Files\Java\jdk-17\bin\jimage.dll
0x00007ff84f980000 - 0x00007ff84fb81000 	C:\Windows\SYSTEM32\DBGHELP.DLL
0x00007ff84ed80000 - 0x00007ff84edb4000 	C:\Windows\SYSTEM32\dbgcore.DLL
0x00007ff85c4e0000 - 0x00007ff85c562000 	C:\Windows\System32\bcryptPrimitives.dll
0x00007ff847410000 - 0x00007ff84741e000 	C:\Program Files\Java\jdk-17\bin\instrument.dll
0x00007ff82f7b0000 - 0x00007ff82f7d5000 	C:\Program Files\Java\jdk-17\bin\java.dll
0x00007ff82ba80000 - 0x00007ff82bb57000 	C:\Program Files\Java\jdk-17\bin\jsvml.dll
0x00007ff85dab0000 - 0x00007ff85e220000 	C:\Windows\System32\SHELL32.dll
0x00007ff85a0d0000 - 0x00007ff85a875000 	C:\Windows\SYSTEM32\windows.storage.dll
0x00007ff85d3e0000 - 0x00007ff85d734000 	C:\Windows\System32\combase.dll
0x00007ff85b8f0000 - 0x00007ff85b91b000 	C:\Windows\SYSTEM32\Wldp.dll
0x00007ff85cac0000 - 0x00007ff85cb8d000 	C:\Windows\System32\OLEAUT32.dll
0x00007ff85e850000 - 0x00007ff85e8fd000 	C:\Windows\System32\SHCORE.dll
0x00007ff85e220000 - 0x00007ff85e27b000 	C:\Windows\System32\shlwapi.dll
0x00007ff85bfb0000 - 0x00007ff85bfd4000 	C:\Windows\SYSTEM32\profapi.dll
0x00007ff838330000 - 0x00007ff838348000 	C:\Program Files\Java\jdk-17\bin\zip.dll
0x00007ff8397d0000 - 0x00007ff8397e9000 	C:\Program Files\Java\jdk-17\bin\net.dll
0x00007ff855f80000 - 0x00007ff85608a000 	C:\Windows\SYSTEM32\WINHTTP.dll
0x00007ff85b6d0000 - 0x00007ff85b73a000 	C:\Windows\system32\mswsock.dll
0x00007ff8385e0000 - 0x00007ff8385f6000 	C:\Program Files\Java\jdk-17\bin\nio.dll
0x00007ff8491a0000 - 0x00007ff8491b0000 	C:\Program Files\Java\jdk-17\bin\verify.dll
0x00007ff830640000 - 0x00007ff830667000 	C:\Users\Hamza tabani\.gradle\native\1def1411415f61bf3af743bc5b6707747c0891f09f0c88961ee8f79bc544acac\windows-amd64\native-platform.dll
0x00007ff82ba00000 - 0x00007ff82ba78000 	C:\Users\Hamza tabani\.gradle\native\0.2.7\x86_64-windows-gnu\gradle-fileevents.dll
0x00007ff847c30000 - 0x00007ff847c3a000 	C:\Program Files\Java\jdk-17\bin\management.dll
0x00007ff847c10000 - 0x00007ff847c1b000 	C:\Program Files\Java\jdk-17\bin\management_ext.dll
0x00007ff85b3d0000 - 0x00007ff85b40b000 	C:\Windows\SYSTEM32\IPHLPAPI.DLL
0x00007ff85e840000 - 0x00007ff85e848000 	C:\Windows\System32\NSI.dll
0x00007ff856820000 - 0x00007ff856837000 	C:\Windows\SYSTEM32\dhcpcsvc6.DLL
0x00007ff856800000 - 0x00007ff85681d000 	C:\Windows\SYSTEM32\dhcpcsvc.DLL
0x00007ff85b410000 - 0x00007ff85b4da000 	C:\Windows\SYSTEM32\DNSAPI.dll
0x00007ff85b930000 - 0x00007ff85b948000 	C:\Windows\SYSTEM32\CRYPTSP.dll
0x00007ff85b010000 - 0x00007ff85b048000 	C:\Windows\system32\rsaenh.dll
0x00007ff85bf30000 - 0x00007ff85bf5e000 	C:\Windows\SYSTEM32\USERENV.dll
0x00007ff85b860000 - 0x00007ff85b86c000 	C:\Windows\SYSTEM32\CRYPTBASE.dll
0x00007ff847240000 - 0x00007ff84724e000 	C:\Program Files\Java\jdk-17\bin\sunmscapi.dll
0x00007ff85c080000 - 0x00007ff85c1dd000 	C:\Windows\System32\CRYPT32.dll
0x00007ff85ba40000 - 0x00007ff85ba67000 	C:\Windows\SYSTEM32\ncrypt.dll
0x00007ff85ba00000 - 0x00007ff85ba3b000 	C:\Windows\SYSTEM32\NTASN1.dll
0x00007ff83a880000 - 0x00007ff83a887000 	C:\Windows\system32\wshunix.dll
0x00007ff851750000 - 0x00007ff85175a000 	C:\Windows\System32\rasadhlp.dll
0x00007ff855af0000 - 0x00007ff855b70000 	C:\Windows\System32\fwpuclnt.dll
0x00007ff84d6e0000 - 0x00007ff84d6f7000 	C:\Windows\system32\napinsp.dll
0x00007ff84cea0000 - 0x00007ff84cebb000 	C:\Windows\system32\pnrpnsp.dll
0x00007ff84ca50000 - 0x00007ff84ca6d000 	C:\Windows\system32\wshbth.dll
0x00007ff859210000 - 0x00007ff85922d000 	C:\Windows\system32\NLAapi.dll
0x00007ff84ca30000 - 0x00007ff84ca42000 	C:\Windows\System32\winrnr.dll
0x00007ff85b260000 - 0x00007ff85b293000 	C:\Windows\SYSTEM32\ntmarta.dll
0x00007ff846b60000 - 0x00007ff846b67000 	C:\Program Files\Java\jdk-17\bin\rmi.dll

dbghelp: loaded successfully - version: 4.0.5 - missing functions: none
symbol engine: initialized successfully - sym options: 0x614 - pdb path: .;C:\Program Files\Java\jdk-17\bin;C:\Windows\SYSTEM32;C:\Windows\WinSxS\amd64_microsoft.windows.common-controls_6595b64144ccf1df_6.0.19041.6456_none_60b8a6cb71f64256;C:\Program Files\Java\jdk-17\bin\server;C:\Users\Hamza tabani\.gradle\native\1def1411415f61bf3af743bc5b6707747c0891f09f0c88961ee8f79bc544acac\windows-amd64;C:\Users\Hamza tabani\.gradle\native\0.2.7\x86_64-windows-gnu

VM Arguments:
jvm_args: --add-opens=java.base/java.lang=ALL-UNNAMED --add-opens=java.base/java.lang.invoke=ALL-UNNAMED --add-opens=java.base/java.util=ALL-UNNAMED --add-opens=java.prefs/java.util.prefs=ALL-UNNAMED --add-exports=jdk.compiler/com.sun.tools.javac.api=ALL-UNNAMED --add-exports=jdk.compiler/com.sun.tools.javac.util=ALL-UNNAMED --add-opens=java.base/java.util=ALL-UNNAMED --add-opens=java.prefs/java.util.prefs=ALL-UNNAMED --add-opens=java.base/java.nio.charset=ALL-UNNAMED --add-opens=java.base/java.net=ALL-UNNAMED --add-opens=java.base/java.util.concurrent.atomic=ALL-UNNAMED --add-opens=java.xml/javax.xml.namespace=ALL-UNNAMED -XX:MaxMetaspaceSize=512m -Xmx2048m -Dfile.encoding=windows-1252 -Duser.country=US -Duser.language=en -Duser.variant -javaagent:C:\Users\Hamza tabani\.gradle\wrapper\dists\gradle-8.13-bin\5xuhj0ry160q40clulazy9h7d\gradle-8.13\lib\agents\gradle-instrumentation-agent-8.13.jar 
java_command: org.gradle.launcher.daemon.bootstrap.GradleDaemon 8.13
java_class_path (initial): C:\Users\Hamza tabani\.gradle\wrapper\dists\gradle-8.13-bin\5xuhj0ry160q40clulazy9h7d\gradle-8.13\lib\gradle-daemon-main-8.13.jar
Launcher Type: SUN_STANDARD

[Global flags]
     intx CICompilerCount                          = 4                                         {product} {ergonomic}
   size_t CompressedClassSpaceSize                 = 436207616                                 {product} {ergonomic}
     uint ConcGCThreads                            = 2                                         {product} {ergonomic}
     uint G1ConcRefinementThreads                  = 8                                         {product} {ergonomic}
   size_t G1HeapRegionSize                         = 1048576                                   {product} {ergonomic}
    uintx GCDrainStackTargetSize                   = 64                                        {product} {ergonomic}
   size_t InitialHeapSize                          = 268435456                                 {product} {ergonomic}
   size_t MarkStackSize                            = 4194304                                   {product} {ergonomic}
   size_t MaxHeapSize                              = 2147483648                                {product} {command line}
   size_t MaxMetaspaceSize                         = 536870912                                 {product} {command line}
   size_t MaxNewSize                               = 1287651328                                {product} {ergonomic}
   size_t MinHeapDeltaBytes                        = 1048576                                   {product} {ergonomic}
   size_t MinHeapSize                              = 8388608                                   {product} {ergonomic}
    uintx NonNMethodCodeHeapSize                   = 5839372                                {pd product} {ergonomic}
    uintx NonProfiledCodeHeapSize                  = 122909434                              {pd product} {ergonomic}
    uintx ProfiledCodeHeapSize                     = 122909434                              {pd product} {ergonomic}
    uintx ReservedCodeCacheSize                    = 251658240                              {pd product} {ergonomic}
     bool SegmentedCodeCache                       = true                                      {product} {ergonomic}
   size_t SoftMaxHeapSize                          = 2147483648                             {manageable} {ergonomic}
     bool UseCompressedClassPointers               = true                           {product lp64_product} {ergonomic}
     bool UseCompressedOops                        = true                           {product lp64_product} {ergonomic}
     bool UseG1GC                                  = true                                      {product} {ergonomic}
     bool UseLargePagesIndividualAllocation        = false                                  {pd product} {ergonomic}

Logging:
Log output configuration:
 #0: stdout all=warning uptime,level,tags
 #1: stderr all=off uptime,level,tags

Environment Variables:
JAVA_HOME=C:\Program Files\Java\jdk-17
CLASSPATH=D:\PostUp\android\\gradle\wrapper\gradle-wrapper.jar
PATH=D:\PostUp\node_modules\.bin;D:\node_modules\.bin;C:\Users\Hamza tabani\AppData\Roaming\npm\node_modules\npm\node_modules\@npmcli\run-script\lib\node-gyp-bin;c:\Users\Hamza tabani\AppData\Roaming\Code\User\globalStorage\github.copilot-chat\debugCommand;c:\Users\Hamza tabani\AppData\Roaming\Code\User\globalStorage\github.copilot-chat\copilotCli;C:\Program Files\Common Files\Oracle\Java\javapath;C:\Windows\system32;C:\Windows;C:\Windows\System32\Wbem;C:\Windows\System32\WindowsPowerShell\v1.0\;C:\Windows\System32\OpenSSH\;C:\ProgramData\chocolatey\bin;C:\Program Files\nodejs\;C:\Users\Hamza tabani\AppData\Local\Android\Sdk\platform-tools;C:\Program Files\OpenJDK\jdk-20.0.2\bin;C:\Program Files (x86)\ATI Technologies\ATI.ACE\Core-Static;C:\Program Files\MongoDB\mongosh-2.3.1-win32-x64\bin;C:\Program Files\dotnet\;C:\Program Files\Microsoft SQL Server\150\Tools\Binn\;C:\Program Files\Microsoft SQL Server\Client SDK\ODBC\170\Tools\Binn\;C:\Users\Hamza tabani\AppData\Local\Android\Sdk\tools;C:\Users\Hamza tabani\AppData\Local\Microsoft\WindowsApps;C:\Users\Hamza tabani\AppData\Local\Programs\Git\cmd;C:\Users\Hamza tabani\AppData\Roaming\npm;C:\Users\Hamza tabani\AppData\Local\Programs\Microsoft VS Code\bin;c:\Users\Hamza tabani\.vscode\extensions\vscjava.vscode-java-debug-0.58.3\bundled\scripts\noConfigScripts
USERNAME=Hamza tabani
LANG=en_US.UTF-8
OS=Windows_NT
PROCESSOR_IDENTIFIER=Intel64 Family 6 Model 60 Stepping 3, GenuineIntel



---------------  S Y S T E M  ---------------

OS:
 Windows 10 , 64 bit Build 19041 (10.0.19041.5915)
OS uptime: 1 days 1:44 hours
Hyper-V role detected

CPU: total 8 (initial active 8) (4 cores per cpu, 2 threads per core) family 6 model 60 stepping 3 microcode 0x27, cx8, cmov, fxsr, ht, mmx, sse, sse2, sse3, ssse3, sse4.1, sse4.2, popcnt, lzcnt, tsc, tscinvbit, avx, avx2, erms, clmul, bmi1, bmi2, fma, vzeroupper, clflush, hv

Memory: 4k page, system-wide physical 16321M (750M free)
TotalPageFile size 26858M (AvailPageFile size 3613M)
current process WorkingSet (physical memory assigned to process): 1101M, peak: 1108M
current process commit charge ("private bytes"): 1154M, peak: 1163M

vm_info: Java HotSpot(TM) 64-Bit Server VM (17.0.12+8-LTS-286) for windows-amd64 JRE (17.0.12+8-LTS-286), built on Jun  5 2024 06:46:59 by "mach5one" with MS VC++ 17.6 (VS2022)

END.
